customer,state,gender,education,customer_lifetime_value,income,monthly_premium_auto,number_of_open_complaints,policy_type,vehicle_class,total_claim_amount
RB50392,Washington,F,Master,0,0,1000,0,Personal Auto,Four-Door Car,2
QZ44356,Arizona,F,Bachelor,0,0,94,0,Personal Auto,Four-Door Car,1131
AI49188,Nevada,F,Bachelor,0,48767,108,0,Personal Auto,Two-Door Car,566
WW63253,California,M,Bachelor,0,0,106,0,Corporate Auto,SUV,529
GA49547,Washington,M,High School or Below,0,36357,68,0,Personal Auto,Four-Door Car,17
OC83172,Oregon,F,Bachelor,0,62902,69,0,Personal Auto,Two-Door Car,159
XZ87318,Oregon,F,College,0,55350,67,0,Corporate Auto,Four-Door Car,321
CF85061,Arizona,M,Master,0,0,101,0,Corporate Auto,Four-Door Car,363
DY87989,Oregon,M,Bachelor,0,14072,71,0,Corporate Auto,Four-Door Car,511
BQ94931,Oregon,F,College,0,28812,93,0,Special Auto,Four-Door Car,425
SX51350,California,M,College,0,0,67,0,Personal Auto,Four-Door Car,482
VQ65197,California,F,College,0,0,110,0,Personal Auto,SUV,528
DP39365,California,F,Master,0,77026,110,0,Corporate Auto,Four-Door Car,472
SJ95423,Arizona,F,High School or Below,0,99845,110,0,Corporate Auto,SUV,528
IL66569,California,F,College,0,83689,70,0,Corporate Auto,Four-Door Car,307
BW63560,Oregon,F,Bachelor,0,24599,64,0,Corporate Auto,Four-Door Car,42
FV94802,Nevada,F,High School or Below,0,25049,67,0,Personal Auto,Two-Door Car,454
OE15005,Cali,F,College,0,28855,101,0,Personal Auto,SUV,647
WC83389,Oregon,F,College,0,51148,72,0,Personal Auto,Four-Door Car,308
FL50705,California,F,High School or Below,0,66140,101,0,Corporate Auto,Four-Door Car,484
ZK25313,Oregon,F,High School or Below,0,57749,74,0,Personal Auto,Two-Door Car,355
QK46697,Washington,M,Bachelors,0,61040,79,0,Personal Auto,Two-Door Car,20
YH23384,Arizona,F,Bachelor,0,14072,71,0,Personal Auto,Four-Door Car,511
TZ98966,Nevada,F,Bachelor,0,0,73,0,Corporate Auto,Four-Door Car,554
HM55802,California,F,Bachelor,0,17870,61,0,Corporate Auto,Four-Door Car,439
FS42516,Oregon,F,College,0,97541,72,0,Personal Auto,Four-Door Car,389
US89481,California,F,Bachelor,0,0,111,0,Personal Auto,Four-Door Car,799
HS14476,Washington,M,College,0,29723,80,0,Personal Auto,Four-Door Car,20
GE62437,AZ,F,College,0,86584,111,0,Personal Auto,Four-Door Car,532
EJ77678,Oregon,F,Master,0,75690,80,0,Personal Auto,Four-Door Car,384
SV85652,Arizona,F,College,0,23158,63,0,Personal Auto,Four-Door Car,322
UL64533,Nevada,F,High School or Below,0,65999,237,0,Corporate Auto,Luxury SUV,615
PF41800,California,F,Bachelor,0,0,65,0,Personal Auto,Four-Door Car,308
HD95276,Washington,F,College,0,0,130,0,Personal Auto,SUV,23
SK67821,Oregon,F,Bachelor,0,37260,62,0,Corporate Auto,Four-Door Car,15
YV55495,Arizona,F,High School or Below,0,68987,71,0,Personal Auto,Four-Door Car,204
KY38074,California,F,Bachelor,0,42305,117,0,Personal Auto,Four-Door Car,561
DM79012,Oregon,F,Master,0,65706,91,0,Personal Auto,Four-Door Car,436
CM61827,Oregon,F,Bachelor,0,0,90,0,Personal Auto,Two-Door Car,648
WC35801,Arizona,F,High School or Below,0,53243,66,0,Personal Auto,Four-Door Car,157
QG25316,Nevada,F,High School or Below,0,0,70,0,Corporate Auto,Two-Door Car,484
MB98372,Oregon,F,College,0,50071,71,0,Corporate Auto,Two-Door Car,18
IL19217,California,F,Bachelor,0,60021,99,0,Personal Auto,Four-Door Car,882
SR38658,Arizona,F,High School or Below,0,43244,103,0,Personal Auto,Sports Car,494
YD87931,Washington,M,Doctor,0,46896,35354,0,Personal Auto,Four-Door Car,31
HG65722,Oregon,F,Doctor,0,10105,172,0,Personal Auto,SUV,0
BU27331,Arizona,F,Bachelor,0,0,73,0,Personal Auto,Four-Door Car,579
XM45289,Oregon,F,High School or Below,0,23218,71,0,Personal Auto,Two-Door Car,447
KP34198,California,F,Bachelor,0,0,92,0,Corporate Auto,Four-Door Car,529
SH90947,Arizona,F,High School or Below,0,0,62,0,Personal Auto,Four-Door Car,313
WE95729,Oregon,F,College,0,24804,104,0,Personal Auto,SUV,593
PY51963,California,F,Bachelor,0,33190,106,0,Corporate Auto,SUV,508
RB69909,Nevada,F,High School or Below,0,36014,69,0,Special Auto,Four-Door Car,173
NW21079,Washington,F,Master,0,67163,61,0,Personal Auto,Two-Door Car,33
FR46645,California,F,Bachelor,0,16701,113,0,Personal Auto,Four-Door Car,831
SY17488,Arizona,F,College,0,46623,91,0,Corporate Auto,Four-Door Car,436
AP67935,California,F,College,0,64749,64,0,Special Auto,Four-Door Car,302
FS37417,Arizona,F,High School or Below,0,0,101,0,Personal Auto,SUV,484
ML29312,Oregon,F,High School or Below,0,16969,124,0,Personal Auto,SUV,704
UB61619,Oregon,F,Master,0,11621,108,0,Personal Auto,Four-Door Car,518
CD86811,Arizona,F,Bachelor,0,17622,65,0,Personal Auto,Four-Door Car,312
RU83859,California,F,Bachelor,0,11489,105,0,Personal Auto,Two-Door Car,504
FG63582,Oregon,F,Bachelor,0,0,94,0,Personal Auto,Two-Door Car,863
NN71951,California,F,High School or Below,0,66525,100,0,Personal Auto,SUV,104
WB37082,Arizona,F,Bachelor,0,0,63,0,Personal Auto,Four-Door Car,676
SM52139,WA,F,College,0,33663,73,0,Personal Auto,Four-Door Car,350
FL82372,Oregon,F,College,0,22547,112,0,Corporate Auto,SUV,537
DP45816,AZ,F,High School or Below,0,61486,97,0,Personal Auto,Two-Door Car,465
GW33762,Oregon,F,Bachelor,0,0,95,0,Personal Auto,Two-Door Car,456
RZ33670,California,F,College,0,29879,102,0,Personal Auto,Four-Door Car,500
PY70169,Oregon,F,High School or Below,0,93011,113,0,Personal Auto,SUV,281
MO91628,Oregon,F,Master,0,65186,65,0,Personal Auto,Two-Door Car,5
HW87852,Oregon,F,Master,0,26840,64,0,Personal Auto,Four-Door Car,307
HB20453,Oregon,F,Bachelor,0,0,104,0,Personal Auto,Sports Car,982
BN87372,Oregon,F,Bachelor,0,75644,65,0,Personal Auto,Two-Door Car,467
YX23800,Oregon,F,Bachelor,0,38984,73,0,Personal Auto,Four-Door Car,350
DZ87709,Oregon,F,High School or Below,0,71811,71,0,Personal Auto,Four-Door Car,29
XW13033,Nevada,F,College,0,20961,67,0,Personal Auto,Four-Door Car,321
SP81997,Washington,F,Master,0,41275,96,0,Personal Auto,Four-Door Car,41
OM82309,California,F,Bachelor,0,61321,186,0,Personal Auto,Luxury Car,427
ZU35962,California,F,College,0,0,77,0,Personal Auto,Two-Door Car,25
VH85817,California,F,High School or Below,0,51066,74,0,Personal Auto,Four-Door Car,787
DT85712,California,F,Doctor,0,34378,102,0,Personal Auto,SUV,489
YJ88573,Nevada,F,Master,0,43072,63,0,Personal Auto,Four-Door Car,302
SQ19467,Oregon,F,College,0,25222,90,0,Personal Auto,Four-Door Car,475
YB66933,Washington,F,Bachelor,0,77552,68,0,Corporate Auto,Four-Door Car,45
ET79815,California,F,College,0,23091,96,0,Personal Auto,Four-Door Car,460
QC35222,California,F,Bachelor,0,48269,69,0,Corporate Auto,Four-Door Car,282
CJ15590,Oregon,F,Bachelor,0,32720,67,0,Personal Auto,Four-Door Car,321
OI48267,California,F,College,0,20396,76,0,Personal Auto,Four-Door Car,364
JY67916,Oregon,F,College,0,21513,119,0,Personal Auto,Two-Door Car,679
OW15518,Washington,F,College,0,0,87,0,Personal Auto,Two-Door Car,46
CZ33664,Oregon,F,Bachelor,0,80744,63,0,Corporate Auto,Four-Door Car,11
WK30175,Oregon,F,Bachelor,0,52822,67,0,Corporate Auto,Two-Door Car,350
ON44465,California,F,High School or Below,0,0,77,0,Personal Auto,Four-Door Car,863
TV87155,Oregon,F,Bachelor,0,69738,74,0,Personal Auto,Four-Door Car,492
KH48895,AZ,F,Master,0,17780,109,0,Personal Auto,SUV,132
NZ30757,California,F,Bachelor,0,18107,62,0,Personal Auto,Four-Door Car,297
RI22468,AZ,F,Bachelor,0,57740,74,0,Personal Auto,Four-Door Car,269
FZ30935,Oregon,F,College,0,32627,76,0,Personal Auto,Two-Door Car,380
UG93476,California,F,College,0,0,107,0,Personal Auto,SUV,513
AB96670,California,F,College,0,0,70,0,Personal Auto,Four-Door Car,425
XK64261,Oregon,F,Bachelor,0,65795,62,0,Corporate Auto,Two-Door Car,49
EV68375,California,F,College,0,60475,107,0,Personal Auto,Four-Door Car,513
UN51653,California,F,High School or Below,0,0,130,0,Personal Auto,SUV,936
TO96662,Oregon,F,Bachelor,0,41837,88,0,Personal Auto,Four-Door Car,142
MR52087,California,F,Bachelor,0,32303,65,0,Personal Auto,Four-Door Car,45
DE75225,Oregon,F,High School or Below,0,0,117,0,Personal Auto,SUV,561
EP80820,California,F,Bachelor,0,40531,74,0,Personal Auto,Two-Door Car,30
GU99037,Oregon,F,College,0,79898,62,0,Corporate Auto,Four-Door Car,271
WI57118,California,F,College,0,56398,85,0,Personal Auto,Four-Door Car,408
GP39118,Washington,M,High School or Below,0,71600,63,0,Personal Auto,Two-Door Car,46
MQ14219,AZ,F,College,0,27804,109,0,Personal Auto,SUV,784
KN20603,Oregon,F,Bachelor,0,45506,66,0,Personal Auto,Four-Door Car,316
SG20925,Washington,F,Master,0,99428,6464,0,Personal Auto,Four-Door Car,48
JI70886,California,F,High School or Below,0,0,102,0,Corporate Auto,SUV,489
VF72557,Oregon,F,High School or Below,0,20993,133,0,Personal Auto,SUV,638
OX28638,AZ,F,High School or Below,0,37839,86,0,Personal Auto,Two-Door Car,465
SK55033,California,F,Bachelor,0,92711,62,0,Personal Auto,Two-Door Car,368
OO88645,California,F,College,0,74665,78,0,Corporate Auto,Four-Door Car,236
FM14335,Washington,F,College,0,61108,89,0,Personal Auto,Four-Door Car,49
CW82151,California,F,Bachelor,0,46833,112,0,Personal Auto,Sports Car,64
DY22043,Oregon,F,High School or Below,0,88768,68,0,Personal Auto,Two-Door Car,326
SH36774,California,F,High School or Below,0,28262,192,0,Personal Auto,Luxury SUV,921
EM43724,Nevada,F,Bachelor,0,33555,63,0,Personal Auto,Four-Door Car,101
FH85960,Oregon,F,College,0,42780,113,0,Personal Auto,Four-Door Car,542
XA55993,Oregon,F,Master,0,58850,78,0,Personal Auto,Four-Door Car,143
GO36627,AZ,F,College,0,21880,97,0,Special Auto,Four-Door Car,424
QH48047,Oregon,F,College,0,25251,66,0,Personal Auto,Four-Door Car,316
HS28694,Washington,F,High School or Below,0,25317,71,0,Personal Auto,Two-Door Car,50
UH65059,AZ,F,High School or Below,0,24188,109,0,Personal Auto,Sports Car,523
FV21968,Nevada,F,Bachelor,0,41611,74,0,Special Auto,Four-Door Car,113
QA87025,Oregon,F,Bachelor,0,28406,72,0,Personal Auto,Four-Door Car,192
TQ13499,AZ,F,College,0,69833,118,0,Personal Auto,Four-Door Car,828
BU44523,AZ,F,High School or Below,0,0,74,0,Corporate Auto,Four-Door Car,532
MS41162,AZ,F,High School or Below,0,0,117,0,Personal Auto,SUV,975
PU25891,Oregon,F,High School or Below,0,80536,119,0,Special Auto,Sports Car,53
LH92841,Washington,F,Bachelors,0,88891,89,0,Personal Auto,Four-Door Car,50
SX26335,Oregon,F,College,0,97732,79,0,Personal Auto,Four-Door Car,289
AZ95587,AZ,F,Bachelor,0,61222,89,0,Special Auto,Four-Door Car,392
DS81757,Oregon,M,College,0,0,74,0,Personal Auto,Two-Door Car,721
OJ94107,AZ,M,Master,0,50335,140,0,Personal Auto,SUV,456
LP84436,California,F,High School or Below,0,0,127,0,Personal Auto,Sports Car,1087
FF22360,Washington,F,Doctor,0,82210,68,0,Personal Auto,Four-Door Car,51
LM19287,Oregon,F,High School or Below,0,0,96,0,Personal Auto,Four-Door Car,460
ZU18643,Nevada,M,Bachelor,0,64495,92,0,Corporate Auto,Four-Door Car,251
AZ82578,California,F,College,0,0,72,0,Corporate Auto,Four-Door Car,345
XC67861,Arizona,F,Bachelor,0,28859,67,0,Corporate Auto,Two-Door Car,321
YC43143,Arizona,F,High School or Below,0,77330,99,0,Personal Auto,Four-Door Car,99
EK59571,Oregon,M,College,0,0,105,0,Corporate Auto,Four-Door Car,504
PA38372,Washington,F,High School or Below,0,33060,117,0,Personal Auto,Four-Door Car,56
RO18530,Washington,M,Master,0,42557,65,0,Personal Auto,Four-Door Car,57
PD27940,Arizona,M,High School or Below,0,26372,126,0,Personal Auto,SUV,604
BS77946,Arizona,F,Bachelor,0,17514,127,0,Personal Auto,SUV,8
YM50253,California,Femal,Bachelor,0,89270,74,0,Personal Auto,Four-Door Car,316
NR15332,California,M,High School or Below,0,29757,65,0,Personal Auto,Four-Door Car,312
RC62865,Oregon,M,College,0,51814,92,0,Personal Auto,Four-Door Car,56
CC15295,Oregon,F,Bachelor,0,24028,82,0,Personal Auto,Four-Door Car,393
KA61892,Arizona,M,College,0,28142,105,0,Personal Auto,Sports Car,701
OS94884,Arizona,F,Bachelor,0,52705,64,0,Personal Auto,Two-Door Car,128
ND87334,California,M,High School or Below,0,0,63,0,Corporate Auto,Two-Door Car,679
OY51402,Washington,F,High School or Below,0,54040,103,0,Personal Auto,SUV,59
YL74911,California,F,College,0,0,118,0,Personal Auto,SUV,566
GK92563,Washington,F,Doctor,0,22492,85,0,Personal Auto,Two-Door Car,61
HL53154,California,M,Bachelor,0,0,77,0,Personal Auto,Four-Door Car,554
RI78966,Oregon,M,Master,0,21876,68,0,Personal Auto,Four-Door Car,465
IC13702,California,F,Bachelor,0,0,69,0,Personal Auto,Four-Door Car,496
BE10809,California,F,High School or Below,0,0,61,0,Personal Auto,Four-Door Car,292
HT87217,Oregon,F,High School or Below,0,70699,82,0,Personal Auto,Four-Door Car,256
TH95618,California,F,High School or Below,0,0,74,0,Personal Auto,Four-Door Car,355
TS19868,California,M,College,0,27501,63,0,Personal Auto,Four-Door Car,542
LP45550,Oregon,F,Doctor,0,15897,101,0,Personal Auto,Four-Door Car,303
QR87004,Nevada,F,College,0,25141,73,0,Personal Auto,Four-Door Car,25
OE75747,Nevada,F,College,0,0,61,0,Personal Auto,Four-Door Car,292
DX91392,California,M,High School or Below,0,51066,74,0,Personal Auto,Four-Door Car,787
AB72731,California,F,Bachelor,0,28358,117,0,Personal Auto,Sports Car,84
GX84338,Washington,F,Doctor,0,62530,95,0,Personal Auto,Four-Door Car,61
IS12901,Arizona,F,Bachelor,0,90972,74,0,Personal Auto,Two-Door Car,232
BN90616,Washington,F,Bachelor,0,63110,72,0,Personal Auto,Four-Door Car,68
HH90090,California,F,Bachelor,0,29549,104,0,Personal Auto,Sports Car,710
IU25463,California,F,Bachelor,0,0,115,0,Personal Auto,Four-Door Car,552
KC11055,Nevada,F,Bachelor,0,39411,217,0,Personal Auto,Luxury Car,1122
PD33979,Oregon,M,High School or Below,0,21709,62,0,Personal Auto,Four-Door Car,408
NK71023,Nevada,M,Bachelor,0,67890,85,0,Personal Auto,Four-Door Car,408
AB13432,California,M,Bachelor,0,0,110,0,Personal Auto,SUV,792
OZ97704,California,F,High School or Below,0,84311,111,0,Personal Auto,SUV,532
UF46533,California,F,College,0,99316,114,0,Corporate Auto,SUV,754
XP47431,Arizona,F,Bachelor,0,54507,138,0,Personal Auto,SUV,702
GK73582,California,F,Bachelor,0,64586,76,0,Personal Auto,Four-Door Car,206
RV98763,Oregon,M,College,0,61709,82,0,Personal Auto,Four-Door Car,275
II62831,California,M,Master,0,94656,111,0,Special Auto,SUV,459
XK33449,California,F,High School or Below,0,0,69,0,Special Auto,Two-Door Car,496
TR85083,California,M,Bachelor,0,61085,70,0,Personal Auto,Two-Door Car,336
EO95328,Oregon,F,Bachelor,0,89284,67,0,Personal Auto,Two-Door Car,321
EN21086,Arizona,F,High School or Below,0,0,63,0,Personal Auto,Four-Door Car,302
YL83902,WA,F,Bachelor,0,31686,81,0,Personal Auto,Four-Door Car,430
AZ62651,Oregon,M,High School or Below,0,56855,255,0,Corporate Auto,Luxury SUV,1836
ZW25874,Oregon,M,Bachelor,0,53703,67,0,Special Auto,Four-Door Car,67
EH41854,WA,F,High School or Below,0,0,96,0,Personal Auto,Two-Door Car,844
MW70227,California,M,College,0,20396,76,0,Personal Auto,Four-Door Car,364
SL22297,California,F,Master,0,27679,150,0,Personal Auto,SUV,722
RV14138,Nevada,F,Bachelor,0,23904,123,0,Personal Auto,SUV,590
UO62808,Arizona,F,High School or Below,0,65351,69,0,Corporate Auto,Four-Door Car,481
ZX64745,California,M,College,0,0,113,0,Personal Auto,SUV,1124
FL34139,California,M,High School or Below,0,0,63,0,Personal Auto,Four-Door Car,669
TS11219,California,M,College,0,0,116,0,Personal Auto,SUV,1284
XX12304,California,F,College,0,64459,72,0,Personal Auto,Four-Door Car,240
SD64087,California,M,College,0,32961,190,0,Corporate Auto,SUV,912
OY38576,Oregon,F,High School or Below,0,71416,116,0,Corporate Auto,SUV,556
BG76355,WA,F,Bachelor,0,68964,78,0,Personal Auto,Four-Door Car,115
IP66913,Cali,M,High School or Below,0,78108,98,0,Personal Auto,Two-Door Car,470
LE95702,Cali,M,College,0,10621,67,0,Special Auto,Four-Door Car,321
KX54357,WA,M,College,0,84910,95,0,Corporate Auto,Two-Door Car,383
EZ78112,Cali,Femal,High School or Below,0,77493,70,0,Special Auto,Four-Door Car,307
XN16891,Arizona,M,College,0,81097,74,0,Personal Auto,Four-Door Car,355
XK31350,Oregon,Femal,College,0,96610,85,0,Corporate Auto,Four-Door Car,520
CC30924,Oregon,M,College,0,30110,159,0,Corporate Auto,Sports Car,466
IT78748,Oregon,Femal,High School or Below,0,22081,84,0,Special Auto,Two-Door Car,451
KY33386,WA,Femal,High School or Below,0,0,112,0,Personal Auto,Sports Car,537
CO44221,Cali,M,College,0,98473,72,0,Personal Auto,Four-Door Car,345
LK60013,Oregon,Femal,Bachelor,0,97431,74,0,Personal Auto,Four-Door Car,355
DE21533,Cali,M,Bachelor,0,93870,69,0,Personal Auto,Four-Door Car,331
YS94121,Nevada,M,High School or Below,0,50366,72,0,Personal Auto,Four-Door Car,428
UK68427,WA,M,High School or Below,0,34498,83,0,Personal Auto,Two-Door Car,398
TE49565,Oregon,Femal,College,0,16552,103,0,Personal Auto,SUV,494
RA88421,Oregon,Femal,College,0,26787,77,0,Personal Auto,Four-Door Car,369
KQ51983,Nevada,M,College,0,0,74,0,Personal Auto,Two-Door Car,831
CD88896,Nevada,Femal,High School or Below,0,43860,65,0,Corporate Auto,Four-Door Car,156
YV22553,Arizona,M,High School or Below,0,21474,114,0,Corporate Auto,SUV,373
WU14435,Cali,M,Bachelor,0,18174,66,0,Corporate Auto,Four-Door Car,395
XV84099,Arizona,Femal,Bachelor,0,0,73,0,Corporate Auto,Four-Door Car,350
RI24911,Arizona,Male,College,0,60920,64,0,Personal Auto,Two-Door Car,231
KO26461,Arizona,Male,High School or Below,0,41520,90,0,Personal Auto,Four-Door Car,289
HI14283,Oregon,Femal,Bachelor,0,0,152,0,Personal Auto,SUV,729
PT50227,Arizona,Male,High School or Below,0,0,68,0,Personal Auto,Two-Door Car,326
BH36570,Cali,Male,Bachelor,0,72208,73,0,Personal Auto,Two-Door Car,350
TX17484,Cali,Femal,Bachelor,0,53863,63,0,Personal Auto,Four-Door Car,105
CT41158,WA,Male,College,0,66446,136,0,Corporate Auto,SUV,639
AO87348,WA,Male,College,0,0,61,0,Personal Auto,Four-Door Car,292
DE55857,WA,Femal,Bachelor,0,64997,63,0,Personal Auto,Four-Door Car,383
LF66923,Nevada,Femal,High School or Below,0,64460,66,0,Corporate Auto,Two-Door Car,316
CN24514,Arizona,Femal,College,0,46618,67,0,Personal Auto,Four-Door Car,99
UW32074,Oregon,Femal,College,0,0,64,0,Corporate Auto,Four-Door Car,307
HP36979,Cali,Male,College,0,49988,84,0,Personal Auto,Two-Door Car,566
PP40919,Cali,Femal,College,0,0,91,0,Personal Auto,Two-Door Car,436
RO73268,Cali,M,Bachelor,0,16269,86,0,Corporate Auto,Two-Door Car,412
HO61691,Arizona,F,Bachelor,0,72006,64,0,Personal Auto,Four-Door Car,307
BS13062,Arizona,F,High School or Below,0,0,81,0,Personal Auto,Four-Door Car,388
FO35655,Oregon,M,Bachelor,0,0,245,0,Corporate Auto,Luxury SUV,2345
HR10526,Cali,M,Master,0,44320,67,0,Personal Auto,Four-Door Car,321
IA63417,Arizona,F,High School or Below,0,19782,108,0,Personal Auto,Two-Door Car,773
BH35016,Nevada,F,Bachelor,0,63933,70,0,Personal Auto,Two-Door Car,424
PK52952,Arizona,M,Doctor,0,28224,109,0,Personal Auto,SUV,523
OD76309,WA,F,College,0,21073,106,0,Personal Auto,SUV,508
IL28481,Oregon,M,Bachelor,0,63243,77,0,Personal Auto,Four-Door Car,364
GY55092,Nevada,M,High School or Below,0,20993,133,0,Personal Auto,SUV,638
UF33451,Oregon,F,Bachelor,0,94827,135,0,Personal Auto,SUV,354
CF15558,Cali,F,Master,0,39161,63,0,Personal Auto,Two-Door Car,283
JM62924,WA,M,Bachelor,0,37534,84,0,Personal Auto,Four-Door Car,403
EM66435,Oregon,F,Bachelor,0,80210,65,0,Corporate Auto,Four-Door Car,20
QX45933,Cali,M,Bachelor,0,0,62,0,Personal Auto,Four-Door Car,385
JI71369,Cali,F,College,0,30110,64,0,Personal Auto,Four-Door Car,140
JU93290,Arizona,F,College,0,21708,68,0,Personal Auto,Four-Door Car,326
GU66096,Arizona,M,High School or Below,0,94731,67,0,Personal Auto,Four-Door Car,321
UC33108,Cali,M,Bachelor,0,32375,83,0,Personal Auto,Four-Door Car,398
LW93867,Oregon,M,College,0,16531,63,0,Corporate Auto,Four-Door Car,102
OU78470,Arizona,F,Master,0,32006,94,0,Corporate Auto,Four-Door Car,56
XW90265,Arizona,F,Bachelor,0,81676,72,0,Personal Auto,Two-Door Car,463
HS67749,Cali,M,College,0,71038,86,0,Corporate Auto,Four-Door Car,205
VZ51506,Arizona,F,High School or Below,0,0,103,0,Corporate Auto,Sports Car,741
UI64281,Nevada,F,Master,0,20832,65,0,Personal Auto,Two-Door Car,56
AE98193,WA,M,High School or Below,0,0,113,0,Personal Auto,SUV,813
AZ74055,Oregon,M,High School or Below,0,52405,103,0,Personal Auto,Four-Door Car,494
XS76911,Arizona,F,High School or Below,0,0,133,0,Personal Auto,Sports Car,795
AY40674,WA,F,Bachelor,0,26583,1005,0,Personal Auto,SUV,614
NA12740,Oregon,M,Master,0,25486,65,0,Special Auto,Two-Door Car,72
UA84837,Arizona,M,College,0,24065,111,0,Corporate Auto,Four-Door Car,532
DJ51510,Arizona,F,High School or Below,0,70435,116,0,Personal Auto,Four-Door Car,67
VM58985,Cali,M,College,0,0,76,0,Personal Auto,Two-Door Car,402
OH60605,Oregon,F,High School or Below,0,39679,92,0,Personal Auto,Two-Door Car,641
UO98052,Nevada,M,College,0,0,89,0,Personal Auto,Four-Door Car,342
NC53424,Cali,M,Bachelor,0,0,69,0,Personal Auto,Two-Door Car,331
LQ13873,Nevada,M,High School or Below,0,53565,71,0,Personal Auto,Four-Door Car,340
LA97014,WA,M,Bachelor,0,37574,66,0,Personal Auto,Two-Door Car,412
NB79936,WA,M,Bachelor,0,48259,108,0,Personal Auto,Two-Door Car,73
NT89061,Arizona,F,High School or Below,0,78532,78,0,Personal Auto,Four-Door Car,374
AF10970,Arizona,F,Bachelor,0,96163,73,0,Corporate Auto,Four-Door Car,350
ZG48513,Cali,M,Bachelor,0,0,72,0,Personal Auto,Four-Door Car,345
JQ59145,Cali,Male,High School or Below,0,0,114,0,Personal Auto,Sports Car,722
FE84989,WA,Male,College,0,72672,63,0,Personal Auto,Four-Door Car,259
JT52858,Oregon,F,Bachelor,0,99002,112,0,Personal Auto,Four-Door Car,537
MC62068,California,Male,High School or Below,0,79494,91,0,Personal Auto,Four-Door Car,396
EU27538,Oregon,Male,Master,0,35704,225,0,Personal Auto,Luxury Car,358
RH42306,Arizona,F,Bachelor,0,0,71,0,Corporate Auto,Four-Door Car,653
US23612,Oregon,F,High School or Below,0,26049,118,0,Personal Auto,Two-Door Car,121
WV76014,Arizona,Male,Doctor,0,70125,64,0,Special Auto,Four-Door Car,92
RK96223,California,Male,College,0,52369,110,0,Personal Auto,SUV,528
MF82000,WA,female,Bachelor,0,0,66,0,Special Auto,Four-Door Car,159
FM46980,Arizona,Male,College,0,41770,72,0,Personal Auto,Four-Door Car,476
SY56792,Oregon,Male,High School or Below,0,0,101,0,Corporate Auto,Four-Door Car,727
RF61565,California,M,College,0,31911,67,0,Personal Auto,Four-Door Car,321
IM94808,Nevada,M,Bachelor,0,70051,68,0,Corporate Auto,Four-Door Car,42
VI14730,Oregon,M,High School or Below,0,19683,117,0,Personal Auto,Sports Car,561
YR34119,WA,F,College,0,30916,112,0,Personal Auto,SUV,200
RR77985,Oregon,F,Bachelor,0,0,80,0,Personal Auto,Four-Door Car,676
QD28391,Washington,M,College,0,84302,62,0,Personal Auto,Four-Door Car,76
WV17090,California,M,Bachelor,0,0,116,0,Corporate Auto,SUV,830
TM23514,Oregon,M,College,0,60145,132,0,Personal Auto,SUV,580
MQ68407,Oregon,F,Bachelor,0,63774,111,0,Personal Auto,Four-Door Car,60
GJ59592,California,F,Bachelor,0,25134,67,0,Corporate Auto,Four-Door Car,321
FY56083,Oregon,M,Bachelor,0,37057,61,0,Personal Auto,Four-Door Car,47
UA94723,Oregon,F,High School or Below,0,58577,110,0,Personal Auto,SUV,303
FW91032,California,M,High School or Below,0,85857,73,0,Corporate Auto,Four-Door Car,100
DE34457,Oregon,F,Doctor,0,70602,116,0,Personal Auto,SUV,481
HD32044,Oregon,F,Master,0,33816,106,0,Corporate Auto,Four-Door Car,508
HH30454,Oregon,M,Bachelor,0,0,153,0,Personal Auto,SUV,1101
AH84063,Oregon,F,College,0,89642,121,0,Corporate Auto,SUV,86
QA17596,California,F,Bachelor,0,60068,98,0,Personal Auto,Two-Door Car,470
XI41052,California,F,Bachelor,0,50044,139,0,Personal Auto,SUV,667
DI30528,California,F,Master,0,36650,69,0,Personal Auto,Four-Door Car,56
SC66359,Arizona,F,College,0,50653,110,0,Corporate Auto,SUV,262
EN61670,Arizona,F,Doctor,0,68931,66,0,Personal Auto,Four-Door Car,309
DQ10761,Oregon,M,Bachelor,0,0,73,0,Corporate Auto,Four-Door Car,350
BQ51587,California,F,College,0,0,73,0,Personal Auto,Four-Door Car,365
JE21522,California,M,Bachelor,0,39266,80,0,Personal Auto,Four-Door Car,384
WS47147,California,M,College,0,0,102,0,Personal Auto,SUV,489
ZA64638,Nevada,F,High School or Below,0,0,98,0,Personal Auto,Four-Door Car,705
EW38459,Nevada,F,Bachelor,0,40864,65,0,Corporate Auto,Four-Door Car,9
QW87316,Oregon,F,College,0,39035,68,0,Personal Auto,Four-Door Car,244
IC43478,California,M,Bachelor,0,34923,98,0,Personal Auto,Two-Door Car,639
TE34064,California,M,High School or Below,0,0,63,0,Personal Auto,Four-Door Car,453
WU60905,California,F,High School or Below,0,0,111,0,Corporate Auto,SUV,532
YM18992,California,F,College,0,24506,71,0,Personal Auto,Two-Door Car,511
PD55753,Oregon,M,High School or Below,0,0,82,0,Personal Auto,Four-Door Car,554
KU56006,Arizona,F,College,0,52220,70,0,Personal Auto,Four-Door Car,336
MJ69973,Arizona,M,High School or Below,0,0,74,0,Personal Auto,Two-Door Car,402
TW43626,California,M,College,0,53554,67,0,Personal Auto,Four-Door Car,327
XX84133,California,M,Bachelor,0,34476,67,0,Corporate Auto,Four-Door Car,5
ZW84453,Arizona,F,Bachelor,0,0,70,0,Personal Auto,Four-Door Car,131
HO29524,California,M,College,0,68205,76,0,Personal Auto,Two-Door Car,99
VE89726,California,female,High School or Below,0,0,119,0,Personal Auto,SUV,856
GE87503,California,M,High School or Below,0,53690,154,0,Personal Auto,SUV,739
PX90263,Oregon,M,High School or Below,0,0,72,0,Personal Auto,Four-Door Car,518
NI17718,California,female,High School or Below,0,0,61,0,Personal Auto,Four-Door Car,292
FY32213,California,female,High School or Below,0,74454,71,0,Personal Auto,Four-Door Car,340
RZ13254,Nevada,female,Bachelor,0,0,73,0,Personal Auto,Four-Door Car,350
GN45013,Oregon,M,High School or Below,0,29664,71,0,Personal Auto,Four-Door Car,340
NM39588,Washington,F,Doctor,0,72450,66,0,Corporate Auto,Four-Door Car,84
KU84464,Nevada,female,Bachelor,0,47272,79,0,Personal Auto,Four-Door Car,64
YH43527,Oregon,female,College,0,21585,92,0,Corporate Auto,Four-Door Car,441
RO30676,California,female,College,0,23827,106,0,Personal Auto,Four-Door Car,37
QL59704,Arizona,female,College,0,69906,74,0,Corporate Auto,Four-Door Car,202
QH19450,California,female,High School or Below,0,0,72,0,Corporate Auto,Four-Door Car,345
SA54664,Washington,M,Master,0,73196,66,0,Personal Auto,Four-Door Car,85
CI38330,Washington,M,Bachelor,0,72217,6464,0,Personal Auto,Four-Door Car,91
WB38524,California,M,High School or Below,0,46131,74,0,Personal Auto,Two-Door Car,355
CE56187,Oregon,female,Master,0,54514,109,0,Personal Auto,SUV,286
JL19416,California,female,High School or Below,0,0,161,0,Personal Auto,SUV,1159
JZ61422,Nevada,female,College,0,96668,66,0,Personal Auto,Four-Door Car,316
LA13377,California,M,Doctor,0,78879,69,0,Personal Auto,Four-Door Car,466
NC99948,Nevada,M,College,0,0,69,0,Personal Auto,Four-Door Car,331
QD34785,Arizona,female,Bachelor,0,0,76,0,Personal Auto,Four-Door Car,364
RO26085,California,female,Bachelor,0,0,112,0,Personal Auto,Sports Car,1252
ES57969,Oregon,M,Bachelor,0,29735,69,0,Personal Auto,Four-Door Car,331
JK55587,California,M,High School or Below,0,23082,65,0,Special Auto,Four-Door Car,312
RN97635,Arizona,M,Bachelor,0,53984,80,0,Corporate Auto,Four-Door Car,421
BI76326,California,female,College,0,52135,156,0,Personal Auto,SUV,430
JA34909,California,female,College,0,17576,71,0,Corporate Auto,Four-Door Car,398
OJ90342,Oregon,female,Bachelor,0,29486,62,0,Personal Auto,Four-Door Car,7
CM88932,Oregon,female,Master,0,58557,88,0,Corporate Auto,Four-Door Car,55
JJ97525,California,M,Bachelor,0,25632,63,0,Personal Auto,Two-Door Car,351
XV21647,California,female,High School or Below,0,0,112,0,Personal Auto,Sports Car,806
MC83487,Arizona,M,Bachelor,0,18768,68,0,Corporate Auto,Four-Door Car,647
BL90769,California,female,Bachelor,0,33190,106,0,Personal Auto,SUV,508
CR57148,Oregon,female,Master,0,47945,74,0,Personal Auto,Two-Door Car,128
CP85232,Arizona,M,College,0,58778,126,0,Special Auto,SUV,302
YL74732,California,female,High School or Below,0,15192,100,0,Personal Auto,SUV,480
FG16766,California,female,Bachelor,0,51859,171,0,Personal Auto,SUV,1003
NV55438,Nevada,female,High School or Below,0,23422,72,0,Personal Auto,Two-Door Car,518
RM10880,California,female,College,0,21604,79,0,Corporate Auto,Four-Door Car,379
GL56175,Arizona,M,College,0,79298,90,0,Personal Auto,Four-Door Car,244
UK52289,Arizona,female,Bachelor,0,76731,64,0,Special Auto,Four-Door Car,201
OT85112,Washington,M,College,0,38460,88,0,Personal Auto,Four-Door Car,91
BC62782,Arizona,F,College,0,48534,115,0,Personal Auto,SUV,552
TI19722,Washington,M,Doctor,0,30817,88,0,Corporate Auto,Four-Door Car,91
JP30654,Oregon,F,College,0,48412,104,0,Personal Auto,SUV,707
UM45563,Washington,M,Bachelor,0,68798,114,0,Personal Auto,SUV,92
EN60878,Oregon,M,Bachelor,0,23712,85,0,Personal Auto,Four-Door Car,376
JF36291,California,M,College,0,28142,105,0,Personal Auto,Sports Car,701
BK59444,California,F,Master,0,72196,68,0,Personal Auto,Four-Door Car,152
MK70700,California,M,Master,0,68197,69,0,Personal Auto,Four-Door Car,176
IW71076,California,M,Bachelor,0,75248,63,0,Corporate Auto,Four-Door Car,104
AP98768,California,F,College,0,0,98,0,Personal Auto,Four-Door Car,941
OM24164,Nevada,M,Bachelor,0,0,65,0,Personal Auto,Two-Door Car,468
HR85211,Washington,female,Master,0,89879,63,0,Personal Auto,Two-Door Car,94
VC87846,Oregon,M,High School or Below,0,46998,96,0,Corporate Auto,Four-Door Car,460
ZM92052,Oregon,M,Bachelor,0,57099,67,0,Personal Auto,Two-Door Car,67
ON73702,Arizona,F,Bachelor,0,33897,114,0,Corporate Auto,SUV,539
QQ90441,Nevada,F,High School or Below,0,59207,116,0,Personal Auto,Four-Door Car,556
HU35721,Oregon,M,High School or Below,0,40171,73,0,Personal Auto,Four-Door Car,350
YP47665,Washington,M,Doctor,0,80192,67,0,Personal Auto,Four-Door Car,95
FU99476,Washington,M,High School or Below,0,74422,85,0,Personal Auto,Four-Door Car,95
AG85615,Oregon,M,College,0,0,87,0,Special Auto,Four-Door Car,626
OY74069,Arizona,F,College,0,0,67,0,Personal Auto,Four-Door Car,321
DJ91267,Nevada,F,Bachelor,0,34226,244,0,Personal Auto,Luxury SUV,494
KB72438,California,F,High School or Below,0,65989,123,0,Personal Auto,SUV,115
TR67616,Oregon,M,High School or Below,0,30686,61,0,Corporate Auto,Four-Door Car,19
GF65731,California,F,Master,0,0,113,0,Personal Auto,Sports Car,799
HB67642,Arizona,F,High School or Below,0,20090,109,0,Personal Auto,Sports Car,523
DP84567,California,M,High School or Below,0,0,183,0,Personal Auto,Luxury SUV,878
VV77534,Oregon,M,College,0,77094,176,0,Personal Auto,SUV,444
GL67540,California,F,College,0,97413,73,0,Personal Auto,Four-Door Car,268
SV50502,Oregon,F,Master,0,79189,69,0,Corporate Auto,Four-Door Car,331
UK59698,California,F,High School or Below,0,0,62,0,Personal Auto,Two-Door Car,297
OA57352,Arizona,F,College,0,18577,86,0,Personal Auto,Four-Door Car,412
ZF84449,Oregon,F,College,0,0,112,0,Special Auto,Sports Car,806
AX86150,Washington,M,High School or Below,0,62777,67,0,Personal Auto,Two-Door Car,101
HG39060,Oregon,Male,Bachelor,0,0,74,0,Corporate Auto,Four-Door Car,532
EM29359,Nevada,Male,College,0,17483,183,0,Personal Auto,Luxury Car,1317
SF57173,Oregon,Male,Master,0,84394,114,0,Personal Auto,SUV,691
OT47603,Oregon,Male,College,0,0,127,0,Personal Auto,Sports Car,804
SW31412,Oregon,F,College,0,41440,62,0,Personal Auto,Four-Door Car,297
JS36322,Arizona,Male,High School or Below,0,0,136,0,Personal Auto,Sports Car,1090
RE81445,Oregon,F,College,0,98132,71,0,Personal Auto,Two-Door Car,50
RM24280,Oregon,F,High School or Below,0,0,112,0,Personal Auto,Four-Door Car,537
LC25393,California,Male,Bachelor,0,88220,230,0,Personal Auto,Luxury Car,151
UX38930,Arizona,F,Master,0,58327,129,0,Personal Auto,SUV,347
HD95496,Oregon,Male,Master,0,25950,66,0,Personal Auto,Two-Door Car,271
RX24650,Oregon,Male,High School or Below,0,20993,133,0,Corporate Auto,SUV,638
DW19309,Oregon,Male,High School or Below,0,65726,177,0,Corporate Auto,SUV,849
MT41386,Washington,M,Bachelors,0,84768,72,0,Personal Auto,Two-Door Car,110
WZ40465,Washington,F,Bachelor,0,36234,63,0,Personal Auto,Four-Door Car,113
DB42794,California,Male,College,0,58842,110,0,Personal Auto,Four-Door Car,528
JB50798,Oregon,F,Master,0,25629,124,0,Corporate Auto,Sports Car,595
IP69763,Washington,F,College,0,77311,181,0,Personal Auto,SUV,113
TE35785,California,Male,Doctor,0,0,196,0,Personal Auto,Luxury SUV,1337
HX74855,Washington,M,High School or Below,0,95697,61,0,Personal Auto,Two-Door Car,114
QN65180,Oregon,F,Bachelor,0,22254,79,0,Personal Auto,Four-Door Car,125
GE47180,Nevada,Male,High School or Below,0,65974,113,0,Personal Auto,Sports Car,235
VQ38776,Oregon,F,College,0,0,76,0,Personal Auto,Four-Door Car,395
BH86846,Washington,M,High School or Below,0,92079,65,0,Corporate Auto,Four-Door Car,114
IN17648,Nevada,Male,High School or Below,0,0,74,0,Personal Auto,Two-Door Car,772
DF95759,Oregon,Male,College,0,0,132,0,Personal Auto,SUV,633
QG45324,Oregon,F,High School or Below,0,0,73,0,Personal Auto,Four-Door Car,350
MN61620,Arizona,F,College,0,67752,131,0,Personal Auto,Sports Car,168
YH86390,California,F,Bachelor,0,25398,64,0,Corporate Auto,Four-Door Car,307
FY13480,California,Male,High School or Below,0,0,88,0,Personal Auto,Four-Door Car,633
YH61661,California,M,High School or Below,0,33321,105,0,Special Auto,SUV,504
NL93182,Nevada,M,Bachelor,0,0,78,0,Corporate Auto,Four-Door Car,845
LN31673,Washington,F,College,0,38923,99,0,Personal Auto,Four-Door Car,115
WE68644,Oregon,F,Bachelor,0,20325,100,0,Personal Auto,Sports Car,668
EZ30498,Oregon,M,Bachelor,0,13129,117,0,Personal Auto,SUV,700
QY74517,Oregon,F,High School or Below,0,0,73,0,Personal Auto,Four-Door Car,525
NM88660,Nevada,M,Master,0,49080,91,0,Corporate Auto,Four-Door Car,25
MZ82036,Nevada,M,College,0,42536,63,0,Personal Auto,Four-Door Car,375
ID20929,Oregon,M,Bachelor,0,29926,74,0,Corporate Auto,Four-Door Car,418
EY50028,Nevada,M,Doctor,0,0,86,0,Corporate Auto,Two-Door Car,398
TT82373,California,F,Bachelor,0,21450,138,0,Personal Auto,Sports Car,938
OH64088,California,M,High School or Below,0,33345,65,0,Corporate Auto,Four-Door Car,338
SK97780,California,F,Bachelor,0,15752,90,0,Corporate Auto,Two-Door Car,339
IO33050,Oregon,F,High School or Below,0,40169,65,0,Personal Auto,Four-Door Car,302
XA55917,California,F,College,0,26049,113,0,Personal Auto,SUV,619
JK32620,Nevada,M,College,0,0,68,0,Personal Auto,Four-Door Car,326
RQ19236,Arizona,M,Doctor,0,55411,100,0,Personal Auto,Sports Car,259
QC47433,Oregon,M,College,0,12459,70,0,Personal Auto,Four-Door Car,336
RA93608,Oregon,M,Bachelor,0,64620,76,0,Personal Auto,Two-Door Car,364
XH97711,California,M,Bachelor,0,83140,61,0,Corporate Auto,Four-Door Car,179
AU96286,Oregon,F,Bachelor,0,0,92,0,Corporate Auto,Four-Door Car,662
KC17170,Arizona,F,Bachelor,0,54422,68,0,Corporate Auto,Four-Door Car,75
ZN47335,California,M,College,0,68309,131,0,Corporate Auto,SUV,306
EI46264,California,M,High School or Below,0,56621,65,0,Personal Auto,Four-Door Car,84
EK87864,Arizona,F,College,0,38977,70,0,Special Auto,Four-Door Car,139
GV45403,AZ,M,Bachelor,0,0,111,0,Corporate Auto,Two-Door Car,607
QK31192,AZ,M,High School or Below,0,0,114,0,Corporate Auto,Two-Door Car,631
LU89008,AZ,F,College,0,0,83,0,Personal Auto,Four-Door Car,628
NS10490,Oregon,F,Bachelor,0,83235,70,0,Personal Auto,Two-Door Car,336
KL98495,Nevada,M,College,0,0,74,0,Personal Auto,Two-Door Car,426
IU96845,AZ,M,College,0,32390,80,0,Personal Auto,Four-Door Car,91
QL93655,Oregon,F,High School or Below,0,66538,95,0,Personal Auto,Two-Door Car,317
PF40592,Washington,F,College,0,23285,65,0,Personal Auto,Two-Door Car,118
LZ34046,Oregon,M,Bachelor,0,76358,66,0,Personal Auto,Four-Door Car,86
JC80093,Washington,M,Master,0,21104,66,0,Personal Auto,Four-Door Car,118
YE88490,AZ,F,College,0,55350,67,0,Personal Auto,Four-Door Car,321
YC80498,California,F,College,0,12964,65,0,Personal Auto,Two-Door Car,362
AI85843,AZ,F,Master,0,33288,86,0,Personal Auto,Four-Door Car,221
XD66024,AZ,F,College,0,0,84,0,Personal Auto,Four-Door Car,980
FY51713,AZ,F,Bachelor,0,56168,88,0,Personal Auto,Four-Door Car,614
PH26378,California,M,College,0,0,92,0,Personal Auto,Four-Door Car,662
WQ18638,Oregon,M,High School or Below,0,23105,69,0,Personal Auto,Two-Door Car,331
KY14688,Oregon,F,Master,0,36218,68,0,Personal Auto,Four-Door Car,145
TC97762,California,F,High School or Below,0,52275,62,0,Corporate Auto,Four-Door Car,374
QC87108,Oregon,F,College,0,49665,74,0,Personal Auto,Four-Door Car,355
CX12134,Nevada,M,High School or Below,0,32471,110,0,Personal Auto,Two-Door Car,528
SM73248,AZ,M,High School or Below,0,0,86,0,Corporate Auto,Two-Door Car,619
CK19789,California,F,Master,0,62773,73,0,Personal Auto,Four-Door Car,80
UV12583,California,F,College,0,76694,117,0,Personal Auto,SUV,561
JC11405,Oregon,M,High School or Below,0,55687,276,0,Personal Auto,Luxury SUV,1324
KA89683,AZ,F,High School or Below,0,0,70,0,Personal Auto,Four-Door Car,504
BG85305,Nevada,M,Doctor,0,36633,96,0,Personal Auto,Four-Door Car,460
UQ87917,Oregon,M,High School or Below,0,77060,106,0,Personal Auto,SUV,468
XN11823,Nevada,F,Bachelor,0,92600,94,0,Corporate Auto,Two-Door Car,842
OS46571,California,M,High School or Below,0,0,66,0,Personal Auto,Four-Door Car,475
PX17116,Nevada,M,College,0,0,111,0,Corporate Auto,SUV,1171
RP19541,AZ,M,College,0,64801,64,0,Personal Auto,Four-Door Car,268
ZR25747,Oregon,F,College,0,45257,103,0,Corporate Auto,Two-Door Car,494
NQ86532,California,M,High School or Below,0,26854,66,0,Personal Auto,Four-Door Car,475
JY27336,Oregon,F,College,0,85840,102,0,Corporate Auto,SUV,138
PB54378,Oregon,F,Doctor,0,26463,72,0,Corporate Auto,Four-Door Car,345
SV38190,Nevada,F,Bachelor,0,30689,81,0,Personal Auto,Four-Door Car,467
CV24005,Oregon,M,High School or Below,0,29590,66,0,Corporate Auto,Two-Door Car,467
EX28656,Oregon,F,College,0,25965,253,0,Personal Auto,Luxury SUV,1214
CF57022,Oregon,M,Bachelor,0,17269,139,0,Personal Auto,SUV,667
GM16780,Oregon,M,College,0,90330,137,0,Corporate Auto,Sports Car,192
BX94438,California,F,High School or Below,0,0,113,0,Corporate Auto,SUV,619
RM41745,California,F,High School or Below,0,0,110,0,Personal Auto,Four-Door Car,1002
XR70252,California,F,High School or Below,0,0,67,0,Personal Auto,Two-Door Car,321
YH92099,AZ,F,Bachelor,0,18558,80,0,Special Auto,Four-Door Car,384
SG81493,Arizona,M,Bachelor,0,46384,113,0,Corporate Auto,Four-Door Car,251
ZX23819,Oregon,F,High School or Below,0,0,72,0,Personal Auto,Two-Door Car,866
FJ54907,Oregon,F,College,0,42303,180,0,Personal Auto,Luxury SUV,1210
CU26127,California,F,Bachelor,0,71731,130,0,Corporate Auto,SUV,599
YH60476,Oregon,M,High School or Below,0,51066,74,0,Corporate Auto,Four-Door Car,787
ZZ97035,California,M,College,0,0,203,0,Corporate Auto,Luxury Car,2027
GE82737,Nevada,F,Bachelor,0,0,86,0,Personal Auto,Four-Door Car,619
KY21873,Arizona,M,College,0,0,69,0,Personal Auto,Two-Door Car,72
UA51318,Arizona,F,High School or Below,0,26173,68,0,Corporate Auto,Four-Door Car,449
BV55014,Oregon,M,Bachelor,0,24445,63,0,Personal Auto,Two-Door Car,302
HX21307,Oregon,Male,College,0,72302,66,0,Personal Auto,Two-Door Car,316
LQ68252,Oregon,Male,High School or Below,0,27208,102,0,Personal Auto,SUV,489
CR92802,California,F,Master,0,36650,69,0,Special Auto,Four-Door Car,56
SL35268,Arizona,Male,College,0,30855,68,0,Corporate Auto,Four-Door Car,259
RD62882,Arizona,F,Bachelor,0,0,95,0,Personal Auto,Two-Door Car,456
JS42382,Oregon,Male,Master,0,99960,76,0,Corporate Auto,Four-Door Car,364
BT30554,Arizona,F,Bachelor,0,0,98,0,Personal Auto,Four-Door Car,470
VP57424,Nevada,F,Bachelor,0,55873,88,0,Personal Auto,Four-Door Car,299
VU19243,Arizona,F,High School or Below,0,18052,111,0,Personal Auto,Four-Door Car,699
TA82973,Oregon,F,High School or Below,0,28937,104,0,Personal Auto,SUV,117
GK71720,Oregon,F,High School or Below,0,0,86,0,Personal Auto,Four-Door Car,545
OQ61223,California,Male,College,0,0,73,0,Personal Auto,Two-Door Car,350
LL62746,Oregon,Male,Doctor,0,12829,118,0,Personal Auto,SUV,328
JQ56711,Oregon,F,Master,0,92163,73,0,Personal Auto,Two-Door Car,66
AW77988,Oregon,Male,High School or Below,0,17588,192,0,Personal Auto,Luxury Car,1382
QP84605,Washington,F,Bachelor,0,41546,111,0,Corporate Auto,Four-Door Car,121
MY97912,Arizona,Male,College,0,0,127,0,Personal Auto,SUV,609
IB87349,California,M,High School or Below,0,70340,113,0,Special Auto,Four-Door Car,542
AW73065,Oregon,F,High School or Below,0,0,74,0,Personal Auto,Four-Door Car,532
BW80872,Washington,M,High School or Below,0,34549,111,0,Personal Auto,Four-Door Car,125
PX70175,Arizona,M,College,0,93459,99,0,Personal Auto,Four-Door Car,655
KF75098,Arizona,M,Bachelor,0,86148,65,0,Personal Auto,Four-Door Car,312
IS50283,California,F,Bachelor,0,27048,72,0,Corporate Auto,Four-Door Car,345
MY64920,Oregon,F,College,0,73259,115,0,Personal Auto,SUV,673
KN34250,Oregon,F,College,0,35482,129,0,Corporate Auto,SUV,619
GN46207,Oregon,F,Master,0,29462,107,0,Personal Auto,SUV,513
KL57176,Oregon,F,College,0,67801,115,0,Personal Auto,SUV,23
MN94234,California,M,High School or Below,0,0,94,0,Personal Auto,Two-Door Car,451
JY90595,Arizona,M,High School or Below,0,16042,73,0,Personal Auto,Two-Door Car,350
HK26543,California,M,High School or Below,0,28056,64,0,Personal Auto,Four-Door Car,307
PN86062,California,M,High School or Below,0,16495,85,0,Corporate Auto,Four-Door Car,408
VW27730,California,F,Master,0,41163,108,0,Corporate Auto,SUV,231
SH55671,Arizona,F,College,0,0,161,0,Personal Auto,Sports Car,772
MO56878,California,M,Bachelor,0,33799,109,0,Corporate Auto,SUV,664
VO38365,Washington,F,College,0,90125,110,0,Corporate Auto,SUV,128
SV35618,Oregon,F,Bachelor,0,87747,147,0,Personal Auto,SUV,46
RX12347,Nevada,M,College,0,35695,90,0,Personal Auto,Four-Door Car,432
FR55658,California,M,Master,0,90985,87,0,Personal Auto,Four-Door Car,78
XS12556,California,F,College,0,0,101,0,Corporate Auto,Sports Car,564
ZU73588,California,M,College,0,66839,154,0,Personal Auto,Sports Car,739
WT43034,California,F,High School or Below,0,0,165,0,Personal Auto,SUV,792
VM13430,Oregon,F,Bachelor,0,79090,107,0,Corporate Auto,SUV,289
TC78849,Oregon,M,Bachelor,0,24825,64,0,Personal Auto,Two-Door Car,155
VC34764,California,M,College,0,26806,63,0,Personal Auto,Four-Door Car,302
WO90953,Oregon,F,College,0,56835,67,0,Personal Auto,Two-Door Car,326
IU47468,Oregon,F,Bachelor,0,0,88,0,Special Auto,Two-Door Car,653
KO46064,California,M,Bachelor,0,46135,69,0,Personal Auto,Four-Door Car,103
RB34917,Arizona,F,Bachelor,0,0,73,0,Personal Auto,Four-Door Car,809
BI38192,Oregon,F,High School or Below,0,22862,67,0,Personal Auto,Two-Door Car,321
PU18983,Oregon,F,High School or Below,0,21450,110,0,Personal Auto,Sports Car,528
SW79912,Oregon,M,Bachelor,0,95854,65,0,Personal Auto,Two-Door Car,312
ES39217,Oregon,F,Bachelor,0,44897,99,0,Personal Auto,Four-Door Car,580
KP72427,Washington,M,High School or Below,0,64455,108,0,Personal Auto,SUV,133
UA19178,Oregon,F,Master,0,53265,62,0,Personal Auto,Four-Door Car,238
PR53785,Arizona,F,High School or Below,0,0,198,0,Personal Auto,Luxury Car,1577
XF57481,Washington,M,Master,0,50450,90,0,Personal Auto,Two-Door Car,135
CN90378,California,F,High School or Below,0,54780,88,0,Personal Auto,Four-Door Car,135
KI56154,Nevada,M,High School or Below,0,0,119,0,Personal Auto,Sports Car,571
UI55951,California,M,Bachelor,0,67798,69,0,Personal Auto,Four-Door Car,331
FF28650,Oregon,M,Bachelor,0,21442,118,0,Personal Auto,SUV,566
FS55302,California,M,Bachelor,0,27615,62,0,Personal Auto,Four-Door Car,297
TN79487,California,M,Bachelor,0,17622,65,0,Personal Auto,Four-Door Car,312
HG32616,Nevada,M,High School or Below,0,50200,135,0,Personal Auto,Sports Car,637
UK41984,Arizona,F,Doctor,0,0,112,0,Personal Auto,SUV,537
LZ52266,California,F,High School or Below,0,0,96,0,Personal Auto,Four-Door Car,460
PM27367,California,F,Master,0,73570,70,0,Special Auto,Two-Door Car,75
ZK21724,Oregon,F,High School or Below,0,0,111,0,Personal Auto,SUV,799
BH35482,Washington,M,Doctor,0,70412,61,0,Corporate Auto,Two-Door Car,136
QE22757,Nevada,M,Doctor,0,36631,62,0,Personal Auto,Four-Door Car,67
ON77649,Oregon,F,College,0,35895,73,0,Personal Auto,Four-Door Car,312
RN82884,Arizona,F,College,0,40864,109,0,Personal Auto,SUV,166
CQ75652,Oregon,M,College,0,0,118,0,Personal Auto,Four-Door Car,566
FF58467,Arizona,F,Master,0,93018,63,0,Personal Auto,Four-Door Car,135
BS83666,Oregon,M,Bachelor,0,70014,62,0,Corporate Auto,Four-Door Car,17
WO29605,Oregon,F,College,0,48875,61,0,Personal Auto,Two-Door Car,1
TL77607,California,M,Bachelor,0,67969,74,0,Personal Auto,Four-Door Car,197
EZ50606,Oregon,F,High School or Below,0,0,108,0,Corporate Auto,SUV,612
OS39723,Oregon,F,Doctor,0,68665,69,0,Personal Auto,Two-Door Car,331
FN69743,California,M,College,0,26802,66,0,Corporate Auto,Two-Door Car,316
XW96958,Nevada,M,High School or Below,0,0,110,0,Corporate Auto,Four-Door Car,1193
TU92578,California,M,College,0,45345,125,0,Personal Auto,SUV,600
TL43709,Washington,M,Bachelors,0,89689,74,0,Personal Auto,Four-Door Car,136
YE68736,California,F,Bachelor,0,32051,193,0,Personal Auto,SUV,926
OB96537,Oregon,M,Master,0,81139,74,0,Special Auto,Four-Door Car,392
EU68825,Oregon,F,Master,0,63834,100,0,Personal Auto,Sports Car,215
CC31456,Arizona,M,Bachelor,0,37548,81,0,Special Auto,Four-Door Car,160
DJ77787,Arizona,F,High School or Below,0,0,69,0,Personal Auto,Four-Door Car,371
LN26837,California,M,High School or Below,0,72421,65,0,Personal Auto,Four-Door Car,312
YI92916,Nevada,M,Master,0,83102,116,0,Corporate Auto,Four-Door Car,443
NW54906,Oregon,M,College,0,28432,118,0,Personal Auto,SUV,612
ME77513,Nevada,F,Master,0,83707,108,0,Corporate Auto,Four-Door Car,290
UK76891,California,F,College,0,63259,65,0,Corporate Auto,Four-Door Car,316
SI26888,Nevada,F,High School or Below,0,0,67,0,Personal Auto,Four-Door Car,405
YD74948,Oregon,F,College,0,63860,62,0,Personal Auto,Four-Door Car,208
HB64268,Washington,M,Bachelor,0,43836,73,0,Personal Auto,Four-Door Car,138
BW52697,California,F,College,0,86132,68,0,Personal Auto,Two-Door Car,301
NL41409,Oregon,F,Bachelor,0,28519,66,0,Personal Auto,Two-Door Car,456
OD69005,Arizona,F,High School or Below,0,39102,88,0,Personal Auto,Four-Door Car,152
ZZ91716,California,F,Bachelor,0,0,89,0,Personal Auto,Four-Door Car,491
UK70255,California,F,College,0,97298,128,0,Personal Auto,Sports Car,48
QT25383,Nevada,M,High School or Below,0,41986,84,0,Personal Auto,Two-Door Car,430
AW18068,Arizona,M,High School or Below,0,0,88,0,Personal Auto,Two-Door Car,633
NS45347,Oregon,F,College,0,17291,73,0,Personal Auto,Four-Door Car,350
FV19421,California,M,Bachelor,0,0,74,0,Personal Auto,Four-Door Car,246
XW89091,California,M,College,0,37256,62,0,Personal Auto,Four-Door Car,128
YC11951,Oregon,M,High School or Below,0,96306,95,0,Corporate Auto,Four-Door Car,185
UY18770,California,F,Bachelor,0,14290,271,0,Personal Auto,Luxury SUV,1300
RA49085,California,F,College,0,37038,71,0,Corporate Auto,Four-Door Car,9
BG84194,Oregon,M,College,0,90760,103,0,Special Auto,SUV,133
PT64580,Washington,M,Master,0,77048,103,0,Personal Auto,SUV,141
MR67738,Oregon,F,High School or Below,0,54480,67,0,Personal Auto,Four-Door Car,321
DM95829,California,M,College,0,16244,68,0,Personal Auto,Two-Door Car,623
DB75522,California,F,College,0,22436,89,0,Special Auto,Four-Door Car,427
LM34525,Washington,F,College,0,71592,72,0,Personal Auto,Four-Door Car,141
WW30771,Arizona,M,Master,0,28728,67,0,Personal Auto,Four-Door Car,321
QP65569,Arizona,M,High School or Below,0,57449,103,0,Personal Auto,Four-Door Car,494
TN50051,California,F,Doctor,0,83318,73,0,Personal Auto,Two-Door Car,211
UO86707,Washington,M,Bachelors,0,75217,61,0,Personal Auto,Four-Door Car,147
JA41698,Nevada,M,Bachelor,0,0,102,0,Corporate Auto,SUV,862
NX18774,Oregon,M,Bachelor,0,55308,107,0,Corporate Auto,SUV,513
DA69469,Oregon,F,College,0,36068,97,0,Personal Auto,Two-Door Car,113
CN23147,Oregon,M,Bachelor,0,48804,112,0,Corporate Auto,Four-Door Car,537
RA68844,Oregon,M,College,0,0,131,0,Personal Auto,SUV,943
GH42026,Oregon,M,Bachelor,0,55790,111,0,Personal Auto,SUV,117
BD16530,Arizona,F,Bachelor,0,70258,69,0,Personal Auto,Four-Door Car,225
JH91579,Oregon,F,Bachelor,0,0,95,0,Personal Auto,Two-Door Car,456
WK23685,Oregon,F,Bachelor,0,47274,83,0,Corporate Auto,Four-Door Car,182
GR62267,Washington,F,College,0,44705,71,0,Personal Auto,Two-Door Car,148
PI78084,Arizona,M,High School or Below,0,0,73,0,Personal Auto,Two-Door Car,525
GF97874,Washington,F,Master,0,70446,65,0,Personal Auto,Four-Door Car,155
ZH19885,Washington,F,High School or Below,0,43860,65,0,Personal Auto,Four-Door Car,156
UK25655,Oregon,F,Bachelor,0,64348,86,0,Personal Auto,Two-Door Car,212
QR45101,Oregon,M,Bachelor,0,0,62,0,Corporate Auto,Two-Door Car,297
EL93539,California,M,Master,0,88997,72,0,Special Auto,Four-Door Car,174
EE99484,Washington,F,High School or Below,0,43860,65,0,Corporate Auto,Four-Door Car,156
DP46882,California,F,High School or Below,0,10312,78,0,Corporate Auto,Four-Door Car,486
WP41146,California,F,High School or Below,0,0,72,0,Personal Auto,Four-Door Car,345
TK60799,Arizona,F,High School or Below,0,96263,103,0,Personal Auto,SUV,1
DN29808,California,F,College,0,28919,72,0,Corporate Auto,Four-Door Car,518
SS59521,Oregon,F,College,0,0,68,0,Personal Auto,Two-Door Car,326
NG66579,Oregon,M,Bachelor,0,41869,64,0,Personal Auto,Two-Door Car,262
TC14209,Arizona,F,High School or Below,0,0,128,0,Personal Auto,SUV,921
ED50963,California,F,High School or Below,0,32808,68,0,Personal Auto,Four-Door Car,541
GP40701,California,F,Bachelor,0,79780,68,0,Personal Auto,Four-Door Car,326
CP98451,Oregon,F,College,0,91025,112,0,Personal Auto,SUV,327
NX52648,California,F,High School or Below,0,33043,95,0,Personal Auto,Two-Door Car,456
ZC32510,Arizona,M,High School or Below,0,69442,118,0,Personal Auto,Four-Door Car,1265
NG27780,Oregon,M,College,0,0,70,0,Corporate Auto,Four-Door Car,63
HN95240,Arizona,F,College,0,0,70,0,Corporate Auto,Four-Door Car,336
EB59129,Oregon,F,Bachelor,0,47234,65,0,Personal Auto,Four-Door Car,15
RA70851,Oregon,M,High School or Below,0,86863,92,0,Personal Auto,Four-Door Car,441
PM19162,Oregon,M,Bachelor,0,25805,66,0,Personal Auto,Four-Door Car,375
MS59005,Nevada,M,Bachelor,0,43676,76,0,Personal Auto,Four-Door Car,364
SU71163,Arizona,M,College,0,59855,74,0,Personal Auto,Two-Door Car,355
BD35676,Arizona,M,Master,0,35296,126,0,Personal Auto,SUV,452
NI44621,Oregon,F,Master,0,36576,125,0,Personal Auto,SUV,113
EW33419,California,F,High School or Below,0,28513,100,0,Corporate Auto,SUV,480
HX44948,Oregon,M,Bachelor,0,85448,72,0,Special Auto,Four-Door Car,16
DL36983,Oregon,F,High School or Below,0,23791,110,0,Personal Auto,Two-Door Car,615
XR87264,California,F,Bachelor,0,20597,112,0,Personal Auto,Four-Door Car,615
NN99001,Arizona,F,College,0,56940,87,0,Personal Auto,Four-Door Car,512
XV95530,Oregon,M,Bachelor,0,93210,71,0,Personal Auto,Two-Door Car,74
OL97871,Oregon,F,Bachelor,0,48992,94,0,Personal Auto,Four-Door Car,426
HQ23708,Arizona,F,Master,0,53736,71,0,Personal Auto,Two-Door Car,169
WR63188,Arizona,M,College,0,25378,66,0,Personal Auto,Four-Door Car,419
NG82219,Oregon,F,Bachelor,0,76731,64,0,Personal Auto,Four-Door Car,201
KU29408,Washington,M,Master,0,37722,116,0,Corporate Auto,Sports Car,158
RE46783,California,F,Bachelor,0,69379,103,0,Personal Auto,Two-Door Car,494
RU94434,Oregon,M,High School or Below,0,57449,103,0,Personal Auto,Four-Door Car,494
GI82355,Arizona,M,Bachelor,0,0,68,0,Corporate Auto,Four-Door Car,326
VO26340,Nevada,M,College,0,0,93,0,Personal Auto,Two-Door Car,669
NV61299,Arizona,F,Bachelor,0,33806,89,0,Corporate Auto,Four-Door Car,395
DX31066,Washington,F,College,0,94041,66,0,Personal Auto,Four-Door Car,159
CY50337,Oregon,F,College,0,74965,90,0,Personal Auto,Four-Door Car,58
TJ20375,Arizona,F,High School or Below,0,34095,63,0,Personal Auto,Two-Door Car,302
EP72155,California,F,College,0,0,66,0,Personal Auto,Four-Door Car,316
JJ76159,California,M,College,0,96045,61,0,Corporate Auto,Four-Door Car,8
BG15419,Nevada,F,Bachelor,0,86355,118,0,Personal Auto,Sports Car,285
AO74776,California,F,High School or Below,0,27824,118,0,Personal Auto,SUV,566
HQ82233,California,M,High School or Below,0,42995,101,0,Personal Auto,SUV,410
OL72737,Oregon,F,High School or Below,0,21235,79,0,Personal Auto,Two-Door Car,244
ZQ59828,California,M,High School or Below,0,74585,106,0,Personal Auto,SUV,218
NZ15548,Oregon,M,Bachelor,0,41833,103,0,Personal Auto,Four-Door Car,643
XK61304,California,F,College,0,23908,70,0,Personal Auto,Four-Door Car,336
EJ44139,Oregon,M,Bachelor,0,0,65,0,Personal Auto,Two-Door Car,312
CM94425,Arizona,M,Bachelor,0,61953,113,0,Personal Auto,SUV,497
OV54878,California,M,Bachelor,0,0,142,0,Corporate Auto,SUV,1022
JF57282,Nevada,M,Bachelor,0,0,137,0,Personal Auto,SUV,657
MY37953,Arizona,F,Bachelor,0,73760,107,0,Personal Auto,Sports Car,230
XP64922,Oregon,F,College,0,23333,74,0,Corporate Auto,Four-Door Car,5
WL65572,California,M,College,0,0,61,0,Personal Auto,Four-Door Car,292
LN50325,Arizona,F,High School or Below,0,20440,128,0,Corporate Auto,Sports Car,614
HJ15383,Washington,M,Master,0,27658,68,0,Personal Auto,Four-Door Car,160
KH59823,California,M,College,0,50943,139,0,Special Auto,SUV,667
YM79169,California,M,Bachelor,0,19003,71,0,Personal Auto,Two-Door Car,34
DR38127,California,M,College,0,46703,108,0,Personal Auto,Four-Door Car,678
PU42145,California,M,Bachelor,0,14072,71,0,Personal Auto,Four-Door Car,511
KM33477,Oregon,M,College,0,21733,73,0,Corporate Auto,Four-Door Car,525
RI53167,Arizona,M,Bachelor,0,20811,61,0,Personal Auto,Four-Door Car,292
OF77789,Arizona,F,High School or Below,0,11904,61,0,Personal Auto,Two-Door Car,292
YB33445,Oregon,F,College,0,43490,114,0,Corporate Auto,SUV,174
BA17836,California,M,High School or Below,0,57340,67,0,Corporate Auto,Four-Door Car,159
JS43228,California,M,College,0,49088,97,0,Corporate Auto,Four-Door Car,698
BB11622,Nevada,M,Master,0,47761,131,0,Personal Auto,SUV,232
HQ70429,Washington,F,College,0,0,65,0,Personal Auto,Two-Door Car,163
WK88044,Arizona,M,Bachelor,0,61281,110,0,Personal Auto,SUV,79
LA80525,Nevada,M,Bachelor,0,0,82,0,Corporate Auto,Two-Door Car,393
EH16250,Arizona,M,Bachelor,0,25290,66,0,Personal Auto,Four-Door Car,382
PU41872,Arizona,F,High School or Below,0,24239,88,0,Personal Auto,Four-Door Car,48
HB85743,California,M,Bachelor,0,82664,114,0,Personal Auto,SUV,133
MM71959,Arizona,M,Bachelor,0,83210,110,0,Personal Auto,Sports Car,528
MB83663,Oregon,F,Bachelor,0,38736,81,0,Personal Auto,Two-Door Car,561
KR43119,California,M,College,0,0,66,0,Personal Auto,Four-Door Car,316
KH24214,Oregon,M,College,0,55437,64,0,Personal Auto,Four-Door Car,445
AC40767,Washington,M,Bachelors,0,68041,6464,0,Personal Auto,Two-Door Car,165
HP55391,Oregon,M,Master,0,0,71,0,Corporate Auto,Four-Door Car,407
EG62398,California,F,High School or Below,0,29066,100,0,Personal Auto,SUV,844
VS19949,Nevada,M,Bachelor,0,54337,72,0,Personal Auto,Four-Door Car,345
AM92343,Oregon,F,High School or Below,0,67616,96,0,Personal Auto,Four-Door Car,340
GI68556,California,F,Bachelor,0,41082,63,0,Personal Auto,Two-Door Car,106
JT11876,WA,F,High School or Below,0,0,10202,0,Personal Auto,Four-Door Car,626
XR64251,Nevada,F,Master,0,36650,69,0,Personal Auto,Four-Door Car,56
MK34957,Oregon,F,College,0,50631,112,0,Special Auto,SUV,784
GP18756,California,M,College,0,19592,92,0,Personal Auto,Four-Door Car,441
AP23850,WA,F,High School or Below,0,0,114,0,Personal Auto,Two-Door Car,547
KQ65521,Arizona,F,College,0,55761,115,0,Personal Auto,Sports Car,86
EJ19449,California,F,College,0,17576,71,0,Special Auto,Four-Door Car,398
QB70027,California,F,Bachelor,0,41449,89,0,Personal Auto,Four-Door Car,63
QW47320,Cali,F,Bachelor,0,14290,271,0,Personal Auto,Luxury SUV,1300
KH64733,Nevada,F,College,0,62007,73,0,Personal Auto,Four-Door Car,120
ON59472,Arizona,M,High School or Below,0,21921,206,0,Corporate Auto,Luxury SUV,1254
HP94242,Arizona,F,Bachelor,0,42621,66,0,Personal Auto,Four-Door Car,316
RV15398,Oregon,M,College,0,0,87,0,Personal Auto,Four-Door Car,417
EA25683,WA,M,High School or Below,0,63786,196,0,Corporate Auto,Luxury SUV,798
PW73754,Cali,F,High School or Below,0,0,104,0,Personal Auto,Sports Car,82
MC71942,Cali,F,High School or Below,0,82877,99,0,Personal Auto,Two-Door Car,22
OX72195,Arizona,M,College,0,0,63,0,Corporate Auto,Two-Door Car,302
YQ99152,Nevada,M,High School or Below,0,10475,88,0,Personal Auto,Two-Door Car,422
KI19439,Oregon,F,High School or Below,0,21952,66,0,Personal Auto,Four-Door Car,316
PM76175,Oregon,F,Bachelor,0,49721,132,0,Corporate Auto,Sports Car,639
US45383,Cali,M,College,0,88340,102,0,Personal Auto,Two-Door Car,489
GT38956,Cali,F,College,0,0,65,0,Personal Auto,Four-Door Car,312
SN41301,Oregon,M,Bachelor,0,0,65,0,Corporate Auto,Four-Door Car,468
BE62503,WA,F,College,0,24589,82,0,Personal Auto,Two-Door Car,511
PA16884,Cali,F,Bachelor,0,69379,103,0,Personal Auto,Two-Door Car,494
NC58480,Nevada,F,Bachelor,0,73769,61,0,Personal Auto,Four-Door Car,239
NS39326,Cali,F,College,0,66670,114,0,Personal Auto,SUV,518
PN18507,Arizona,M,Bachelor,0,88854,118,0,Personal Auto,Two-Door Car,715
EK91340,Oregon,M,Bachelor,0,31266,193,0,Corporate Auto,Luxury Car,926
JY16280,Cali,F,High School or Below,0,43860,65,0,Personal Auto,Four-Door Car,156
ZW71731,Cali,M,Bachelor,0,89284,133,0,Corporate Auto,SUV,402
ZC24631,Oregon,M,College,0,67267,89,0,Corporate Auto,Four-Door Car,94
YR34689,Cali,F,High School or Below,0,79270,95,0,Personal Auto,Four-Door Car,456
RT65829,Oregon,M,Bachelor,0,36692,109,0,Personal Auto,Four-Door Car,523
BZ12077,Oregon,F,High School or Below,0,0,119,0,Personal Auto,SUV,571
WM65373,Cali,F,College,0,0,107,0,Corporate Auto,SUV,513
NH35059,Nevada,M,College,0,0,105,0,Corporate Auto,Four-Door Car,504
QD38160,Oregon,M,College,0,0,135,0,Personal Auto,SUV,972
BM15160,Cali,F,High School or Below,0,44624,71,0,Special Auto,Four-Door Car,73
VY79030,Arizona,F,College,0,0,71,0,Corporate Auto,Four-Door Car,340
EV19512,Nevada,F,Master,0,19614,85,0,Personal Auto,Two-Door Car,574
TE13577,Oregon,F,College,0,0,64,0,Personal Auto,Four-Door Car,632
WY97929,Arizona,M,College,0,83846,74,0,Special Auto,Four-Door Car,355
YG20683,WA,M,College,0,51159,72,0,Personal Auto,Four-Door Car,4
FK75497,Cali,M,College,0,83772,62,0,Personal Auto,Two-Door Car,42
NE60110,Arizona,M,College,0,66839,154,0,Personal Auto,Sports Car,739
TN36521,Arizona,F,College,0,88440,70,0,Personal Auto,Two-Door Car,27
HG33568,Arizona,F,Master,0,25666,63,0,Personal Auto,Four-Door Car,270
TW17878,Oregon,F,High School or Below,0,52926,61,0,Personal Auto,Four-Door Car,292
ZO83562,Nevada,F,Bachelor,0,0,67,0,Personal Auto,Four-Door Car,494
CH97539,WA,F,Bachelor,0,40001,70,0,Personal Auto,Four-Door Car,142
CV29889,Cali,M,College,0,0,70,0,Personal Auto,Four-Door Car,425
MO33320,Oregon,M,College,0,18024,65,0,Personal Auto,Two-Door Car,312
QZ81258,Oregon,F,College,0,0,68,0,Personal Auto,Four-Door Car,326
NY56352,Oregon,F,Bachelor,0,23220,74,0,Personal Auto,Four-Door Car,251
EA27048,Cali,F,High School or Below,0,64125,108,0,Personal Auto,SUV,369
UT38865,Oregon,F,College,0,58042,62,0,Corporate Auto,Four-Door Car,161
QC89139,Oregon,F,High School or Below,0,90034,112,0,Corporate Auto,SUV,537
LA14484,Nevada,M,High School or Below,0,27972,61,0,Special Auto,Four-Door Car,292
HN57556,Cali,F,High School or Below,0,0,65,0,Personal Auto,Four-Door Car,312
CV31235,Arizona,M,Bachelor,0,50989,80,0,Corporate Auto,Four-Door Car,255
WR45726,Arizona,F,Bachelor,0,11885,101,0,Special Auto,Four-Door Car,484
LB25094,Cali,F,Bachelor,0,89451,63,0,Special Auto,Four-Door Car,61
KW56110,Oregon,M,Bachelor,0,0,182,0,Personal Auto,Luxury Car,1310
XO36233,WA,M,Bachelor,0,78904,109,0,Personal Auto,SUV,250
ZX86243,Arizona,M,Doctor,0,70247,83,0,Personal Auto,Four-Door Car,141
DW29763,Arizona,M,High School or Below,0,32653,67,0,Personal Auto,Two-Door Car,321
CT83377,WA,M,High School or Below,0,93595,97,0,Special Auto,Four-Door Car,49
OQ90898,Cali,M,Master,0,90279,115,0,Personal Auto,SUV,372
GO77248,Oregon,F,College,0,0,72,0,Personal Auto,Four-Door Car,542
QW33258,Cali,M,Bachelor,0,53310,189,0,Personal Auto,Luxury Car,1360
OU79745,Cali,M,College,0,0,105,0,Personal Auto,Four-Door Car,504
VZ79886,Oregon,F,Bachelor,0,22234,160,0,Personal Auto,SUV,768
FI92440,WA,F,High School or Below,0,91375,99,0,Personal Auto,Two-Door Car,72
YG85980,Nevada,F,High School or Below,0,22250,86,0,Personal Auto,Two-Door Car,720
QM74621,Oregon,M,Bachelor,0,0,80,0,Personal Auto,Four-Door Car,576
EI71732,Oregon,F,Doctor,0,0,84,0,Personal Auto,Four-Door Car,481
VN79010,Cali,F,High School or Below,0,51179,71,0,Corporate Auto,Four-Door Car,466
FI61723,Cali,M,Bachelor,0,38667,72,0,Personal Auto,Four-Door Car,159
OH55411,Cali,F,Master,0,79487,114,0,Corporate Auto,SUV,547
TF10720,Nevada,F,Doctor,0,67763,107,0,Personal Auto,Four-Door Car,41
NW30838,Nevada,M,High School or Below,0,0,62,0,Corporate Auto,Four-Door Car,503
CB58476,Oregon,F,College,0,0,71,0,Corporate Auto,Four-Door Car,859
WI69346,Cali,F,Master,0,71943,112,0,Corporate Auto,SUV,305
FS76657,Oregon,F,College,0,53526,68,0,Personal Auto,Four-Door Car,278
YX89016,Oregon,M,College,0,35005,295,0,Personal Auto,Luxury Car,1416
PK28821,Cali,M,College,0,24721,67,0,Personal Auto,Four-Door Car,139
MB51200,WA,M,College,0,0,102,0,Personal Auto,Four-Door Car,734
XG44587,Arizona,M,Master,0,88997,72,0,Personal Auto,Four-Door Car,174
FG91922,Arizona,M,Master,0,48587,111,0,Personal Auto,SUV,532
OM99303,Arizona,F,High School or Below,0,76310,67,0,Personal Auto,Two-Door Car,321
RV67546,Cali,M,Bachelor,0,73205,92,0,Personal Auto,Four-Door Car,37
UJ79253,Oregon,F,College,0,51056,78,0,Personal Auto,Four-Door Car,95
PN98247,Cali,M,College,0,58414,210,0,Personal Auto,Luxury SUV,1008
IB67546,Cali,F,Bachelor,0,23940,107,0,Personal Auto,SUV,513
OE19087,Cali,F,High School or Below,0,0,62,0,Personal Auto,Four-Door Car,446
CM95716,Cali,M,Bachelor,0,44216,71,0,Personal Auto,Four-Door Car,72
MW62634,Cali,M,High School or Below,0,27972,61,0,Corporate Auto,Four-Door Car,292
QW67581,Arizona,F,High School or Below,0,0,69,0,Personal Auto,Four-Door Car,331
SN16059,Cali,F,Master,0,29305,66,0,Personal Auto,Four-Door Car,475
OE51254,Cali,F,College,0,53882,69,0,Personal Auto,Four-Door Car,331
RM42344,Oregon,M,College,0,91757,69,0,Personal Auto,Four-Door Car,331
GB35238,Cali,F,Bachelor,0,33906,64,0,Personal Auto,Two-Door Car,401
ML82674,Oregon,M,Bachelor,0,68158,139,0,Personal Auto,SUV,253
EI85244,Cali,M,College,0,0,134,0,Personal Auto,SUV,643
DE28132,Oregon,M,College,0,42165,123,0,Corporate Auto,SUV,799
TV25678,WA,M,College,0,0,101,0,Personal Auto,SUV,727
TY26512,Cali,M,Doctor,0,30817,88,0,Personal Auto,Four-Door Car,91
OB69153,Cali,M,Bachelor,0,68074,65,0,Personal Auto,Four-Door Car,27
QZ77637,Washington,F,College,0,84978,35353,0,Corporate Auto,Four-Door Car,166
XN41715,Cali,F,Master,0,71135,92,0,Personal Auto,Four-Door Car,270
QR15857,Cali,F,College,0,0,61,0,Personal Auto,Two-Door Car,292
FL69363,Oregon,M,Master,0,37722,116,0,Personal Auto,Sports Car,158
IS30295,Arizona,F,Bachelor,0,0,139,0,Personal Auto,SUV,667
WA25797,Washington,Male,High School or Below,0,95697,107,0,Personal Auto,Sports Car,178
NL59519,Cali,F,College,0,64642,96,0,Personal Auto,Four-Door Car,404
ZU93025,Oregon,F,College,0,50071,71,0,Personal Auto,Two-Door Car,18
DK94262,Oregon,M,High School or Below,0,46754,106,0,Personal Auto,SUV,513
UQ30615,Cali,M,College,0,64801,64,0,Corporate Auto,Four-Door Car,268
OR40060,Arizona,M,Bachelor,0,70410,83,0,Personal Auto,Four-Door Car,131
DK32872,Nevada,F,High School or Below,0,66957,131,0,Personal Auto,SUV,628
FA46418,Nevada,F,High School or Below,0,24213,78,0,Personal Auto,Four-Door Car,374
ER19995,Washington,F,College,0,99790,6464,0,Personal Auto,Four-Door Car,178
KI75855,Oregon,M,Master,0,79751,63,0,Personal Auto,Two-Door Car,392
ND41876,Arizona,M,High School or Below,0,86122,182,0,Personal Auto,Luxury SUV,873
PN21042,Arizona,M,Bachelor,0,82297,116,0,Personal Auto,Sports Car,0
GJ43254,Washington,M,College,0,89057,98,0,Corporate Auto,Two-Door Car,187
AL46984,Cali,M,High School or Below,0,43259,73,0,Personal Auto,Four-Door Car,350
JP58047,Oregon,M,College,0,0,79,0,Personal Auto,Four-Door Car,379
ZE85014,Cali,M,College,0,25064,62,0,Personal Auto,Four-Door Car,297
KU88219,Arizona,M,Master,0,25816,119,0,Personal Auto,Sports Car,571
UU98729,Cali,M,Bachelor,0,0,73,0,Personal Auto,Four-Door Car,350
WS82822,Oregon,F,College,0,41662,69,0,Corporate Auto,Four-Door Car,217
YB49933,Arizona,M,Bachelor,0,96170,92,0,Personal Auto,Four-Door Car,441
XC16387,Arizona,F,High School or Below,0,46072,64,0,Personal Auto,Four-Door Car,25
XJ96748,Arizona,F,High School or Below,0,37931,99,0,Personal Auto,Four-Door Car,475
TM98684,Oregon,M,High School or Below,0,35127,62,0,Personal Auto,Four-Door Car,297
AY18433,Washington,F,High School or Below,0,45473,76,0,Special Auto,Two-Door Car,188
DM74502,Nevada,F,College,0,93087,131,0,Corporate Auto,Sports Car,628
FT56968,Arizona,M,High School or Below,0,22398,67,0,Personal Auto,Four-Door Car,321
OX36896,Cali,M,High School or Below,0,92983,87,0,Corporate Auto,Four-Door Car,153
BZ65376,Arizona,M,Bachelor,0,27689,239,0,Personal Auto,Luxury SUV,2893
LN34660,Cali,F,College,0,69654,118,0,Corporate Auto,SUV,629
JC29295,Cali,F,Bachelor,0,80744,111,0,Personal Auto,SUV,361
KJ87930,Cali,F,Bachelor,0,0,112,0,Corporate Auto,SUV,1185
XT36360,Arizona,F,High School or Below,0,0,64,0,Personal Auto,Four-Door Car,460
IX35050,Arizona,M,Bachelor,0,76358,66,0,Special Auto,Four-Door Car,86
UN97379,Oregon,M,Bachelor,0,18608,71,0,Corporate Auto,Four-Door Car,340
MR57294,Cali,M,High School or Below,0,73168,70,0,Personal Auto,Four-Door Car,425
UG79499,Washington,M,Bachelor,0,70930,99,0,Personal Auto,Four-Door Car,190
UA50747,Washington,F,High School or Below,0,62262,72,0,Corporate Auto,Four-Door Car,193
GL20444,Nevada,F,Master,0,91474,113,0,Corporate Auto,Two-Door Car,24
SP58110,Cali,F,Bachelor,0,61469,63,0,Personal Auto,Four-Door Car,302
XM91635,Arizona,F,High School or Below,0,16618,62,0,Special Auto,Four-Door Car,219
TV82603,Cali,F,Bachelor,0,48081,188,0,Personal Auto,Luxury SUV,881
BB82067,Oregon,M,Doctor,0,67632,121,0,Personal Auto,Sports Car,26
JP94676,Oregon,F,Bachelor,0,34115,119,0,Personal Auto,SUV,466
VU53417,Arizona,M,High School or Below,0,23051,99,0,Personal Auto,Two-Door Car,475
IW54795,Cali,M,College,0,23748,99,0,Personal Auto,Four-Door Car,607
RN78170,Arizona,F,College,0,40589,69,0,Corporate Auto,Four-Door Car,331
IX55883,Cali,F,College,0,50809,83,0,Personal Auto,Four-Door Car,290
XM72420,Arizona,F,High School or Below,0,66676,97,0,Personal Auto,Four-Door Car,558
GC15104,Nevada,F,Bachelor,0,52339,70,0,Corporate Auto,Four-Door Car,336
RX13282,Oregon,M,Bachelor,0,14973,115,0,Personal Auto,SUV,828
QA85890,Arizona,F,High School or Below,0,0,83,0,Corporate Auto,Four-Door Car,540
IR62668,Arizona,F,Bachelor,0,31546,65,0,Personal Auto,Four-Door Car,100
AL96740,Cali,F,College,0,67763,73,0,Personal Auto,Four-Door Car,59
SS48498,Washington,F,College,0,20836,79,0,Corporate Auto,Four-Door Car,193
PE39479,Washington,M,College,0,88592,76,0,Corporate Auto,Four-Door Car,199
JH62891,Oregon,F,College,0,66943,65,0,Special Auto,Four-Door Car,53
FI20423,Arizona,F,High School or Below,0,81872,115,0,Special Auto,Four-Door Car,256
PM13394,Washington,F,College,0,22404,70,0,Personal Auto,Four-Door Car,211
YV67971,Cali,F,High School or Below,0,21342,62,0,Personal Auto,Four-Door Car,74
QD31377,Cali,M,Bachelor,0,34621,108,0,Corporate Auto,SUV,621
YG10247,Oregon,M,College,0,62396,64,0,Personal Auto,Four-Door Car,307
FE73696,Oregon,M,High School or Below,0,97212,93,0,Personal Auto,Two-Door Car,360
SW19699,Arizona,F,Bachelor,0,49648,70,0,Personal Auto,Four-Door Car,65
QJ40732,Arizona,M,College,0,97984,61,0,Personal Auto,Four-Door Car,407
HM76207,Cali,F,College,0,26308,114,0,Corporate Auto,SUV,547
NT59303,Oregon,F,College,0,63528,256,0,Personal Auto,Luxury Car,1228
PU41393,Nevada,M,College,0,20225,114,0,Special Auto,SUV,547
QO86948,Nevada,M,High School or Below,0,0,112,0,Personal Auto,SUV,806
QN10888,Oregon,F,High School or Below,0,87620,64,0,Personal Auto,Four-Door Car,24
VY19543,Cali,F,Bachelor,0,0,72,0,Corporate Auto,Four-Door Car,311
XC15133,Nevada,F,Master,0,34990,65,0,Personal Auto,Four-Door Car,42
ST43550,Oregon,M,Bachelor,0,99934,71,0,Special Auto,Four-Door Car,460
FX36546,Washington,M,Master,0,60804,92,0,Personal Auto,Four-Door Car,213
JX68983,Oregon,M,Bachelor,0,94648,69,0,Personal Auto,Four-Door Car,331
HX78576,Cali,F,High School or Below,0,24516,71,0,Personal Auto,Four-Door Car,300
ZQ11381,Arizona,M,Bachelor,0,61063,85,0,Personal Auto,Four-Door Car,262
ON39271,Cali,M,Master,0,0,74,0,Personal Auto,Two-Door Car,263
SB18278,Oregon,M,Bachelor,0,0,64,0,Corporate Auto,Four-Door Car,307
ZT30559,Cali,F,High School or Below,0,15169,63,0,Personal Auto,Four-Door Car,302
XI41106,Arizona,M,College,0,55390,71,0,Corporate Auto,Two-Door Car,256
ZS88847,Oregon,F,Bachelor,0,27592,62,0,Personal Auto,Four-Door Car,297
RU49126,Washington,F,College,0,61846,112,0,Personal Auto,SUV,215
KR62797,Arizona,F,High School or Below,0,83297,113,0,Personal Auto,SUV,542
ZJ73220,Arizona,F,College,0,0,188,0,Special Auto,Luxury Car,1353
FY62633,Oregon,M,Bachelor,0,0,90,0,Personal Auto,Four-Door Car,432
CU36986,Cali,F,High School or Below,0,55897,104,0,Personal Auto,Four-Door Car,499
WZ53904,Arizona,M,Bachelor,0,21297,71,0,Personal Auto,Four-Door Car,45
AA71604,Arizona,F,Master,0,87560,98,0,Personal Auto,Two-Door Car,470
TD10493,Oregon,F,High School or Below,0,0,96,0,Personal Auto,Four-Door Car,691
LY97989,Oregon,F,Bachelor,0,0,85,0,Personal Auto,Four-Door Car,408
VX39856,Arizona,F,Doctor,0,89398,86,0,Personal Auto,Four-Door Car,82
TP51897,Cali,F,College,0,36843,68,0,Corporate Auto,Four-Door Car,357
QQ89253,Oregon,F,College,0,0,134,0,Personal Auto,SUV,643
EI91403,Cali,M,High School or Below,0,34946,65,0,Personal Auto,Two-Door Car,420
QG15435,Arizona,F,College,0,75680,78,0,Personal Auto,Four-Door Car,136
FZ55002,Nevada,F,Doctor,0,0,69,0,Personal Auto,Four-Door Car,331
HX77930,Washington,F,College,0,49532,79,0,Personal Auto,Four-Door Car,220
UN37063,Arizona,M,Bachelor,0,10269,65,0,Personal Auto,Two-Door Car,170
VB87946,Cali,M,College,0,49714,63,0,Personal Auto,Four-Door Car,266
AB60627,Cali,M,High School or Below,0,77517,129,0,Corporate Auto,SUV,98
TA34903,Oregon,M,High School or Below,0,81082,73,0,Personal Auto,Four-Door Car,281
AQ51368,Oregon,F,Bachelor,0,72540,88,0,Corporate Auto,Two-Door Car,631
NZ26102,Oregon,F,High School or Below,0,0,65,0,Personal Auto,Four-Door Car,468
GB45753,Cali,M,High School or Below,0,61546,68,0,Corporate Auto,Two-Door Car,29
BV79904,Cali,F,Master,0,44818,67,0,Personal Auto,Two-Door Car,136
OB49075,Arizona,M,Bachelor,0,17622,65,0,Personal Auto,Four-Door Car,312
DS97676,Oregon,F,College,0,0,72,0,Personal Auto,Four-Door Car,518
JO63462,Cali,M,Bachelor,0,79797,84,0,Corporate Auto,Two-Door Car,31
NJ10602,Washington,F,College,0,92717,70,0,Personal Auto,Two-Door Car,224
RS24501,Oregon,F,College,0,28919,173,0,Personal Auto,SUV,830
VT78274,Arizona,M,College,0,0,68,0,Personal Auto,Four-Door Car,480
SU56153,Nevada,M,Bachelor,0,63568,65,0,Corporate Auto,Two-Door Car,390
MN20737,Nevada,F,College,0,73935,64,0,Corporate Auto,Four-Door Car,72
KL43114,Arizona,F,High School or Below,0,0,66,0,Corporate Auto,Two-Door Car,316
YQ15567,Oregon,F,Bachelor,0,18846,115,0,Personal Auto,SUV,552
TR88637,Arizona,F,High School or Below,0,38893,103,0,Personal Auto,SUV,41
TC88986,Oregon,M,High School or Below,0,0,153,0,Special Auto,SUV,1027
XX88577,Cali,M,Bachelor,0,84824,196,0,Corporate Auto,SUV,319
NE49052,Cali,F,High School or Below,0,20068,86,0,Corporate Auto,Four-Door Car,411
KX17826,Oregon,M,Doctor,0,0,125,0,Corporate Auto,SUV,600
CC91503,Arizona,F,High School or Below,0,0,135,0,Personal Auto,Sports Car,648
WH32183,Cali,M,Bachelor,0,97245,70,0,Personal Auto,Four-Door Car,4
ES90681,Cali,F,College,0,51808,61,0,Personal Auto,Four-Door Car,351
DW96592,Cali,M,Bachelor,0,71391,67,0,Personal Auto,Four-Door Car,284
MT23134,Oregon,M,High School or Below,0,0,73,0,Personal Auto,Two-Door Car,496
BM69081,Arizona,M,Bachelor,0,0,100,0,Personal Auto,SUV,925
MB90871,Oregon,F,College,0,23496,77,0,Special Auto,Four-Door Car,13
GT62080,Washington,M,High School or Below,0,55561,63,0,Personal Auto,Four-Door Car,227
QL77686,Nevada,F,College,0,23986,119,0,Corporate Auto,SUV,463
ON77827,Arizona,F,Master,0,22974,71,0,Personal Auto,Four-Door Car,180
KP18988,Oregon,F,High School or Below,0,0,101,0,Personal Auto,Four-Door Car,484
TI92884,Arizona,M,Bachelor,0,61844,106,0,Personal Auto,Sports Car,508
JH73503,Arizona,M,Doctor,0,24804,73,0,Personal Auto,Two-Door Car,350
YE97964,Cali,F,Bachelor,0,27760,104,0,Personal Auto,SUV,302
VA30351,Oregon,F,High School or Below,0,74454,71,0,Personal Auto,Four-Door Car,340
PV55726,Oregon,F,Master,0,29462,107,0,Personal Auto,SUV,513
UC88305,Arizona,F,College,0,52266,68,0,Corporate Auto,Two-Door Car,141
TS53809,Oregon,M,Bachelor,0,0,70,0,Personal Auto,Two-Door Car,349
ZV32120,Cali,M,Doctor,0,23599,103,0,Corporate Auto,SUV,494
FB80807,Oregon,M,Bachelor,0,36088,72,0,Personal Auto,Four-Door Car,345
AS55677,Cali,F,High School or Below,0,70534,104,0,Personal Auto,Four-Door Car,54
WA15684,Oregon,M,College,0,27398,125,0,Personal Auto,SUV,600
SA50567,Nevada,M,Bachelor,0,85296,68,0,Personal Auto,Four-Door Car,342
KJ31611,Arizona,M,High School or Below,0,31063,92,0,Personal Auto,Four-Door Car,441
VL37375,Cali,M,Bachelor,0,0,92,0,Personal Auto,Two-Door Car,1027
KN21017,Nevada,M,High School or Below,0,52367,81,0,Personal Auto,Four-Door Car,275
PX44289,Arizona,M,College,0,58651,71,0,Personal Auto,Four-Door Car,472
AM97901,Nevada,F,College,0,84831,192,0,Special Auto,Sports Car,1336
RE42925,Oregon,M,Bachelor,0,49088,114,0,Corporate Auto,SUV,547
TR81766,Cali,F,College,0,70263,93,0,Corporate Auto,Two-Door Car,7
CH85057,Oregon,F,Doctor,0,45354,285,0,Personal Auto,Luxury SUV,540
UP71482,Arizona,M,High School or Below,0,0,63,0,Personal Auto,Four-Door Car,383
EG40670,Cali,F,Bachelor,0,28334,83,0,Special Auto,Four-Door Car,537
HV83672,Oregon,F,Bachelor,0,38772,90,0,Personal Auto,Four-Door Car,321
MG10140,Oregon,F,College,0,41479,94,0,Personal Auto,Two-Door Car,19
TC44716,Cali,M,Bachelor,0,23909,119,0,Personal Auto,SUV,571
QO65264,Cali,M,College,0,48328,63,0,Personal Auto,Two-Door Car,108
EB66698,Cali,M,High School or Below,0,86689,85,0,Corporate Auto,Two-Door Car,408
OT52034,Cali,M,Bachelor,0,24204,99,0,Personal Auto,Four-Door Car,707
CH85444,Oregon,M,College,0,25943,110,0,Corporate Auto,Two-Door Car,1067
PU85769,Cali,M,High School or Below,0,0,73,0,Personal Auto,Four-Door Car,807
UI73201,Cali,M,College,0,62375,92,0,Personal Auto,Two-Door Car,618
SL50592,Cali,F,High School or Below,0,0,71,0,Corporate Auto,Four-Door Car,404
XP11075,Arizona,M,Bachelor,0,0,148,0,Personal Auto,SUV,710
SI31236,Oregon,M,Bachelor,0,70200,65,0,Corporate Auto,Four-Door Car,312
JN26745,Nevada,F,Bachelor,0,0,112,0,Special Auto,Four-Door Car,707
VK48036,Oregon,F,College,0,79027,70,0,Corporate Auto,Four-Door Car,336
JX76668,Washington,F,High School or Below,0,62935,141,0,Personal Auto,Sports Car,232
DS45802,Cali,F,High School or Below,0,26893,68,0,Personal Auto,Four-Door Car,68
OA96690,Oregon,F,High School or Below,0,47406,94,0,Personal Auto,Four-Door Car,287
EM27919,Cali,M,Bachelor,0,17622,65,0,Personal Auto,Four-Door Car,312
QO41043,Oregon,F,College,0,27572,124,0,Corporate Auto,SUV,595
OV50124,Oregon,F,College,0,0,72,0,Personal Auto,Two-Door Car,391
PR31642,Oregon,F,Bachelor,0,32802,114,0,Personal Auto,SUV,547
BU41599,Washington,F,Master,0,62739,70,0,Personal Auto,Two-Door Car,239
TK30357,Cali,F,Bachelor,0,90844,118,0,Personal Auto,SUV,232
NF31087,Nevada,F,High School or Below,0,44685,69,0,Personal Auto,Four-Door Car,331
NH16984,Cali,F,Bachelor,0,0,80,0,Personal Auto,Four-Door Car,336
OS75493,Cali,F,High School or Below,0,42589,98,0,Corporate Auto,Four-Door Car,470
VT63298,Oregon,M,Bachelor,0,0,72,0,Personal Auto,Four-Door Car,345
QS75550,Washington,F,Bachelors,0,93383,62,0,Corporate Auto,Two-Door Car,244
SZ16483,Arizona,F,High School or Below,0,79583,109,0,Personal Auto,Four-Door Car,523
VM92311,Arizona,F,High School or Below,0,89129,64,0,Personal Auto,Four-Door Car,328
NJ46849,Arizona,M,College,0,0,69,0,Personal Auto,Four-Door Car,496
WZ31900,Oregon,F,Bachelor,0,94389,107,0,Corporate Auto,SUV,85
RG30482,Oregon,F,College,0,0,197,0,Personal Auto,SUV,1418
ZM86949,Oregon,F,High School or Below,0,84106,64,0,Personal Auto,Two-Door Car,334
QQ39596,Arizona,F,College,0,0,69,0,Personal Auto,Four-Door Car,42
FH51383,Cali,F,High School or Below,0,76717,66,0,Personal Auto,Two-Door Car,300
BJ53923,Arizona,M,High School or Below,0,51978,66,0,Corporate Auto,Four-Door Car,144
CZ96653,Oregon,F,Bachelor,0,47325,107,0,Personal Auto,SUV,64
FB23788,Oregon,M,High School or Below,0,86721,111,0,Corporate Auto,SUV,532
NT43594,Nevada,F,Bachelor,0,24910,63,0,Personal Auto,Four-Door Car,347
RJ85627,Washington,F,Bachelor,0,43817,62,0,Personal Auto,Four-Door Car,245
KJ86296,Oregon,M,High School or Below,0,0,73,0,Personal Auto,Four-Door Car,525
PI47776,Oregon,F,Bachelor,0,89451,63,0,Corporate Auto,Four-Door Car,61
MD73554,Cali,M,College,0,59537,66,0,Personal Auto,Two-Door Car,316
UX92071,Oregon,M,High School or Below,0,0,199,0,Personal Auto,Luxury SUV,955
YG44474,Oregon,M,College,0,54193,117,0,Corporate Auto,SUV,720
UH45301,Oregon,M,College,0,86946,118,0,Personal Auto,Four-Door Car,340
RY92647,Cali,F,Bachelor,0,0,92,0,Personal Auto,Four-Door Car,546
IK12620,Arizona,F,High School or Below,0,12160,109,0,Personal Auto,Four-Door Car,489
GQ66762,Cali,M,College,0,33701,63,0,Personal Auto,Four-Door Car,171
YT69858,Washington,F,Bachelor,0,85702,67,0,Personal Auto,Two-Door Car,249
XD85577,Cali,M,Bachelor,0,69417,73,0,Personal Auto,Four-Door Car,30
TM65736,Oregon,M,Master,0,38644,78,0,Personal Auto,Four-Door Car,361
VJ51327,Cali,F,High School or Below,0,63209,102,0,Personal Auto,SUV,207
GS98873,Arizona,F,Bachelor,0,16061,88,0,Personal Auto,Four-Door Car,633
CW49887,California,F,Master,0,79487,114,0,Special Auto,SUV,547
MY31220,California,F,College,0,54230,112,0,Personal Auto,Two-Door Car,537
Unknown,Oregon,F,Not Specified,0,36234,83,0,Personal Auto,Other,354
GS98873,Arizona,F,Bachelor,0,16061,88,0,Personal Auto,Four-Door Car,633
CW49887,California,F,Master,0,79487,114,0,Special Auto,SUV,547
MY31220,California,F,College,0,54230,112,0,Personal Auto,Two-Door Car,537
UH35128,Oregon,F,College,0,71210,214,0,Personal Auto,Luxury Car,1027
WH52799,Arizona,F,College,0,94903,94,0,Corporate Auto,Two-Door Car,451
WL99637,Arizona,M,Bachelor,0,27293,96,0,Personal Auto,Two-Door Car,469
UC84059,California,F,Master,0,70950,171,0,Personal Auto,Sports Car,565
HW62747,Oregon,M,College,0,0,63,0,Corporate Auto,Four-Door Car,302
BH11344,Oregon,F,Doctor,0,37009,71,0,Corporate Auto,Two-Door Car,145
TX28465,Nevada,M,College,0,52629,65,0,Personal Auto,Four-Door Car,136
OK56965,California,F,Bachelor,0,31264,198,0,Personal Auto,Luxury SUV,825
WT22392,Oregon,F,College,0,65473,67,0,Personal Auto,Four-Door Car,277
PH85036,Washington,F,Bachelors,0,79325,68,0,Corporate Auto,Four-Door Car,251
KC71643,Oregon,M,High School or Below,0,99144,61,0,Corporate Auto,Four-Door Car,292
NR32615,California,M,College,0,22520,73,0,Corporate Auto,Four-Door Car,350
GS69842,Arizona,F,Bachelor,0,36615,65,0,Special Auto,Four-Door Car,264
WT71621,Washington,F,Bachelors,0,63297,82,0,Personal Auto,Four-Door Car,251
KD23847,Arizona,F,High School or Below,0,76374,61,0,Personal Auto,Four-Door Car,292
PE59368,Washington,F,Bachelors,0,72096,6464,0,Personal Auto,Two-Door Car,252
NK91488,Nevada,M,Master,0,56005,68,0,Personal Auto,Four-Door Car,326
CR33417,Washington,F,Master,0,36529,118,0,Personal Auto,SUV,255
WP73172,Oregon,F,Bachelor,0,81367,103,0,Special Auto,SUV,415
PS30217,California,F,Bachelor,0,44817,83,0,Personal Auto,Four-Door Car,527
EL62967,Oregon,F,High School or Below,0,58508,69,0,Personal Auto,Two-Door Car,57
MU23938,Oregon,M,Bachelor,0,45259,138,0,Personal Auto,SUV,272
VC83809,California,M,Doctor,0,30817,88,0,Personal Auto,Four-Door Car,91
VL34577,Oregon,F,High School or Below,0,0,72,0,Personal Auto,Two-Door Car,345
QE12539,California,M,Doctor,0,40870,105,0,Personal Auto,SUV,504
YO15246,Nevada,M,High School or Below,0,35001,96,0,Personal Auto,Four-Door Car,460
WF73839,Arizona,F,College,0,49937,64,0,Personal Auto,Two-Door Car,302
TJ11671,Oregon,F,Bachelor,0,0,109,0,Personal Auto,Four-Door Car,523
SV34223,California,F,College,0,58317,73,0,Personal Auto,Four-Door Car,350
XD19546,California,F,High School or Below,0,0,109,0,Personal Auto,SUV,523
OY95739,Nevada,M,High School or Below,0,17101,113,0,Corporate Auto,SUV,542
SW57539,California,F,College,0,0,118,0,Corporate Auto,SUV,566
IA62027,Arizona,F,Bachelor,0,0,65,0,Personal Auto,Four-Door Car,468
FZ20933,Oregon,M,High School or Below,0,24398,63,0,Personal Auto,Four-Door Car,302
WR62597,Oregon,M,College,0,24641,61,0,Corporate Auto,Four-Door Car,294
KU61611,Arizona,M,High School or Below,0,69040,108,0,Corporate Auto,Sports Car,518
XW98867,Oregon,M,High School or Below,0,17101,113,0,Personal Auto,SUV,542
PP80817,California,F,High School or Below,0,59886,104,0,Personal Auto,Sports Car,71
DT77901,Oregon,F,Bachelor,0,14290,271,0,Personal Auto,Luxury SUV,1300
DX34647,California,F,College,0,43137,96,0,Personal Auto,Two-Door Car,460
OD56551,Oregon,M,College,0,27978,69,0,Personal Auto,Four-Door Car,447
OO63074,California,F,Bachelor,0,25261,118,0,Personal Auto,SUV,566
EH24828,Nevada,M,College,0,58652,64,0,Personal Auto,Four-Door Car,307
CX99919,Nevada,F,College,0,28321,111,0,Corporate Auto,SUV,537
DG80424,Washington,F,College,0,77411,67,0,Personal Auto,Four-Door Car,257
NU32697,Oregon,M,College,0,0,72,0,Corporate Auto,Four-Door Car,518
PU98976,California,F,Bachelor,0,0,88,0,Personal Auto,Four-Door Car,633
ZR20842,Arizona,M,College,0,94415,127,0,Personal Auto,Sports Car,492
NF35573,Oregon,M,High School or Below,0,0,103,0,Special Auto,SUV,1149
DF66914,Arizona,F,Bachelor,0,45331,100,0,Personal Auto,SUV,572
YM99866,Arizona,M,High School or Below,0,53904,67,0,Personal Auto,Four-Door Car,321
VH62084,California,M,High School or Below,0,0,74,0,Personal Auto,Four-Door Car,811
SE28250,Arizona,M,Bachelor,0,0,70,0,Special Auto,Four-Door Car,336
MD86050,Oregon,M,High School or Below,0,0,67,0,Personal Auto,Four-Door Car,482
GF17866,Oregon,M,College,0,28142,105,0,Corporate Auto,Sports Car,701
UB16654,Washington,M,Master,0,15680,6464,0,Personal Auto,Four-Door Car,260
KO44736,Oregon,M,Bachelor,0,35095,73,0,Personal Auto,Two-Door Car,525
KI55845,Oregon,F,College,0,55588,114,0,Personal Auto,SUV,547
JJ24476,Arizona,F,Master,0,52391,71,0,Personal Auto,Two-Door Car,409
VC68509,Oregon,F,Bachelor,0,42240,79,0,Personal Auto,Four-Door Car,46
QN62502,Oregon,F,Bachelor,0,70146,96,0,Personal Auto,Four-Door Car,157
EL92515,Oregon,F,College,0,41121,94,0,Personal Auto,Four-Door Car,451
VL84149,Oregon,F,College,0,71210,214,0,Corporate Auto,Luxury Car,1027
JX19907,Oregon,M,Bachelor,0,0,107,0,Corporate Auto,Two-Door Car,1261
BC66921,Nevada,F,High School or Below,0,41228,71,0,Personal Auto,Four-Door Car,340
RK24470,Washington,M,Bachelors,0,40113,67,0,Corporate Auto,Two-Door Car,262
GN80437,Oregon,F,College,0,0,91,0,Special Auto,Four-Door Car,596
AH65907,California,F,Bachelor,0,51790,71,0,Personal Auto,Four-Door Car,340
VG57728,California,M,High School or Below,0,92593,68,0,Corporate Auto,Four-Door Car,8
AF81450,California,M,High School or Below,0,28657,100,0,Personal Auto,SUV,588
YI28422,Oregon,M,High School or Below,0,30262,98,0,Personal Auto,Four-Door Car,499
GR26937,Oregon,F,Master,0,47197,81,0,Corporate Auto,Four-Door Car,76
BR99015,California,F,Bachelor,0,0,94,0,Personal Auto,Four-Door Car,451
PB11270,Oregon,F,Bachelor,0,0,61,0,Personal Auto,Four-Door Car,541
PZ89632,Oregon,F,High School or Below,0,0,134,0,Personal Auto,SUV,964
LV62981,Arizona,M,College,0,22093,87,0,Corporate Auto,Two-Door Car,616
AS97690,Arizona,M,College,0,54483,61,0,Personal Auto,Two-Door Car,292
SG32258,Arizona,F,College,0,18944,63,0,Personal Auto,Four-Door Car,125
MY80583,Oregon,F,Bachelor,0,84365,66,0,Personal Auto,Four-Door Car,316
WS57286,Arizona,M,College,0,0,64,0,Personal Auto,Four-Door Car,137
MF53477,California,F,High School or Below,0,25147,101,0,Corporate Auto,SUV,694
DQ28641,Nevada,M,High School or Below,0,14315,71,0,Personal Auto,Four-Door Car,511
EX46492,Arizona,F,Master,0,87864,94,0,Personal Auto,Two-Door Car,421
VW20823,California,M,High School or Below,0,57844,85,0,Personal Auto,Four-Door Car,408
LH26563,Oregon,F,High School or Below,0,17913,116,0,Personal Auto,Four-Door Car,556
FR56877,Arizona,F,High School or Below,0,28806,99,0,Special Auto,Four-Door Car,475
ZY99878,California,M,High School or Below,0,90343,175,0,Personal Auto,SUV,833
CS15289,Oregon,F,Master,0,79041,199,0,Personal Auto,Luxury SUV,419
MM49431,Washington,M,Bachelor,0,74069,63,0,Personal Auto,Two-Door Car,275
IA96447,California,M,College,0,85019,167,0,Personal Auto,Sports Car,801
PT32230,California,F,High School or Below,0,70059,194,0,Personal Auto,Luxury SUV,253
NK73719,California,F,College,0,70503,164,0,Corporate Auto,SUV,41
OH15771,California,M,Bachelor,0,0,117,0,Personal Auto,SUV,561
XP61034,Oregon,M,Bachelor,0,39492,105,0,Personal Auto,SUV,756
ZN34245,Arizona,M,College,0,0,68,0,Corporate Auto,Four-Door Car,489
FX55923,Arizona,M,Bachelor,0,50405,70,0,Personal Auto,Four-Door Car,7
ZZ83340,Oregon,F,Doctor,0,96021,68,0,Personal Auto,Two-Door Car,315
HA99340,Oregon,M,High School or Below,0,0,65,0,Personal Auto,Two-Door Car,422
LE43061,California,M,High School or Below,0,0,105,0,Personal Auto,Four-Door Car,756
UF77413,Oregon,M,College,0,65794,69,0,Personal Auto,Four-Door Car,277
UY45293,Oregon,M,Bachelor,0,21975,95,0,Corporate Auto,Four-Door Car,456
TH84309,California,M,High School or Below,0,0,126,0,Personal Auto,SUV,604
PZ94551,Oregon,F,Bachelor,0,56649,125,0,Special Auto,SUV,780
UE76013,Washington,F,Master,0,35984,128,0,Personal Auto,SUV,275
HS85465,California,M,Bachelor,0,92296,69,0,Corporate Auto,Two-Door Car,331
SI78985,Oregon,F,Bachelor,0,39448,103,0,Personal Auto,Four-Door Car,66
KF50730,California,F,Bachelor,0,71794,131,0,Personal Auto,SUV,457
JO13576,California,F,High School or Below,0,21861,69,0,Personal Auto,Four-Door Car,348
HJ79774,Oregon,F,College,0,31591,72,0,Corporate Auto,Four-Door Car,240
KI18648,Arizona,F,Bachelor,0,60662,68,0,Special Auto,Two-Door Car,326
EL99335,California,F,College,0,20608,73,0,Personal Auto,Four-Door Car,350
LE84979,California,F,Master,0,21331,103,0,Personal Auto,SUV,419
CE12380,Arizona,F,College,0,0,66,0,Corporate Auto,Four-Door Car,252
BJ22117,Washington,M,Master,0,53390,6464,0,Personal Auto,Four-Door Car,278
JF83834,Oregon,M,Doctor,0,36631,62,0,Corporate Auto,Four-Door Car,67
YN10988,California,M,High School or Below,0,0,87,0,Personal Auto,Four-Door Car,417
YX15941,Oregon,M,College,0,26030,139,0,Corporate Auto,Sports Car,667
ZB50601,Nevada,M,College,0,0,70,0,Personal Auto,Four-Door Car,469
HP50399,Nevada,M,Bachelor,0,0,113,0,Personal Auto,SUV,542
GC17585,AZ,M,Bachelor,0,25302,70,0,Personal Auto,Four-Door Car,336
QW17286,Washington,F,Master,0,66030,69,0,Personal Auto,Four-Door Car,282
DO41287,Oregon,M,High School or Below,0,0,82,0,Personal Auto,Four-Door Car,590
GT54462,AZ,M,Bachelor,0,73222,180,0,Personal Auto,SUV,821
BT76268,California,F,College,0,22061,74,0,Personal Auto,Four-Door Car,355
QM38267,AZ,F,High School or Below,0,86321,66,0,Personal Auto,Four-Door Car,316
LP82042,Oregon,M,Bachelor,0,54668,68,0,Personal Auto,Four-Door Car,326
EF52978,AZ,F,High School or Below,0,0,62,0,Personal Auto,Four-Door Car,297
GH54524,California,M,High School or Below,0,69497,142,0,Personal Auto,SUV,92
DP26592,Oregon,M,High School or Below,0,86617,63,0,Personal Auto,Four-Door Car,188
UP29839,Nevada,F,Master,0,22705,239,0,Personal Auto,Luxury SUV,1294
IB80924,Washington,F,High School or Below,0,90783,104,0,Personal Auto,SUV,285
OB55054,Oregon,M,Bachelor,0,88410,99,0,Corporate Auto,Four-Door Car,475
NP91656,California,F,Bachelor,0,0,69,0,Personal Auto,Four-Door Car,496
SH74080,Oregon,F,College,0,21073,106,0,Personal Auto,SUV,508
KN25556,AZ,F,College,0,0,66,0,Personal Auto,Four-Door Car,316
RB38792,Oregon,M,College,0,66429,136,0,Personal Auto,Sports Car,57
QR72180,California,F,Doctor,0,66889,80,0,Personal Auto,Four-Door Car,294
TW64385,California,M,Bachelor,0,36088,72,0,Corporate Auto,Four-Door Car,345
TM13955,Washington,M,Master,0,0,80,0,Corporate Auto,Four-Door Car,286
GF94951,AZ,M,Bachelor,0,0,68,0,Corporate Auto,Two-Door Car,489
NF53775,California,F,College,0,17557,96,0,Personal Auto,Four-Door Car,666
YB58778,California,F,College,0,81064,70,0,Personal Auto,Two-Door Car,42
PH77560,Nevada,F,High School or Below,0,0,66,0,Personal Auto,Four-Door Car,700
ZO14864,Washington,F,Master,0,42526,86,0,Personal Auto,Two-Door Car,287
BI34376,California,F,Doctor,0,45703,98,0,Personal Auto,Two-Door Car,470
UQ63396,California,F,Bachelor,0,40036,65,0,Personal Auto,Four-Door Car,48
BR23201,California,M,Bachelor,0,0,71,0,Personal Auto,Four-Door Car,191
VH45094,AZ,M,High School or Below,0,65870,61,0,Personal Auto,Four-Door Car,202
KD47243,California,F,Bachelor,0,91469,100,0,Personal Auto,SUV,418
MY13737,California,M,High School or Below,0,42090,119,0,Corporate Auto,SUV,203
OR48881,Oregon,F,Doctor,0,21368,79,0,Corporate Auto,Four-Door Car,4
BD77090,Washington,F,Bachelors,0,79090,107,0,Personal Auto,SUV,289
LW77178,Oregon,F,Bachelor,0,33879,98,0,Corporate Auto,Two-Door Car,470
BQ12347,AZ,M,High School or Below,0,72874,70,0,Special Auto,Four-Door Car,336
FF61670,California,M,High School or Below,0,0,82,0,Personal Auto,Four-Door Car,393
PM61374,California,F,Bachelor,0,0,110,0,Personal Auto,Two-Door Car,550
BW25236,AZ,M,College,0,72215,66,0,Personal Auto,Four-Door Car,247
XO22038,California,F,Bachelor,0,39854,66,0,Corporate Auto,Two-Door Car,261
QG51953,Oregon,M,College,0,36655,61,0,Personal Auto,Four-Door Car,295
SZ56338,Oregon,F,High School or Below,0,37995,139,0,Personal Auto,SUV,667
PX60116,California,F,High School or Below,0,40867,112,0,Corporate Auto,Two-Door Car,537
BW46202,Oregon,F,Bachelor,0,28804,78,0,Personal Auto,Two-Door Car,76
GW14109,California,F,High School or Below,0,48409,124,0,Special Auto,SUV,345
GP42026,California,M,High School or Below,0,19683,117,0,Personal Auto,Sports Car,561
DH41343,Washington,nan,College,0,92834,61,0,Special Auto,Four-Door Car,292
PY42157,Washington,F,High School or Below,0,62006,61,0,Personal Auto,Four-Door Car,292
OL36978,California,F,High School or Below,0,67241,68,0,Personal Auto,Two-Door Car,5
KT40899,California,M,High School or Below,0,75436,78,0,Personal Auto,Four-Door Car,9
WE60408,AZ,F,College,0,91761,109,0,Personal Auto,SUV,779
LG64797,California,F,College,0,25771,222,0,Personal Auto,Luxury SUV,1253
MD87746,Oregon,M,College,0,60920,64,0,Personal Auto,Two-Door Car,231
QP80741,Washington,F,College,0,0,61,0,Corporate Auto,Four-Door Car,292
WO59883,Washington,F,High School or Below,0,29822,61,0,Personal Auto,Two-Door Car,292
MU79385,AZ,M,College,0,60944,130,0,Personal Auto,SUV,623
JH30384,California,F,High School or Below,0,22081,84,0,Personal Auto,Two-Door Car,451
LL45497,Washington,female,College,0,67282,62,0,Personal Auto,Two-Door Car,297
SK95364,California,F,College,0,0,130,0,Personal Auto,SUV,936
VG56765,Arizona,M,High School or Below,0,95697,61,0,Personal Auto,Two-Door Car,114
NE24371,Oregon,F,College,0,15300,85,0,Personal Auto,Four-Door Car,408
KR48903,Washington,M,High School or Below,0,88264,62,0,Personal Auto,Two-Door Car,297
ZF27999,Nevada,F,College,0,12902,139,0,Personal Auto,Sports Car,667
MH40017,Arizona,M,High School or Below,0,29809,61,0,Personal Auto,Four-Door Car,365
YJ99764,Nevada,M,High School or Below,0,0,74,0,Personal Auto,Four-Door Car,355
AG22225,Oregon,M,High School or Below,0,0,96,0,Personal Auto,Four-Door Car,460
ZJ26179,Oregon,M,Bachelor,0,25998,71,0,Personal Auto,Four-Door Car,791
VO36036,Oregon,F,Doctor,0,28248,90,0,Personal Auto,Four-Door Car,634
ZQ94281,California,F,College,0,68103,82,0,Personal Auto,Two-Door Car,277
CK40732,California,F,High School or Below,0,0,103,0,Special Auto,Four-Door Car,741
UT73461,Oregon,F,Doctor,0,81079,111,0,Special Auto,SUV,134
LT57320,Nevada,F,Master,0,22732,62,0,Personal Auto,Four-Door Car,15
BZ44726,Nevada,F,High School or Below,0,49825,70,0,Corporate Auto,Two-Door Car,336
VU32116,Oregon,F,College,0,0,103,0,Personal Auto,SUV,621
EG94326,Nevada,M,High School or Below,0,77265,107,0,Personal Auto,SUV,513
EJ43595,California,M,High School or Below,0,0,72,0,Corporate Auto,Four-Door Car,779
QI37869,California,M,College,0,12876,107,0,Corporate Auto,Four-Door Car,425
SX65826,Arizona,M,Bachelor,0,36431,99,0,Personal Auto,Two-Door Car,513
XO42145,Oregon,M,High School or Below,0,25927,103,0,Personal Auto,SUV,674
WJ74851,Nevada,F,Bachelor,0,26811,72,0,Personal Auto,Two-Door Car,465
IG68709,Oregon,F,High School or Below,0,41711,90,0,Personal Auto,Four-Door Car,351
AC75391,Arizona,F,College,0,35091,74,0,Corporate Auto,Two-Door Car,418
WO94087,Arizona,F,Bachelor,0,0,87,0,Corporate Auto,Four-Door Car,417
YJ69332,Oregon,F,High School or Below,0,22081,84,0,Personal Auto,Two-Door Car,451
WX87964,Washington,M,High School or Below,0,29560,62,0,Personal Auto,Four-Door Car,297
PD32641,Oregon,M,College,0,31320,72,0,Personal Auto,Four-Door Car,293
CK39096,Oregon,M,High School or Below,0,0,153,0,Personal Auto,SUV,1027
QV19964,Oregon,M,Doctor,0,33947,66,0,Personal Auto,Four-Door Car,192
BF72793,California,F,High School or Below,0,0,62,0,Personal Auto,Two-Door Car,446
WB12017,California,F,College,0,21189,66,0,Personal Auto,Two-Door Car,316
JO17193,Washington,M,Bachelors,0,25905,63,0,Personal Auto,Four-Door Car,302
AY84441,Oregon,M,High School or Below,0,0,114,0,Personal Auto,SUV,820
JQ65500,Oregon,F,Bachelor,0,44988,108,0,Corporate Auto,Two-Door Car,518
OI29521,Oregon,F,College,0,33432,90,0,Corporate Auto,Two-Door Car,161
MJ51323,Oregon,F,Bachelor,0,46503,215,0,Personal Auto,Luxury SUV,1032
QI64880,California,M,Bachelor,0,0,101,0,Corporate Auto,SUV,973
HV93429,Oregon,F,Master,0,23636,65,0,Personal Auto,Four-Door Car,81
TA89713,Oregon,M,College,0,66429,136,0,Personal Auto,Sports Car,57
OB98149,Washington,F,College,0,11417,63,0,Personal Auto,Two-Door Car,302
LE65901,Oregon,F,Bachelor,0,58082,112,0,Personal Auto,SUV,103
FF68864,Arizona,F,Bachelor,0,36523,71,0,Personal Auto,Four-Door Car,101
YX99200,Nevada,M,Bachelor,0,54710,103,0,Personal Auto,Two-Door Car,294
LZ26801,California,F,High School or Below,0,73466,102,0,Personal Auto,SUV,204
TA66375,Oregon,F,Bachelor,0,51643,283,0,Corporate Auto,Luxury Car,1358
SC92090,Arizona,M,College,0,83846,74,0,Personal Auto,Four-Door Car,355
TK40018,Oregon,M,High School or Below,0,0,169,0,Personal Auto,SUV,1207
ZD63451,California,M,Bachelor,0,53338,63,0,Personal Auto,Four-Door Car,35
AO98601,Washington,nan,Bachelor,0,54500,63,0,Corporate Auto,Two-Door Car,302
DT35588,Oregon,M,College,0,60475,107,0,Personal Auto,Four-Door Car,513
VF87723,California,M,College,0,30658,89,0,Personal Auto,Four-Door Car,441
QP69826,Arizona,M,Bachelor,0,0,102,0,Corporate Auto,SUV,660
UW37050,Oregon,F,Bachelor,0,60420,248,0,Personal Auto,Luxury SUV,632
UH62254,Oregon,M,Bachelor,0,0,65,0,Personal Auto,Two-Door Car,312
IA15979,Washington,M,College,0,40598,91,0,Personal Auto,Four-Door Car,302
DB71122,California,F,Doctor,0,15144,90,0,Personal Auto,Four-Door Car,372
TM14491,California,M,Bachelor,0,44428,104,0,Personal Auto,SUV,499
OY94707,California,M,College,0,58297,97,0,Special Auto,Four-Door Car,647
LN55080,Oregon,F,Bachelor,0,42191,74,0,Special Auto,Two-Door Car,68
TZ47750,Nevada,M,Master,0,26057,74,0,Personal Auto,Four-Door Car,523
SJ74501,Arizona,F,Bachelor,0,26608,73,0,Personal Auto,Two-Door Car,234
LE26899,California,M,Doctor,0,0,63,0,Personal Auto,Four-Door Car,272
ML34366,California,M,College,0,66429,136,0,Personal Auto,Sports Car,57
EI45850,California,F,Bachelor,0,25970,72,0,Personal Auto,Four-Door Car,430
LD75023,Oregon,M,High School or Below,0,48268,223,0,Personal Auto,Luxury SUV,1605
JW12998,California,F,High School or Below,0,24279,126,0,Personal Auto,Sports Car,604
LP47259,Arizona,M,High School or Below,0,0,121,0,Corporate Auto,Sports Car,871
XD21246,Oregon,F,High School or Below,0,0,128,0,Personal Auto,SUV,921
DW59142,Nevada,F,High School or Below,0,71879,64,0,Corporate Auto,Two-Door Car,9
KX54900,Arizona,M,Doctor,0,57760,78,0,Special Auto,Four-Door Car,223
XV83643,California,M,College,0,20976,129,0,Personal Auto,Sports Car,735
XY33610,Washington,M,College,0,97750,65,0,Personal Auto,Four-Door Car,303
GK48045,Washington,F,College,0,73245,68,0,Personal Auto,Four-Door Car,305
ET79528,California,M,College,0,23008,79,0,Personal Auto,Four-Door Car,80
RA66180,Washington,F,High School or Below,0,33837,72,0,Corporate Auto,Two-Door Car,305
BC66536,Arizona,F,High School or Below,0,84869,85,0,Corporate Auto,Four-Door Car,408
PN22481,Oregon,M,College,0,0,66,0,Corporate Auto,Two-Door Car,316
XR95069,Washington,nan,Bachelor,0,29834,6464,0,Personal Auto,Four-Door Car,307
IF38438,Arizona,F,High School or Below,0,44695,79,0,Personal Auto,Two-Door Car,81
ZC62609,Oregon,F,High School or Below,0,0,77,0,Personal Auto,Four-Door Car,554
FD64348,Oregon,M,High School or Below,0,23046,65,0,Personal Auto,Two-Door Car,1
TA58285,Oregon,M,High School or Below,0,0,73,0,Personal Auto,Two-Door Car,392
WV66165,Oregon,F,High School or Below,0,84811,111,0,Personal Auto,SUV,278
YE27183,Oregon,M,Bachelor,0,0,91,0,Corporate Auto,Four-Door Car,436
TI47802,California,F,Master,0,0,69,0,Personal Auto,Two-Door Car,331
ZZ44902,Arizona,M,High School or Below,0,40117,108,0,Personal Auto,Two-Door Car,750
JD73594,Oregon,M,Bachelor,0,72140,87,0,Personal Auto,Four-Door Car,417
VW82067,Washington,F,Master,0,97131,6464,0,Personal Auto,Four-Door Car,307
JS55721,California,M,College,0,12495,65,0,Personal Auto,Four-Door Car,312
ZB62469,California,M,High School or Below,0,0,67,0,Corporate Auto,Two-Door Car,482
HZ74609,Oregon,F,Bachelor,0,0,72,0,Personal Auto,Four-Door Car,345
TJ76363,Arizona,F,Doctor,0,36495,133,0,Corporate Auto,SUV,229
QZ58370,Nevada,F,Bachelor,0,86801,98,0,Personal Auto,Four-Door Car,371
RF44930,California,M,College,0,52679,62,0,Personal Auto,Four-Door Car,117
VJ44100,California,M,Master,0,90804,113,0,Personal Auto,Sports Car,434
KN13494,Washington,F,Master,0,97131,6464,0,Personal Auto,Four-Door Car,307
NL80137,Oregon,F,College,0,14262,90,0,Personal Auto,Four-Door Car,290
NZ57065,Oregon,M,Bachelor,0,36844,73,0,Personal Auto,Four-Door Car,283
NM42917,Arizona,F,College,0,58703,127,0,Personal Auto,SUV,227
RR68322,Nevada,M,High School or Below,0,65162,86,0,Personal Auto,Four-Door Car,134
OF78862,Oregon,F,College,0,54964,99,0,Personal Auto,Four-Door Car,525
SC93784,Oregon,M,Bachelor,0,61401,69,0,Personal Auto,Four-Door Car,144
CM59084,Oregon,F,High School or Below,0,25147,101,0,Corporate Auto,SUV,694
QA41558,Oregon,F,Master,0,73536,67,0,Personal Auto,Two-Door Car,172
SD62061,Oregon,F,High School or Below,0,24860,73,0,Personal Auto,Four-Door Car,350
VP13613,California,M,Bachelor,0,65404,99,0,Personal Auto,Four-Door Car,300
HF96939,Oregon,M,High School or Below,0,34510,81,0,Personal Auto,Four-Door Car,388
DU18362,California,M,Bachelor,0,0,108,0,Corporate Auto,Two-Door Car,777
UG34438,Washington,F,College,0,44552,137,0,Personal Auto,SUV,311
XQ19793,Arizona,M,High School or Below,0,20993,133,0,Personal Auto,SUV,638
OB77084,Oregon,F,Bachelor,0,0,61,0,Personal Auto,Two-Door Car,292
LK74984,Washington,M,High School or Below,0,21190,65,0,Personal Auto,Four-Door Car,312
JE13986,Arizona,F,College,0,62587,86,0,Personal Auto,Four-Door Car,412
QR15221,Washington,F,High School or Below,0,22562,65,0,Personal Auto,Two-Door Car,312
LD49835,California,M,High School or Below,0,73345,107,0,Personal Auto,SUV,513
EK19337,Oregon,F,High School or Below,0,0,83,0,Personal Auto,Four-Door Car,989
GD55093,California,F,Master,0,22705,239,0,Personal Auto,Luxury SUV,1294
RX19151,Washington,M,Bachelors,0,67137,111,0,Personal Auto,SUV,314
TJ30354,Oregon,F,Bachelor,0,22627,67,0,Personal Auto,Four-Door Car,321
TA75663,California,F,Master,0,38702,101,0,Personal Auto,SUV,253
WG15841,California,M,Bachelor,0,26790,71,0,Personal Auto,Two-Door Car,340
LO68739,Arizona,F,Bachelor,0,64859,96,0,Personal Auto,Four-Door Car,266
BE61743,Washington,M,Bachelor,0,86657,103,0,Personal Auto,Sports Car,316
EG56026,Nevada,F,High School or Below,0,69263,81,0,Personal Auto,Two-Door Car,494
VF21395,Oregon,M,Bachelor,0,82655,66,0,Personal Auto,Two-Door Car,316
SI11249,California,F,High School or Below,0,29401,65,0,Personal Auto,Four-Door Car,312
PU95227,Washington,M,Bachelors,0,22853,87,0,Personal Auto,Four-Door Car,316
VO87785,Arizona,F,College,0,26480,63,0,Personal Auto,Two-Door Car,378
FS29897,Oregon,F,High School or Below,0,0,61,0,Personal Auto,Four-Door Car,292
JG36165,California,M,Bachelor,0,0,83,0,Personal Auto,Two-Door Car,904
SJ42058,Oregon,F,High School or Below,0,73268,84,0,Personal Auto,Four-Door Car,93
CU13711,Oregon,F,Doctor,0,95579,67,0,Personal Auto,Four-Door Car,308
GT65065,Oregon,F,Master,0,42142,112,0,Personal Auto,Sports Car,396
LO77543,Washington,M,College,0,72302,66,0,Special Auto,Two-Door Car,316
UQ85283,California,M,Bachelor,0,41279,115,0,Personal Auto,Sports Car,251
QA49556,Washington,M,Master,0,23401,66,0,Personal Auto,Four-Door Car,316
GE29173,Nevada,M,Bachelor,0,0,128,0,Corporate Auto,SUV,1448
DF21541,Arizona,F,College,0,23170,71,0,Personal Auto,Four-Door Car,340
JL59571,Oregon,F,Bachelor,0,17343,63,0,Corporate Auto,Two-Door Car,208
DF94525,Oregon,M,College,0,25854,68,0,Personal Auto,Four-Door Car,396
YO58424,Oregon,M,College,0,46900,66,0,Corporate Auto,Four-Door Car,316
UF32671,Washington,F,College,0,57338,66,0,Personal Auto,Four-Door Car,316
HO92982,California,M,High School or Below,0,85355,71,0,Personal Auto,Two-Door Car,458
MZ24175,Arizona,F,College,0,21604,79,0,Personal Auto,Four-Door Car,379
YD48962,Arizona,M,High School or Below,0,0,107,0,Personal Auto,SUV,513
RI52095,Washington,M,High School or Below,0,51878,66,0,Personal Auto,Four-Door Car,316
MF18493,California,M,College,0,0,73,0,Personal Auto,Two-Door Car,350
EP61084,Nevada,F,High School or Below,0,68776,80,0,Personal Auto,Four-Door Car,87
EN38348,Oregon,F,High School or Below,0,45039,96,0,Personal Auto,Four-Door Car,192
FG46258,Washington,F,College,0,16483,90,0,Corporate Auto,Two-Door Car,320
LS98306,Nevada,M,High School or Below,0,64113,117,0,Special Auto,Four-Door Car,561
PZ47477,Arizona,M,High School or Below,0,41829,76,0,Personal Auto,Two-Door Car,416
LT32391,California,F,Master,0,21514,62,0,Personal Auto,Two-Door Car,257
KK30016,Nevada,M,Master,0,27722,69,0,Personal Auto,Four-Door Car,331
OA89218,Nevada,F,College,0,21506,151,0,Personal Auto,Sports Car,826
CY47265,Oregon,F,High School or Below,0,10312,78,0,Personal Auto,Four-Door Car,486
ZI47663,Arizona,F,Bachelor,0,73054,106,0,Personal Auto,SUV,419
GO14008,Oregon,F,Bachelor,0,73775,67,0,Personal Auto,Four-Door Car,321
BC43958,California,M,High School or Below,0,44788,61,0,Corporate Auto,Four-Door Car,386
AI61368,Nevada,F,High School or Below,0,22510,95,0,Personal Auto,Four-Door Car,456
UF37831,Arizona,M,Master,0,54613,213,0,Personal Auto,Luxury SUV,731
PO90615,Arizona,F,High School or Below,0,25965,65,0,Personal Auto,Four-Door Car,329
GY74661,Oregon,F,College,0,34911,105,0,Personal Auto,SUV,126
MX50302,Oregon,M,Bachelor,0,78618,66,0,Special Auto,Two-Door Car,225
TC84427,Oregon,F,High School or Below,0,61080,66,0,Personal Auto,Four-Door Car,294
IQ82914,Oregon,F,Master,0,60415,62,0,Personal Auto,Two-Door Car,72
TY74870,California,F,Master,0,25143,66,0,Corporate Auto,Four-Door Car,8
II83628,California,M,College,0,41045,64,0,Personal Auto,Four-Door Car,394
ZR77995,California,M,College,0,97729,95,0,Personal Auto,Four-Door Car,97
QT89604,Arizona,F,High School or Below,0,55702,61,0,Personal Auto,Four-Door Car,151
AB21519,California,F,College,0,93272,95,0,Personal Auto,Four-Door Car,281
MP47256,California,M,Bachelor,0,23665,67,0,Personal Auto,Four-Door Car,404
MA47641,Oregon,M,High School or Below,0,20228,101,0,Personal Auto,SUV,523
GQ20713,Nevada,F,College,0,38713,66,0,Personal Auto,Four-Door Car,316
WW87934,Arizona,F,Bachelor,0,23815,73,0,Personal Auto,Four-Door Car,424
HF75276,Nevada,F,High School or Below,0,0,93,0,Personal Auto,Four-Door Car,446
ET64028,California,F,High School or Below,0,47221,99,0,Personal Auto,Two-Door Car,475
QA41472,Oregon,M,Bachelor,0,34495,113,0,Personal Auto,SUV,389
OZ92426,Oregon,M,College,0,46264,62,0,Corporate Auto,Four-Door Car,199
UM69933,Nevada,M,College,0,46051,63,0,Personal Auto,Two-Door Car,302
RQ11502,Nevada,F,Bachelor,0,23975,128,0,Corporate Auto,SUV,614
TX98128,California,F,College,0,0,74,0,Personal Auto,Four-Door Car,580
XY52165,Arizona,F,College,0,78561,74,0,Personal Auto,Two-Door Car,355
GB39003,California,M,High School or Below,0,0,90,0,Personal Auto,Two-Door Car,432
VH43367,California,F,High School or Below,0,61402,63,0,Special Auto,Four-Door Car,302
KG81168,Arizona,M,Bachelor,0,65090,71,0,Personal Auto,Four-Door Car,73
WU14549,Nevada,M,Master,0,88495,108,0,Personal Auto,Two-Door Car,535
XB17553,Nevada,M,Bachelor,0,52797,104,0,Personal Auto,Sports Car,88
MY88518,Nevada,M,Doctor,0,31278,92,0,Personal Auto,Two-Door Car,441
XE18554,California,F,Bachelor,0,24177,92,0,Personal Auto,Four-Door Car,441
NY97446,Oregon,F,High School or Below,0,96339,68,0,Corporate Auto,Four-Door Car,293
VT96364,California,M,Bachelor,0,68164,119,0,Personal Auto,Four-Door Car,222
HF88410,Washington,nan,High School or Below,0,36765,66,0,Personal Auto,Four-Door Car,320
DP92488,Washington,F,Doctor,0,74592,67,0,Personal Auto,Two-Door Car,321
VC54081,Oregon,F,College,0,0,63,0,Special Auto,Four-Door Car,117
CE94751,California,M,College,0,0,70,0,Personal Auto,Two-Door Car,524
VM85856,Oregon,F,Master,0,34990,65,0,Personal Auto,Four-Door Car,42
EH37385,Arizona,F,Master,0,22849,109,0,Personal Auto,Sports Car,523
FI45719,Arizona,M,Doctor,0,32893,63,0,Personal Auto,Four-Door Car,174
SB79528,Oregon,M,College,0,0,73,0,Corporate Auto,Two-Door Car,350
WH81461,Nevada,M,College,0,0,111,0,Personal Auto,SUV,1186
UD47050,Oregon,M,High School or Below,0,26876,76,0,Corporate Auto,Four-Door Car,364
XZ17273,Nevada,M,Bachelor,0,71663,74,0,Corporate Auto,Four-Door Car,84
XR97812,California,M,College,0,0,69,0,Personal Auto,Four-Door Car,331
BW88060,California,F,High School or Below,0,16994,112,0,Personal Auto,SUV,806
CP32818,Oregon,M,Bachelor,0,64270,117,0,Personal Auto,Sports Car,46
CM52565,Nevada,F,High School or Below,0,0,83,0,Corporate Auto,Four-Door Car,597
YP40334,Oregon,F,Doctor,0,0,145,0,Personal Auto,SUV,358
KD63998,California,M,College,0,56342,69,0,Personal Auto,Four-Door Car,331
VC77127,California,F,High School or Below,0,0,70,0,Personal Auto,Four-Door Car,837
AM30008,California,M,High School or Below,0,28327,185,0,Personal Auto,Luxury Car,888
PC83755,Oregon,M,High School or Below,0,95697,61,0,Personal Auto,Two-Door Car,114
XS22323,Arizona,M,High School or Below,0,26876,76,0,Personal Auto,Four-Door Car,364
ST27958,Washington,M,College,0,10621,67,0,Personal Auto,Four-Door Car,321
BH23017,Nevada,F,Bachelor,0,0,61,0,Personal Auto,Two-Door Car,657
OD18225,California,M,College,0,32918,84,0,Personal Auto,Four-Door Car,403
VE31507,Oregon,F,High School or Below,0,0,71,0,Personal Auto,Four-Door Car,447
NR18672,Nevada,M,High School or Below,0,63127,74,0,Personal Auto,Two-Door Car,174
DM76654,California,M,College,0,22022,136,0,Personal Auto,SUV,979
YY11432,Oregon,F,High School or Below,0,51725,138,0,Personal Auto,SUV,159
GK67747,Washington,M,College,0,10621,67,0,Special Auto,Four-Door Car,321
XA75063,Oregon,F,College,0,39719,131,0,Personal Auto,Sports Car,628
PQ13422,Nevada,M,College,0,58194,84,0,Personal Auto,Four-Door Car,450
NA89685,Oregon,M,College,0,61990,72,0,Personal Auto,Four-Door Car,48
AL35726,Oregon,F,College,0,41479,94,0,Personal Auto,Two-Door Car,19
WO70078,Oregon,F,Bachelor,0,97899,95,0,Personal Auto,Four-Door Car,3
CA56041,Nevada,F,College,0,63878,113,0,Personal Auto,SUV,370
HI41970,Oregon,F,High School or Below,0,68671,70,0,Special Auto,Two-Door Car,8
AU46443,Nevada,F,Bachelor,0,0,102,0,Personal Auto,SUV,1178
WC35554,Oregon,M,College,0,34640,117,0,Personal Auto,Sports Car,466
JR10216,California,F,Bachelor,0,21959,71,0,Corporate Auto,Four-Door Car,340
OH11674,Arizona,F,Bachelor,0,51584,69,0,Corporate Auto,Two-Door Car,368
US85318,Oregon,F,Bachelor,0,65744,62,0,Corporate Auto,Four-Door Car,166
FS19862,Arizona,F,Bachelor,0,25198,118,0,Personal Auto,SUV,566
ZP80713,Arizona,F,Master,0,79663,69,0,Personal Auto,Two-Door Car,263
OK50159,Arizona,F,Bachelor,0,31071,111,0,Personal Auto,Sports Car,215
TP54769,California,F,Bachelor,0,39452,131,0,Corporate Auto,SUV,398
FS49381,Oregon,F,Bachelor,0,25813,61,0,Personal Auto,Four-Door Car,205
DQ79499,Oregon,F,Doctor,0,59965,131,0,Personal Auto,SUV,905
VH31965,Washington,Male,Bachelor,0,40783,67,0,Personal Auto,Four-Door Car,321
VO25602,Nevada,F,College,0,98701,94,0,Personal Auto,Four-Door Car,79
EP93369,Arizona,F,College,0,0,121,0,Personal Auto,Sports Car,871
DQ45854,Oregon,F,College,0,64388,68,0,Personal Auto,Four-Door Car,12
QG15661,Oregon,M,College,0,66841,62,0,Personal Auto,Four-Door Car,123
YA80645,Oregon,F,High School or Below,0,33738,74,0,Corporate Auto,Four-Door Car,304
TW16499,California,M,Bachelor,0,43334,95,0,Corporate Auto,Two-Door Car,614
UP97629,California,F,College,0,0,91,0,Personal Auto,Four-Door Car,245
NU42684,Nevada,F,College,0,83431,84,0,Personal Auto,Four-Door Car,403
EM85557,Washington,F,College,0,54292,67,0,Personal Auto,Four-Door Car,321
BM69818,Oregon,M,Bachelor,0,0,79,0,Personal Auto,Four-Door Car,379
HK15299,California,M,High School or Below,0,38210,69,0,Personal Auto,Four-Door Car,383
NP88496,Nevada,F,High School or Below,0,0,67,0,Personal Auto,Four-Door Car,482
SB99002,Oregon,F,Bachelor,0,49734,69,0,Corporate Auto,Four-Door Car,154
ZH42145,Washington,F,High School or Below,0,50148,65,0,Corporate Auto,Four-Door Car,323
JG30837,Oregon,M,College,0,11689,117,0,Corporate Auto,SUV,561
AC22873,Arizona,F,High School or Below,0,17120,125,0,Special Auto,SUV,717
RO85831,Oregon,M,High School or Below,0,82157,188,0,Corporate Auto,Luxury Car,1353
NN65845,Washington,F,Bachelors,0,21603,68,0,Personal Auto,Four-Door Car,326
RZ27571,Washington,F,Bachelor,0,25544,68,0,Personal Auto,Four-Door Car,326
GH31557,California,M,High School or Below,0,98121,67,0,Personal Auto,Two-Door Car,383
MK73855,Washington,F,High School or Below,0,32314,68,0,Personal Auto,Four-Door Car,326
IO27771,Oregon,F,College,0,89382,112,0,Corporate Auto,Four-Door Car,573
HB99061,Arizona,F,High School or Below,0,97742,132,0,Corporate Auto,SUV,199
HQ82089,Arizona,F,High School or Below,0,0,114,0,Personal Auto,Four-Door Car,820
JN72184,Oregon,M,College,0,0,73,0,Corporate Auto,Four-Door Car,525
WQ46946,California,F,College,0,77153,99,0,Personal Auto,Four-Door Car,355
WJ44028,California,M,Master,0,94590,81,0,Personal Auto,Two-Door Car,388
WH77063,Arizona,F,High School or Below,0,74163,108,0,Personal Auto,Four-Door Car,518
FI13966,Oregon,F,High School or Below,0,40450,287,0,Personal Auto,Luxury SUV,1377
AQ46199,Oregon,M,High School or Below,0,0,71,0,Personal Auto,Two-Door Car,511
WV69362,Arizona,F,High School or Below,0,0,99,0,Corporate Auto,Two-Door Car,475
RJ90816,California,F,College,0,33243,85,0,Personal Auto,Four-Door Car,24
NH19236,Arizona,M,Master,0,0,64,0,Personal Auto,Four-Door Car,199
VW88911,Oregon,M,High School or Below,0,0,114,0,Corporate Auto,Four-Door Car,820
NV14535,Nevada,M,High School or Below,0,20228,101,0,Personal Auto,SUV,523
BM66931,Arizona,F,High School or Below,0,92801,100,0,Personal Auto,SUV,407
JW24035,Oregon,M,College,0,0,69,0,Personal Auto,Four-Door Car,406
PG82270,California,M,College,0,36845,74,0,Personal Auto,Four-Door Car,355
RW65101,California,F,College,0,0,63,0,Personal Auto,Four-Door Car,503
QO79771,California,F,Master,0,72330,81,0,Personal Auto,Four-Door Car,126
EC44438,Nevada,F,Bachelor,0,19352,65,0,Personal Auto,Four-Door Car,724
MW54213,Arizona,M,College,0,0,62,0,Personal Auto,Four-Door Car,297
ZN33412,Arizona,F,College,0,25073,79,0,Personal Auto,Four-Door Car,379
HZ56678,Oregon,F,High School or Below,0,20261,72,0,Personal Auto,Four-Door Car,345
AN36757,Oregon,M,Master,0,66851,92,0,Personal Auto,Four-Door Car,408
NB54665,Arizona,F,High School or Below,0,43860,65,0,Corporate Auto,Four-Door Car,156
MG99229,Oregon,M,College,0,0,180,0,Corporate Auto,Luxury Car,1777
MX76292,California,F,Doctor,0,48019,64,0,Corporate Auto,Four-Door Car,137
EJ90880,California,M,College,0,28786,71,0,Personal Auto,Four-Door Car,345
WO95180,California,F,High School or Below,0,22283,65,0,Corporate Auto,Four-Door Car,572
BU53191,Arizona,F,Bachelor,0,34133,111,0,Personal Auto,SUV,226
ZK54897,Arizona,M,Master,0,60880,119,0,Personal Auto,Two-Door Car,109
PP48389,California,F,Bachelor,0,0,196,0,Personal Auto,Sports Car,940
XD29421,Oregon,M,High School or Below,0,48115,192,0,Personal Auto,Luxury Car,1382
OP26403,California,F,College,0,32017,62,0,Personal Auto,Four-Door Car,297
XK15687,Oregon,F,High School or Below,0,58518,136,0,Personal Auto,SUV,323
ED29955,California,M,Bachelor,0,61542,67,0,Personal Auto,Four-Door Car,321
QT84720,Oregon,F,Bachelor,0,56761,73,0,Corporate Auto,Two-Door Car,85
ZH35315,California,M,College,0,22976,66,0,Personal Auto,Four-Door Car,345
EE76374,Nevada,F,High School or Below,0,0,72,0,Personal Auto,Four-Door Car,709
SH51981,Washington,M,College,0,70301,67,0,Personal Auto,Four-Door Car,328
BS13111,Arizona,M,Bachelor,0,0,66,0,Personal Auto,Four-Door Car,315
JP12645,Arizona,M,Bachelor,0,44428,104,0,Personal Auto,SUV,499
ZF28570,Nevada,M,Bachelor,0,52361,102,0,Personal Auto,Four-Door Car,645
UU93074,California,M,College,0,32435,297,0,Personal Auto,Luxury Car,1767
SZ60450,California,M,High School or Below,0,40272,86,0,Personal Auto,Two-Door Car,23
HL63895,Arizona,M,Master,0,30492,61,0,Personal Auto,Four-Door Car,171
UD27196,Arizona,M,High School or Below,0,51524,244,0,Personal Auto,Luxury Car,1171
OU53351,Arizona,M,College,0,36635,63,0,Corporate Auto,Four-Door Car,302
SX50964,Arizona,F,Bachelor,0,83389,65,0,Corporate Auto,Two-Door Car,209
RP30093,Oregon,F,Bachelor,0,63035,153,0,Personal Auto,SUV,734
BK73302,California,M,Bachelor,0,61638,82,0,Corporate Auto,Four-Door Car,544
CS93971,Arizona,F,College,0,21073,106,0,Personal Auto,SUV,508
RG13940,California,F,College,0,0,68,0,Personal Auto,Four-Door Car,326
ZG94155,Oregon,M,Bachelor,0,0,82,0,Personal Auto,Two-Door Car,192
QN15356,Arizona,M,College,0,0,74,0,Personal Auto,Four-Door Car,532
MZ16820,Nevada,M,High School or Below,0,86811,102,0,Corporate Auto,Four-Door Car,489
DO98345,Oregon,M,High School or Below,0,72517,82,0,Personal Auto,Two-Door Car,371
PA48777,Washington,F,High School or Below,0,25965,5353,0,Personal Auto,Four-Door Car,329
UK76814,Oregon,F,Doctor,0,84424,66,0,Personal Auto,Four-Door Car,231
SR30440,California,F,College,0,43383,109,0,Personal Auto,SUV,757
XE66367,Oregon,M,High School or Below,0,96306,95,0,Special Auto,Four-Door Car,185
SZ70655,California,F,College,0,0,61,0,Corporate Auto,Two-Door Car,292
UV54502,Washington,female,High School or Below,0,0,69,0,Personal Auto,Four-Door Car,331
DK98861,Arizona,F,College,0,94125,109,0,Personal Auto,SUV,341
JX14364,Oregon,M,College,0,39778,112,0,Personal Auto,SUV,806
LI85491,Oregon,F,High School or Below,0,0,101,0,Personal Auto,SUV,727
JY87538,Oregon,F,College,0,91871,102,0,Personal Auto,SUV,346
VE55982,Nevada,M,Bachelor,0,54000,66,0,Corporate Auto,Two-Door Car,373
WK99918,Oregon,M,Doctor,0,57709,125,0,Personal Auto,SUV,600
XP16538,Arizona,F,High School or Below,0,81132,107,0,Corporate Auto,SUV,419
HW42900,California,M,College,0,22926,93,0,Corporate Auto,Four-Door Car,479
JG84729,Arizona,F,College,0,0,72,0,Personal Auto,Four-Door Car,345
XH85336,Washington,M,Bachelor,0,67798,69,0,Personal Auto,Four-Door Car,331
ND29059,Oregon,M,Bachelor,0,78011,138,0,Personal Auto,SUV,619
HC76653,Oregon,M,College,0,32931,62,0,Personal Auto,Four-Door Car,297
SG73822,California,F,Bachelor,0,99517,109,0,Personal Auto,Four-Door Car,239
CB44654,Arizona,M,Bachelor,0,59665,62,0,Personal Auto,Two-Door Car,167
MP53505,Washington,F,High School or Below,0,86073,136,0,Corporate Auto,Sports Car,333
YJ43481,Arizona,F,High School or Below,0,91099,107,0,Corporate Auto,SUV,406
TP15362,Oregon,M,College,0,28013,91,0,Personal Auto,Four-Door Car,655
YX90754,Nevada,F,High School or Below,0,55478,71,0,Personal Auto,Two-Door Car,339
TQ32702,Nevada,F,College,0,22568,88,0,Corporate Auto,Four-Door Car,422
TS50305,California,F,High School or Below,0,0,112,0,Personal Auto,SUV,806
BY22068,Arizona,M,High School or Below,0,39335,201,0,Corporate Auto,Luxury SUV,964
TJ48439,Oregon,F,College,0,0,66,0,Personal Auto,Two-Door Car,508
TE61015,Oregon,M,College,0,0,72,0,Personal Auto,Four-Door Car,345
RD89159,Oregon,M,College,0,58842,110,0,Personal Auto,Four-Door Car,528
VW86720,Oregon,F,Bachelor,0,0,69,0,Personal Auto,Four-Door Car,678
UM76485,Oregon,M,College,0,0,102,0,Personal Auto,SUV,489
LS62045,Oregon,F,Bachelor,0,70037,70,0,Personal Auto,Four-Door Car,409
ZG84862,Nevada,M,High School or Below,0,0,62,0,Personal Auto,Two-Door Car,446
CD76093,Nevada,M,College,0,59847,192,0,Corporate Auto,Luxury Car,921
FO99259,California,M,Bachelor,0,26630,118,0,Personal Auto,Four-Door Car,581
KN87338,Oregon,F,High School or Below,0,48039,68,0,Personal Auto,Four-Door Car,11
LT89398,California,M,High School or Below,0,0,92,0,Personal Auto,Four-Door Car,441
NZ19529,Arizona,M,High School or Below,0,0,137,0,Personal Auto,SUV,1227
PR41853,Arizona,F,Bachelor,0,0,118,0,Corporate Auto,Sports Car,101
ZF40671,Washington,F,Master,0,15818,107,0,Personal Auto,Two-Door Car,333
XR84971,Oregon,F,Doctor,0,36537,85,0,Personal Auto,Four-Door Car,165
BP83941,Arizona,F,Master,0,0,115,0,Personal Auto,SUV,552
PY80449,Arizona,M,High School or Below,0,53603,132,0,Personal Auto,Sports Car,697
ET22260,Nevada,M,Doctor,0,0,80,0,Corporate Auto,Four-Door Car,6
OF47250,California,F,Doctor,0,92374,107,0,Personal Auto,SUV,220
WB58031,California,M,High School or Below,0,39658,66,0,Corporate Auto,Four-Door Car,316
UV80201,Oregon,F,Bachelor,0,0,116,0,Personal Auto,Sports Car,556
PY10605,Arizona,M,Bachelor,0,0,70,0,Personal Auto,Two-Door Car,336
JI82682,California,F,High School or Below,0,0,65,0,Personal Auto,Four-Door Car,328
BU14748,Arizona,M,High School or Below,0,50755,91,0,Personal Auto,Two-Door Car,436
QK18099,Washington,F,College,0,69050,67,0,Personal Auto,Four-Door Car,334
LD26428,Oregon,M,Bachelor,0,0,73,0,Corporate Auto,Four-Door Car,680
MY43761,California,M,High School or Below,0,50607,137,0,Personal Auto,SUV,657
WQ89892,Washington,F,College,0,0,70,0,Special Auto,Two-Door Car,336
GY55415,Nevada,F,Bachelor,0,0,149,0,Corporate Auto,SUV,1072
IB42395,Nevada,M,College,0,0,146,0,Corporate Auto,SUV,1051
ZU74482,Oregon,M,College,0,60920,64,0,Personal Auto,Two-Door Car,231
NL74789,California,F,Bachelor,0,0,105,0,Special Auto,Two-Door Car,504
YU86594,Oregon,M,High School or Below,0,55674,66,0,Personal Auto,Four-Door Car,81
QN37451,California,M,College,0,0,189,0,Corporate Auto,Luxury Car,2201
GD83998,Washington,M,Bachelor,0,24495,70,0,Personal Auto,Four-Door Car,336
IL83479,Oregon,F,College,0,42983,86,0,Personal Auto,Four-Door Car,412
EF87528,Arizona,M,College,0,26802,66,0,Special Auto,Two-Door Car,316
IV74747,California,M,Doctor,0,0,97,0,Corporate Auto,Four-Door Car,469
JZ81608,Oregon,M,High School or Below,0,53808,88,0,Personal Auto,Four-Door Car,189
EO40136,Arizona,F,College,0,93403,73,0,Personal Auto,Four-Door Car,295
ZR40902,Oregon,F,Bachelor,0,26435,111,0,Corporate Auto,Four-Door Car,1012
PO89542,Oregon,F,Bachelor,0,0,68,0,Personal Auto,Four-Door Car,326
FX57380,California,F,Bachelor,0,39854,66,0,Personal Auto,Two-Door Car,261
NM22175,Oregon,M,College,0,0,161,0,Personal Auto,SUV,1052
BC97773,Nevada,F,Master,0,91368,71,0,Personal Auto,Four-Door Car,395
MN34012,Arizona,M,Bachelor,0,0,115,0,Personal Auto,SUV,552
KY29506,California,F,College,0,92850,104,0,Personal Auto,Four-Door Car,499
VU84949,Washington,F,Bachelors,0,0,70,0,Personal Auto,Two-Door Car,336
HC20975,Arizona,M,Bachelor,0,30915,72,0,Personal Auto,Four-Door Car,345
IF87079,Arizona,F,Master,0,48927,72,0,Personal Auto,Four-Door Car,139
EP18940,Oregon,F,Bachelor,0,0,86,0,Personal Auto,Four-Door Car,412
SB44003,Arizona,F,College,0,61108,89,0,Personal Auto,Four-Door Car,49
MK15785,Nevada,M,Master,0,48015,110,0,Corporate Auto,Sports Car,528
VP89545,Arizona,M,College,0,0,61,0,Personal Auto,Four-Door Car,292
HJ58678,Nevada,F,College,0,57587,68,0,Personal Auto,Four-Door Car,257
MW80236,Washington,M,Master,0,0,70,0,Personal Auto,Four-Door Car,336
IA52178,Arizona,F,College,0,81119,196,0,Corporate Auto,SUV,940
WC42895,California,F,Bachelor,0,65724,70,0,Personal Auto,Four-Door Car,14
JP41935,Washington,M,High School or Below,0,20128,70,0,Personal Auto,Four-Door Car,336
YM77369,Oregon,M,High School or Below,0,56146,119,0,Corporate Auto,Four-Door Car,401
WV15213,California,M,Bachelor,0,84658,62,0,Personal Auto,Four-Door Car,44
GX37592,Nevada,F,College,0,33257,72,0,Personal Auto,Four-Door Car,345
VM34210,Washington,F,College,0,0,101,0,Personal Auto,SUV,337
YJ59924,Oregon,M,College,0,31115,92,0,Personal Auto,Four-Door Car,441
OO35641,Oregon,F,College,0,78487,117,0,Personal Auto,SUV,448
EU54076,Oregon,M,Bachelor,0,92472,65,0,Corporate Auto,Four-Door Car,240
QH56750,Arizona,M,High School or Below,0,0,64,0,Personal Auto,Four-Door Car,460
PQ27923,Washington,M,Master,0,71737,79,0,Personal Auto,Two-Door Car,338
ES16126,California,M,College,0,60475,107,0,Personal Auto,Four-Door Car,513
PG42834,Arizona,F,Bachelor,0,26577,79,0,Personal Auto,Four-Door Car,73
OY44814,Arizona,M,High School or Below,0,0,71,0,Personal Auto,Two-Door Car,511
JI97190,California,M,High School or Below,0,43461,64,0,Personal Auto,Two-Door Car,307
ZK61113,Oregon,M,High School or Below,0,0,94,0,Personal Auto,Two-Door Car,676
MU88116,Oregon,F,Master,0,69085,113,0,Corporate Auto,Sports Car,472
TP61305,California,M,High School or Below,0,0,84,0,Personal Auto,Four-Door Car,604
ZY20779,Washington,M,High School or Below,0,0,71,0,Personal Auto,Two-Door Car,340
KP65334,California,F,College,0,0,77,0,Corporate Auto,Four-Door Car,783
OH15677,California,M,High School or Below,0,0,110,0,Personal Auto,Sports Car,1272
HB53755,Oregon,F,High School or Below,0,0,106,0,Personal Auto,Sports Car,763
UF77079,Arizona,F,High School or Below,0,58361,95,0,Personal Auto,Four-Door Car,43
TD20252,Arizona,M,College,0,74092,67,0,Personal Auto,Four-Door Car,321
TH68362,California,F,College,0,0,64,0,Corporate Auto,Four-Door Car,380
TO34442,Washington,M,College,0,59768,71,0,Personal Auto,Four-Door Car,340
MP96373,Washington,M,Master,0,54585,7575,0,Personal Auto,Two-Door Car,340
CV72453,Oregon,F,High School or Below,0,0,125,0,Corporate Auto,SUV,900
OY92520,California,F,Bachelor,0,12075,94,0,Personal Auto,Four-Door Car,451
UY95530,California,M,College,0,62464,109,0,Personal Auto,Sports Car,400
FB84235,Oregon,M,College,0,22520,73,0,Personal Auto,Four-Door Car,350
MJ14480,Arizona,F,High School or Below,0,35012,72,0,Personal Auto,Four-Door Car,345
KW81128,Arizona,F,College,0,95140,126,0,Personal Auto,Sports Car,45
DQ98402,Nevada,F,High School or Below,0,82477,90,0,Corporate Auto,Two-Door Car,432
WN53966,California,M,Master,0,85871,92,0,Personal Auto,Four-Door Car,112
QK69627,Washington,F,High School or Below,0,75264,78,0,Personal Auto,Four-Door Car,343
QC55306,Washington,M,High School or Below,0,83170,97,0,Personal Auto,Four-Door Car,344
WV79842,California,M,High School or Below,0,24314,235,0,Personal Auto,Luxury SUV,1128
DF40318,Oregon,M,Master,0,79751,63,0,Corporate Auto,Two-Door Car,392
TN90661,Nevada,M,High School or Below,0,83318,72,0,Corporate Auto,Four-Door Car,345
ZU88029,Oregon,F,Master,0,26161,109,0,Personal Auto,Sports Car,594
TQ88221,California,F,Bachelor,0,30473,72,0,Corporate Auto,Four-Door Car,450
KH34667,Nevada,M,College,0,50472,87,0,Corporate Auto,Four-Door Car,281
HW54198,Nevada,M,Master,0,94186,64,0,Personal Auto,Four-Door Car,135
GZ79662,Arizona,M,High School or Below,0,47611,69,0,Corporate Auto,Four-Door Car,593
YA11342,California,M,High School or Below,0,0,103,0,Personal Auto,Four-Door Car,518
ZW18871,Oregon,M,High School or Below,0,91245,69,0,Corporate Auto,Four-Door Car,19
QZ17137,Arizona,F,High School or Below,0,45944,83,0,Personal Auto,Two-Door Car,182
UV53712,California,F,College,0,59649,69,0,Personal Auto,Four-Door Car,167
SJ43436,Oregon,F,Bachelor,0,52785,61,0,Corporate Auto,Two-Door Car,45
VW46878,Oregon,F,High School or Below,0,59648,66,0,Personal Auto,Four-Door Car,316
TW91179,Oregon,F,College,0,93272,95,0,Corporate Auto,Four-Door Car,281
LG19551,Arizona,M,Bachelor,0,22134,72,0,Corporate Auto,Four-Door Car,445
AI49712,Washington,F,High School or Below,0,0,72,0,Personal Auto,Four-Door Car,345
WN14473,Arizona,M,Master,0,87798,71,0,Personal Auto,Two-Door Car,204
WH62198,California,M,Bachelor,0,0,63,0,Personal Auto,Four-Door Car,305
SP85148,California,F,Master,0,43811,117,0,Personal Auto,Sports Car,571
FB49203,California,F,College,0,0,91,0,Corporate Auto,Two-Door Car,655
FF94341,Nevada,F,Bachelor,0,92456,95,0,Special Auto,Four-Door Car,456
TS42594,California,F,High School or Below,0,59207,116,0,Personal Auto,Four-Door Car,556
IL43607,California,F,High School or Below,0,64519,69,0,Corporate Auto,Four-Door Car,331
FL85008,Oregon,F,High School or Below,0,11432,119,0,Personal Auto,SUV,571
AN47199,Nevada,F,College,0,0,80,0,Personal Auto,Two-Door Car,81
SV28347,California,M,High School or Below,0,32607,111,0,Corporate Auto,SUV,532
IC78105,Arizona,F,High School or Below,0,26444,196,0,Personal Auto,Luxury Car,940
RB28630,Oregon,F,High School or Below,0,39381,74,0,Personal Auto,Four-Door Car,355
KA32645,Nevada,M,College,0,0,83,0,Personal Auto,Four-Door Car,946
QD73891,Oregon,M,High School or Below,0,90217,66,0,Personal Auto,Four-Door Car,316
LM58949,Oregon,M,High School or Below,0,24248,70,0,Personal Auto,Four-Door Car,336
YG40323,Arizona,M,Bachelor,0,99368,113,0,Personal Auto,Four-Door Car,82
EP82214,Arizona,F,High School or Below,0,68189,82,0,Special Auto,Four-Door Car,343
EO91797,Nevada,F,Master,0,32370,130,0,Corporate Auto,SUV,487
RU50098,Arizona,F,Master,0,34990,65,0,Personal Auto,Four-Door Car,42
QW10541,California,F,High School or Below,0,25714,67,0,Personal Auto,Two-Door Car,321
SB50826,Oregon,M,College,0,61091,95,0,Personal Auto,Two-Door Car,409
XX29952,Arizona,M,College,0,88184,104,0,Personal Auto,Four-Door Car,240
AT93647,California,F,College,0,60252,65,0,Personal Auto,Four-Door Car,182
QP56563,Oregon,M,College,0,80985,67,0,Personal Auto,Four-Door Car,124
UF88986,Washington,F,College,0,39783,72,0,Personal Auto,Two-Door Car,345
TY43440,California,M,High School or Below,0,99845,110,0,Personal Auto,SUV,528
NJ15094,Washington,F,Bachelors,0,0,72,0,Personal Auto,Four-Door Car,345
MM45334,Oregon,F,College,0,40803,71,0,Personal Auto,Four-Door Car,122
KH93988,Oregon,F,College,0,71134,98,0,Personal Auto,Two-Door Car,196
RY38931,Arizona,M,Bachelor,0,36088,72,0,Personal Auto,Four-Door Car,345
CV48634,Nevada,M,College,0,29431,103,0,Personal Auto,SUV,237
TN76120,Washington,M,Bachelors,0,36088,72,0,Personal Auto,Four-Door Car,345
ZS96174,Oregon,M,College,0,17937,65,0,Personal Auto,Two-Door Car,312
MI62456,Arizona,F,Bachelor,0,23376,78,0,Personal Auto,Four-Door Car,374
DD44177,California,F,Doctor,0,21986,63,0,Personal Auto,Two-Door Car,333
NX31380,Arizona,F,Bachelor,0,23032,89,0,Corporate Auto,Four-Door Car,427
KQ43374,Oregon,F,College,0,32114,104,0,Corporate Auto,SUV,445
XA54112,California,M,Bachelor,0,13330,117,0,Corporate Auto,SUV,561
QB14087,California,F,College,0,44934,61,0,Personal Auto,Four-Door Car,357
FV42881,Oregon,F,College,0,96137,73,0,Corporate Auto,Two-Door Car,67
AV76907,Oregon,F,College,0,40864,109,0,Personal Auto,SUV,166
VM85555,California,F,College,0,22668,67,0,Personal Auto,Four-Door Car,33
ZU88113,Oregon,M,College,0,90751,82,0,Personal Auto,Two-Door Car,315
SZ75668,Oregon,M,College,0,44186,64,0,Personal Auto,Four-Door Car,295
MZ65087,Oregon,M,College,0,92678,70,0,Personal Auto,Four-Door Car,34
EL61402,Arizona,F,Bachelor,0,74257,76,0,Personal Auto,Four-Door Car,214
CJ31839,California,M,Bachelor,0,99981,71,0,Special Auto,Four-Door Car,204
XM11175,Arizona,M,College,0,0,91,0,Personal Auto,Four-Door Car,655
LF41085,Arizona,F,College,0,19591,74,0,Personal Auto,Two-Door Car,95
MB19556,California,F,College,0,29095,127,0,Personal Auto,SUV,664
HC74532,Oregon,F,Bachelor,0,0,62,0,Corporate Auto,Four-Door Car,389
SB66770,Arizona,M,Master,0,60880,119,0,Corporate Auto,Two-Door Car,109
JI25066,AZ,F,Bachelor,0,61785,61,0,Personal Auto,Two-Door Car,271
PY98958,Oregon,M,Bachelor,0,44428,104,0,Special Auto,SUV,499
RA65645,California,M,High School or Below,0,95697,107,0,Personal Auto,Sports Car,178
FQ79356,California,F,Bachelor,0,18064,63,0,Personal Auto,Four-Door Car,182
TM25808,California,M,High School or Below,0,74720,70,0,Personal Auto,Two-Door Car,200
XO46388,California,F,Bachelor,0,22594,67,0,Personal Auto,Four-Door Car,321
LB81265,AZ,F,Bachelor,0,40987,73,0,Personal Auto,Four-Door Car,329
JR38787,Nevada,M,High School or Below,0,24561,126,0,Personal Auto,SUV,853
KZ22690,California,F,College,0,76456,83,0,Personal Auto,Four-Door Car,42
NY49598,California,M,College,0,65828,62,0,Personal Auto,Four-Door Car,297
KY39767,Oregon,F,College,0,0,68,0,Personal Auto,Four-Door Car,489
YU35386,AZ,F,Bachelor,0,63621,70,0,Personal Auto,Four-Door Car,444
TF82172,AZ,M,College,0,10074,107,0,Corporate Auto,SUV,108
ER40041,Oregon,F,College,0,78965,183,0,Personal Auto,Luxury Car,145
MS39869,Nevada,F,College,0,0,68,0,Personal Auto,Four-Door Car,479
PV77906,AZ,M,Bachelor,0,23604,64,0,Corporate Auto,Two-Door Car,460
QF21045,Oregon,F,College,0,99205,68,0,Personal Auto,Two-Door Car,323
HF65914,AZ,M,College,0,0,92,0,Personal Auto,Two-Door Car,441
AJ58038,California,F,Bachelor,0,0,66,0,Corporate Auto,Four-Door Car,433
ZR88383,Nevada,F,College,0,55350,67,0,Personal Auto,Four-Door Car,321
OT49339,Oregon,M,College,0,21052,111,0,Corporate Auto,SUV,453
FI74985,Oregon,F,High School or Below,0,0,69,0,Personal Auto,Four-Door Car,496
JW15301,AZ,M,High School or Below,0,24664,69,0,Corporate Auto,Four-Door Car,496
PY20159,Nevada,M,College,0,45225,124,0,Corporate Auto,Sports Car,209
NC42524,California,M,College,0,30430,86,0,Special Auto,Four-Door Car,425
ZG19911,California,F,Bachelor,0,35149,64,0,Personal Auto,Two-Door Car,120
DI89983,California,M,Bachelor,0,16513,71,0,Personal Auto,Four-Door Car,340
IG56214,Nevada,M,High School or Below,0,10892,66,0,Personal Auto,Four-Door Car,316
CA86085,Washington,M,High School or Below,0,67176,72,0,Personal Auto,Four-Door Car,345
UO95739,Oregon,M,College,0,54704,113,0,Personal Auto,SUV,468
SB64873,Oregon,M,Doctor,0,25381,71,0,Personal Auto,Four-Door Car,340
TE82896,Oregon,F,High School or Below,0,0,74,0,Personal Auto,Four-Door Car,355
VY64199,Oregon,F,Bachelor,0,18150,67,0,Corporate Auto,Four-Door Car,220
IE82679,California,M,Bachelor,0,29735,69,0,Personal Auto,Four-Door Car,331
SL70257,Nevada,F,College,0,77156,73,0,Personal Auto,Four-Door Car,445
XJ85947,Oregon,F,College,0,88782,78,0,Personal Auto,Four-Door Car,357
EF84269,California,F,College,0,51489,139,0,Personal Auto,SUV,236
NY91328,California,F,Bachelor,0,16972,125,0,Personal Auto,SUV,600
AT49447,California,M,Bachelor,0,99359,95,0,Personal Auto,Two-Door Car,233
BM70908,AZ,M,College,0,58289,62,0,Personal Auto,Two-Door Car,297
GM63998,Oregon,F,Doctor,0,45173,268,0,Personal Auto,Luxury Car,1286
AR61426,California,F,Bachelor,0,93246,78,0,Personal Auto,Two-Door Car,41
CB62406,AZ,M,High School or Below,0,43758,171,0,Corporate Auto,SUV,1129
WH82416,Oregon,M,Bachelor,0,75651,81,0,Personal Auto,Four-Door Car,375
UI53874,AZ,F,Doctor,0,0,67,0,Personal Auto,Four-Door Car,321
LM44949,Oregon,F,Doctor,0,36938,70,0,Special Auto,Four-Door Car,244
JR59597,California,M,Bachelor,0,50843,82,0,Personal Auto,Two-Door Car,393
ZS22428,California,F,Bachelor,0,21907,62,0,Personal Auto,Four-Door Car,2
AZ34845,California,F,Bachelor,0,77846,119,0,Personal Auto,Sports Car,342
XZ34917,Washington,M,Bachelor,0,41043,72,0,Personal Auto,Four-Door Car,345
QU20310,AZ,F,High School or Below,0,97030,76,0,Corporate Auto,Four-Door Car,416
NQ42020,Oregon,M,High School or Below,0,80864,182,0,Personal Auto,Luxury SUV,618
ZF40143,Nevada,F,College,0,48197,106,0,Personal Auto,Four-Door Car,508
GU65780,California,M,Doctor,0,70837,73,0,Personal Auto,Four-Door Car,362
KY32675,AZ,M,High School or Below,0,85297,93,0,Special Auto,Two-Door Car,620
ZX35838,Oregon,F,Master,0,70177,115,0,Personal Auto,Four-Door Car,225
LU42720,Nevada,M,College,0,52499,138,0,Personal Auto,SUV,1171
FB25242,Oregon,M,College,0,63143,71,0,Corporate Auto,Four-Door Car,340
RW51650,Oregon,M,Bachelor,0,97361,73,0,Personal Auto,Four-Door Car,350
XX94684,Nevada,M,High School or Below,0,50052,130,0,Personal Auto,Sports Car,624
AH99727,AZ,F,Bachelor,0,11612,71,0,Personal Auto,Four-Door Car,340
NZ85858,AZ,F,High School or Below,0,78115,65,0,Personal Auto,Four-Door Car,255
JU19953,California,F,Master,0,81947,71,0,Personal Auto,Two-Door Car,203
LC33025,Oregon,M,College,0,44698,211,0,Personal Auto,Luxury Car,1012
BV86143,California,F,High School or Below,0,26876,66,0,Personal Auto,Four-Door Car,219
AY88788,Oregon,F,College,0,69841,192,0,Personal Auto,Luxury SUV,878
OJ33945,Oregon,F,High School or Below,0,97768,72,0,Personal Auto,Two-Door Car,151
LO84523,Oregon,M,High School or Below,0,0,187,0,Personal Auto,Luxury Car,1588
HZ25580,Washington,F,High School or Below,0,39062,61,0,Corporate Auto,Two-Door Car,346
AR96516,Oregon,F,Bachelor,0,50217,74,0,Personal Auto,Two-Door Car,355
JP69864,Washington,F,Bachelors,0,24910,63,0,Personal Auto,Four-Door Car,347
DL26809,Nevada,M,College,0,0,68,0,Personal Auto,Two-Door Car,489
MV69686,Oregon,F,Doctor,0,38500,99,0,Corporate Auto,Four-Door Car,423
SC95565,Nevada,F,High School or Below,0,62018,71,0,Personal Auto,Two-Door Car,293
RL31641,Oregon,F,College,0,0,65,0,Personal Auto,Two-Door Car,468
OH83248,California,M,Master,0,57394,106,0,Personal Auto,Four-Door Car,316
DB28979,California,M,Bachelor,0,23530,65,0,Corporate Auto,Two-Door Car,312
ZS32263,California,F,High School or Below,0,48887,95,0,Personal Auto,Four-Door Car,456
IY59173,Oregon,F,Master,0,68867,129,0,Personal Auto,SUV,619
KL17620,California,F,College,0,12062,63,0,Corporate Auto,Four-Door Car,302
CP28581,AZ,M,College,0,59230,107,0,Personal Auto,SUV,245
QR15592,AZ,F,Bachelor,0,59586,72,0,Personal Auto,Four-Door Car,91
RI85578,Washington,F,Bachelors,0,79699,65,0,Personal Auto,Two-Door Car,348
TG68823,AZ,F,Bachelor,0,25134,67,0,Personal Auto,Four-Door Car,321
WO78310,Oregon,F,College,0,0,61,0,Personal Auto,Four-Door Car,292
SC78905,Oregon,F,College,0,0,61,0,Personal Auto,Four-Door Car,292
EL88957,California,M,College,0,0,100,0,Personal Auto,SUV,720
SS54050,California,M,Bachelor,0,44901,70,0,Personal Auto,Four-Door Car,460
ZV99487,AZ,F,Bachelor,0,0,93,0,Personal Auto,Four-Door Car,149
XI51746,Oregon,F,Bachelor,0,28463,113,0,Personal Auto,SUV,324
KG85675,Nevada,F,Bachelor,0,13037,124,0,Personal Auto,SUV,839
KK64803,California,M,High School or Below,0,82320,99,0,Personal Auto,Four-Door Car,475
OM80593,California,F,Bachelor,0,0,104,0,Personal Auto,SUV,499
RL59810,Oregon,F,College,0,78460,64,0,Personal Auto,Four-Door Car,203
QQ53360,Nevada,M,College,0,0,92,0,Personal Auto,Two-Door Car,657
WR76339,California,M,College,0,46922,64,0,Corporate Auto,Two-Door Car,403
BA40043,California,M,College,0,60689,74,0,Corporate Auto,Four-Door Car,5
MK52197,Nevada,F,Master,0,0,71,0,Personal Auto,Four-Door Car,340
SV48204,Oregon,F,College,0,61108,89,0,Personal Auto,Four-Door Car,49
RJ79502,AZ,M,Bachelor,0,98003,107,0,Personal Auto,SUV,449
LY14355,Washington,F,High School or Below,0,73847,73,0,Personal Auto,Two-Door Car,350
NL32558,AZ,F,High School or Below,0,22081,84,0,Personal Auto,Two-Door Car,451
CP92616,Nevada,M,High School or Below,0,83006,235,0,Personal Auto,Luxury SUV,1065
BP28492,AZ,F,College,0,38713,66,0,Corporate Auto,Four-Door Car,316
MX28412,Oregon,F,College,0,28700,68,0,Personal Auto,Four-Door Car,326
DT99586,California,F,Master,0,61552,115,0,Personal Auto,SUV,12
IC41932,Nevada,M,College,0,56718,113,0,Personal Auto,SUV,542
DA35744,Oregon,M,Doctor,0,66776,71,0,Corporate Auto,Four-Door Car,131
GU96042,California,M,High School or Below,0,58268,67,0,Corporate Auto,Two-Door Car,228
UW98698,California,M,College,0,0,68,0,Personal Auto,Four-Door Car,542
SF32458,California,M,Doctor,0,12608,66,0,Personal Auto,Four-Door Car,214
OM85313,California,M,Master,0,63499,73,0,Personal Auto,Four-Door Car,278
MH81246,Oregon,M,High School or Below,0,36247,96,0,Corporate Auto,Four-Door Car,329
OH99089,California,F,Master,0,30228,73,0,Personal Auto,Four-Door Car,163
TG57800,Oregon,F,College,0,0,74,0,Personal Auto,Two-Door Car,501
GX19342,California,F,High School or Below,0,0,116,0,Personal Auto,Four-Door Car,1193
XE39286,AZ,F,Bachelor,0,99364,121,0,Personal Auto,Sports Car,580
JA93297,California,M,Bachelor,0,23665,67,0,Personal Auto,Four-Door Car,404
II37789,AZ,F,College,0,0,94,0,Corporate Auto,Four-Door Car,807
IC32996,Oregon,M,High School or Below,0,69247,61,0,Corporate Auto,Two-Door Car,226
LO67195,AZ,F,College,0,56047,92,0,Corporate Auto,Four-Door Car,82
PG93638,Oregon,M,College,0,28919,73,0,Personal Auto,Two-Door Car,207
OZ41737,Oregon,F,Doctor,0,0,70,0,Personal Auto,Four-Door Car,223
OY66019,Oregon,F,College,0,0,83,0,Personal Auto,Four-Door Car,254
CH73843,AZ,M,High School or Below,0,69900,64,0,Personal Auto,Two-Door Car,33
XT93203,California,M,High School or Below,0,55687,276,0,Personal Auto,Luxury SUV,1324
OR85652,Oregon,F,Bachelor,0,78294,92,0,Personal Auto,Four-Door Car,181
LR10110,Washington,F,Bachelors,0,0,73,0,Corporate Auto,Four-Door Car,350
XK11432,AZ,M,Bachelor,0,0,62,0,Personal Auto,Two-Door Car,297
OX24868,California,F,High School or Below,0,0,168,0,Personal Auto,SUV,1476
EZ74530,Nevada,M,High School or Below,0,0,104,0,Personal Auto,Sports Car,748
HP46467,Oregon,F,College,0,21385,127,0,Corporate Auto,SUV,609
KP54476,California,M,Master,0,87128,97,0,Personal Auto,Two-Door Car,495
AI47152,Nevada,F,College,0,35434,66,0,Personal Auto,Four-Door Car,297
BU15334,California,F,Master,0,29462,107,0,Corporate Auto,SUV,513
GD59796,Nevada,F,College,0,53243,102,0,Personal Auto,Four-Door Car,489
OX59701,California,M,High School or Below,0,21006,139,0,Personal Auto,SUV,667
OD63728,California,F,College,0,0,65,0,Personal Auto,Two-Door Car,312
JC38573,Oregon,M,Bachelor,0,36088,72,0,Corporate Auto,Four-Door Car,345
RC11491,Oregon,F,College,0,28948,131,0,Corporate Auto,SUV,295
RZ24101,Nevada,F,College,0,24417,185,0,Personal Auto,SUV,888
OB88698,Oregon,M,High School or Below,0,67099,69,0,Personal Auto,Two-Door Car,22
IK92617,Oregon,F,Bachelor,0,97830,96,0,Personal Auto,Four-Door Car,298
YH43996,AZ,M,College,0,0,101,0,Personal Auto,Four-Door Car,727
BJ65040,AZ,F,High School or Below,0,93558,67,0,Personal Auto,Four-Door Car,478
WY57101,AZ,F,Doctor,0,37384,99,0,Personal Auto,Four-Door Car,475
OG77759,AZ,M,Bachelor,0,28227,62,0,Personal Auto,Four-Door Car,551
HN38084,Nevada,M,High School or Below,0,51008,74,0,Corporate Auto,Two-Door Car,355
GD11927,California,M,High School or Below,0,78185,61,0,Personal Auto,Four-Door Car,292
MC20349,California,F,Bachelor,0,0,74,0,Personal Auto,Four-Door Car,532
HM22034,Nevada,M,College,0,0,68,0,Personal Auto,Four-Door Car,670
KH48996,AZ,F,Bachelor,0,97205,100,0,Personal Auto,Sports Car,5
VF32979,Washington,F,Bachelors,0,25472,73,0,Corporate Auto,Four-Door Car,350
LS90887,California,F,Bachelor,0,26225,72,0,Special Auto,Four-Door Car,320
EN72010,Oregon,M,College,0,20545,70,0,Personal Auto,Two-Door Car,336
KH44031,Oregon,F,Master,0,0,83,0,Personal Auto,Four-Door Car,398
GJ47896,AZ,F,College,0,35503,67,0,Personal Auto,Two-Door Car,216
GD87742,Oregon,F,College,0,58988,118,0,Personal Auto,Sports Car,566
MD14027,Nevada,F,Bachelor,0,0,74,0,Personal Auto,Two-Door Car,355
XA32915,Nevada,M,High School or Below,0,0,64,0,Personal Auto,Two-Door Car,685
XR52852,Oregon,F,College,0,0,66,0,Special Auto,Four-Door Car,316
EZ48947,Nevada,M,College,0,67197,111,0,Special Auto,SUV,147
OJ50322,Nevada,M,High School or Below,0,39032,198,0,Personal Auto,SUV,950
XB77333,Oregon,F,College,0,0,68,0,Personal Auto,Four-Door Car,326
QB58745,California,M,High School or Below,0,34927,70,0,Personal Auto,Two-Door Car,242
IG62421,Nevada,M,Doctor,0,30817,88,0,Personal Auto,Four-Door Car,91
SF29724,California,F,Bachelor,0,31535,70,0,Personal Auto,Four-Door Car,90
WM95454,California,F,Bachelor,0,23376,78,0,Personal Auto,Four-Door Car,374
CB96381,California,F,College,0,46244,62,0,Corporate Auto,Four-Door Car,255
MJ60422,AZ,M,Bachelor,0,34886,84,0,Personal Auto,Two-Door Car,403
NC63295,AZ,M,High School or Below,0,0,66,0,Corporate Auto,Four-Door Car,316
CM55703,Washington,F,College,0,33746,74,0,Personal Auto,Two-Door Car,355
ZE76673,Oregon,M,Doctor,0,24164,137,0,Personal Auto,Sports Car,657
TO60700,Washington,F,Bachelors,0,25859,74,0,Special Auto,Four-Door Car,355
WF34690,Oregon,F,Bachelor,0,0,68,0,Personal Auto,Four-Door Car,326
ZM28138,AZ,F,Bachelor,0,40153,61,0,Personal Auto,Four-Door Car,340
FI14842,Nevada,F,College,0,0,104,0,Personal Auto,SUV,499
KC32511,Oregon,F,Master,0,97131,64,0,Personal Auto,Four-Door Car,307
NE10467,AZ,F,High School or Below,0,23712,106,0,Corporate Auto,SUV,508
PT93474,Oregon,F,Bachelor,0,0,64,0,Personal Auto,Four-Door Car,307
RL74454,Nevada,F,Bachelor,0,33171,65,0,Personal Auto,Four-Door Car,236
DQ31994,Nevada,F,College,0,0,83,0,Corporate Auto,Four-Door Car,398
DN98431,Oregon,F,High School or Below,0,0,68,0,Corporate Auto,Four-Door Car,326
EV53200,Nevada,M,College,0,60228,112,0,Personal Auto,SUV,286
AJ89107,AZ,M,High School or Below,0,27072,93,0,Personal Auto,Four-Door Car,565
WS25565,California,M,Master,0,26057,74,0,Personal Auto,Four-Door Car,523
ZY33234,Nevada,F,High School or Below,0,66331,107,0,Personal Auto,Two-Door Car,513
PS69748,Washington,M,College,0,83846,74,0,Personal Auto,Four-Door Car,355
HL33607,Washington,M,College,0,83846,74,0,Personal Auto,Four-Door Car,355
DG90902,California,F,College,0,45106,73,0,Personal Auto,Four-Door Car,350
SW96063,AZ,F,Bachelor,0,78435,130,0,Personal Auto,SUV,553
CP19929,California,F,Bachelor,0,0,63,0,Corporate Auto,Two-Door Car,453
KR50062,Oregon,M,College,0,79507,70,0,Personal Auto,Two-Door Car,442
CU19735,Arizona,M,High School or Below,0,44986,101,0,Corporate Auto,SUV,624
ST52914,Arizona,M,College,0,25899,79,0,Personal Auto,Two-Door Car,568
WQ68301,Oregon,M,Bachelor,0,13610,74,0,Personal Auto,Four-Door Car,355
LR33381,Nevada,M,Doctor,0,0,65,0,Personal Auto,Four-Door Car,312
UR36912,California,M,Bachelor,0,77362,70,0,Personal Auto,Two-Door Car,386
SK46419,California,M,High School or Below,0,96443,102,0,Personal Auto,SUV,489
BY88757,California,M,Master,0,0,135,0,Personal Auto,SUV,939
ER65086,Nevada,M,Doctor,0,90778,76,0,Personal Auto,Four-Door Car,62
TP87527,California,F,High School or Below,0,0,65,0,Corporate Auto,Four-Door Car,361
VL80291,Nevada,F,Master,0,78494,79,0,Personal Auto,Two-Door Car,122
WL45773,California,F,Doctor,0,83497,69,0,Special Auto,Four-Door Car,196
TT36693,Nevada,M,College,0,58842,110,0,Personal Auto,Four-Door Car,528
PT12544,Arizona,M,College,0,63935,87,0,Personal Auto,Four-Door Car,221
CI24326,Oregon,M,Bachelor,0,0,96,0,Personal Auto,Four-Door Car,460
YQ73717,California,M,High School or Below,0,0,69,0,Personal Auto,Four-Door Car,331
FG99706,Oregon,F,College,0,0,77,0,Personal Auto,Four-Door Car,369
OM63414,Arizona,F,Bachelor,0,62258,65,0,Personal Auto,Two-Door Car,117
JQ74890,Nevada,M,Bachelor,0,0,80,0,Corporate Auto,Four-Door Car,739
FP93662,California,F,Master,0,58516,98,0,Corporate Auto,Two-Door Car,470
SA40041,Washington,F,Bachelor,0,22814,73,0,Personal Auto,Four-Door Car,360
EW82164,California,F,Bachelor,0,56901,104,0,Personal Auto,SUV,499
KV99550,California,M,High School or Below,0,0,61,0,Personal Auto,Four-Door Car,292
CA96230,California,M,Doctor,0,99443,117,0,Personal Auto,SUV,228
QN17712,Oregon,F,College,0,0,113,0,Personal Auto,SUV,373
KM79894,Arizona,M,Master,0,88246,77,0,Corporate Auto,Four-Door Car,428
KR25511,Washington,M,High School or Below,0,26876,76,0,Corporate Auto,Four-Door Car,364
DZ45471,Nevada,M,College,0,64801,64,0,Personal Auto,Four-Door Car,268
DE18949,Oregon,F,College,0,57029,68,0,Corporate Auto,Two-Door Car,135
BN74268,Arizona,F,College,0,28045,99,0,Personal Auto,Four-Door Car,475
QJ93301,Nevada,M,Master,0,44661,101,0,Personal Auto,Two-Door Car,436
OO92815,Arizona,F,High School or Below,0,21246,83,0,Personal Auto,Four-Door Car,398
HV50891,Nevada,M,Doctor,0,31278,92,0,Personal Auto,Two-Door Car,441
RK59543,California,F,High School or Below,0,74454,71,0,Personal Auto,Four-Door Car,340
IH54239,California,M,Master,0,62474,63,0,Personal Auto,Four-Door Car,112
GB14456,Nevada,M,High School or Below,0,0,130,0,Personal Auto,SUV,1376
RC95515,Arizona,M,College,0,20647,63,0,Personal Auto,Four-Door Car,185
TI61458,California,F,Bachelor,0,33806,89,0,Personal Auto,Four-Door Car,395
RB49468,Oregon,F,Bachelor,0,0,70,0,Personal Auto,Four-Door Car,340
SJ18454,Oregon,M,High School or Below,0,0,111,0,Personal Auto,Sports Car,900
KC19420,California,F,College,0,19589,127,0,Personal Auto,SUV,1027
TP12241,California,F,College,0,22338,67,0,Personal Auto,Two-Door Car,307
BD89564,Nevada,M,College,0,66839,154,0,Personal Auto,Sports Car,739
EC71986,Washington,F,High School or Below,0,26736,63,0,Personal Auto,Four-Door Car,367
CJ97736,Oregon,F,College,0,31364,74,0,Personal Auto,Four-Door Car,461
QF59448,Washington,M,College,0,17752,77,0,Personal Auto,Four-Door Car,369
YB70005,Oregon,M,College,0,36225,123,0,Special Auto,SUV,221
QI40455,Oregon,F,Doctor,0,0,107,0,Personal Auto,SUV,271
YL72747,California,M,High School or Below,0,0,61,0,Personal Auto,Four-Door Car,292
FL18392,California,F,Bachelor,0,77601,71,0,Personal Auto,Two-Door Car,276
AL21967,Oregon,M,Master,0,74243,84,0,Corporate Auto,Four-Door Car,71
KC67431,California,F,College,0,46707,133,0,Personal Auto,Sports Car,80
EG40823,Oregon,F,Bachelor,0,0,116,0,Personal Auto,SUV,765
QO89177,California,M,College,0,50234,101,0,Personal Auto,Four-Door Car,484
AV72430,Oregon,M,Master,0,75526,103,0,Personal Auto,Four-Door Car,494
TL18087,Washington,M,Bachelor,0,65083,77,0,Personal Auto,Four-Door Car,369
WI29961,Nevada,M,High School or Below,0,28343,69,0,Personal Auto,Two-Door Car,331
ZR11692,California,M,Bachelor,0,74948,64,0,Corporate Auto,Four-Door Car,216
No36572,Oregon,M,High School or Below,0,22728,116,0,Personal Auto,Four-Door Car,556
YZ56105,California,F,High School or Below,0,0,99,0,Personal Auto,Two-Door Car,712
MN62189,California,F,High School or Below,0,17331,117,0,Personal Auto,SUV,1138
MQ32284,California,F,College,0,35133,102,0,Personal Auto,SUV,692
NS38229,Nevada,F,College,0,63147,64,0,Personal Auto,Four-Door Car,87
IB41597,California,F,College,0,67575,91,0,Personal Auto,Four-Door Car,401
IP68868,Oregon,M,High School or Below,0,0,111,0,Personal Auto,Two-Door Car,799
EL70257,California,F,High School or Below,0,48315,71,0,Personal Auto,Four-Door Car,340
NB27041,Arizona,F,High School or Below,0,34337,113,0,Corporate Auto,Four-Door Car,542
BM28359,Oregon,M,High School or Below,0,33818,72,0,Personal Auto,Four-Door Car,341
VB77950,California,F,High School or Below,0,22439,98,0,Personal Auto,Four-Door Car,470
PE47967,Oregon,F,College,0,79055,186,0,Personal Auto,Luxury SUV,177
QR47308,Nevada,F,College,0,45191,69,0,Personal Auto,Four-Door Car,330
YU49449,California,M,Bachelor,0,41990,66,0,Personal Auto,Four-Door Car,316
KN25124,Oregon,F,Master,0,50979,61,0,Personal Auto,Two-Door Car,262
HI51182,Oregon,F,College,0,59888,106,0,Personal Auto,Four-Door Car,712
MS18916,California,M,College,0,20978,98,0,Personal Auto,Four-Door Car,1176
IE40701,California,M,High School or Below,0,32807,73,0,Personal Auto,Four-Door Car,350
UT48216,Nevada,M,College,0,58414,210,0,Personal Auto,Luxury SUV,1008
VN92740,Arizona,F,College,0,50071,71,0,Corporate Auto,Two-Door Car,18
IZ55070,Nevada,F,High School or Below,0,67796,69,0,Personal Auto,Four-Door Car,331
HI74419,Washington,M,College,0,50825,102,0,Personal Auto,SUV,369
MP76478,Washington,F,High School or Below,0,64125,108,0,Corporate Auto,SUV,369
DY30071,Oregon,M,Bachelor,0,69387,71,0,Personal Auto,Four-Door Car,71
ZN24083,Oregon,M,Doctor,0,29084,71,0,Corporate Auto,Four-Door Car,492
JU74347,Oregon,M,Bachelor,0,60214,100,0,Corporate Auto,Sports Car,291
YJ35850,Oregon,M,High School or Below,0,96018,122,0,Personal Auto,SUV,390
IE15348,Washington,F,High School or Below,0,28466,102,0,Personal Auto,SUV,371
GP67816,California,F,High School or Below,0,60233,116,0,Personal Auto,Two-Door Car,481
PW51793,Oregon,M,Bachelor,0,52920,93,0,Personal Auto,Four-Door Car,1101
UF59346,California,M,Bachelor,0,90310,104,0,Personal Auto,SUV,166
FG29932,California,M,College,0,58414,210,0,Special Auto,Luxury SUV,1008
UX71137,Washington,F,Doctor,0,69205,110,0,Personal Auto,Four-Door Car,372
BY54111,Oregon,M,High School or Below,0,21159,73,0,Personal Auto,Four-Door Car,350
RM83767,Washington,M,College,0,64008,85,0,Personal Auto,Four-Door Car,372
PT15464,Arizona,F,Bachelor,0,68236,114,0,Personal Auto,SUV,20
BP92643,Arizona,F,High School or Below,0,59207,116,0,Personal Auto,Four-Door Car,556
BW94308,Washington,F,High School or Below,0,92766,71,0,Personal Auto,Two-Door Car,379
GQ46925,Arizona,M,High School or Below,0,77563,143,0,Personal Auto,Sports Car,545
RF14806,Arizona,F,College,0,33415,78,0,Personal Auto,Four-Door Car,374
KJ23009,California,F,Bachelor,0,20179,133,0,Corporate Auto,SUV,638
IB81655,California,M,Bachelor,0,50147,101,0,Personal Auto,SUV,484
SV62436,Washington,nan,Bachelor,0,13789,79,0,Personal Auto,Four-Door Car,379
HR64684,Oregon,M,Master,0,0,99,0,Personal Auto,Four-Door Car,475
QS96715,Nevada,F,High School or Below,0,93715,102,0,Personal Auto,SUV,254
SW55711,Oregon,M,High School or Below,0,23540,103,0,Corporate Auto,Two-Door Car,494
LZ19268,California,F,College,0,25370,102,0,Personal Auto,Sports Car,489
FU74983,Nevada,F,Bachelor,0,68771,96,0,Personal Auto,Four-Door Car,276
KB99097,California,F,Bachelor,0,0,73,0,Special Auto,Two-Door Car,350
AP52126,Oregon,F,College,0,68562,108,0,Personal Auto,SUV,228
EX61844,Arizona,M,High School or Below,0,36733,71,0,Personal Auto,Four-Door Car,327
QC30857,Nevada,F,College,0,45768,73,0,Personal Auto,Two-Door Car,191
RT69513,California,F,Bachelor,0,0,64,0,Personal Auto,Four-Door Car,307
HV85198,Arizona,M,Master,0,63513,70,0,Personal Auto,Four-Door Car,185
BS91566,Arizona,F,College,0,58161,68,0,Corporate Auto,Four-Door Car,140
IL40123,Nevada,F,College,0,83640,70,0,Corporate Auto,Two-Door Car,471
MY32149,California,F,Master,0,0,96,0,Personal Auto,Two-Door Car,28
SA91515,California,M,Bachelor,0,0,111,0,Personal Auto,SUV,700
SA25987,Washington,M,High School or Below,0,0,104,0,Personal Auto,Two-Door Car,499
TB86706,Arizona,M,Master,0,0,66,0,Personal Auto,Two-Door Car,3
ZL73902,Nevada,F,Bachelor,0,25820,82,0,Personal Auto,Four-Door Car,393
KX23516,California,F,High School or Below,0,0,121,0,Personal Auto,SUV,699
FN77294,California,M,High School or Below,0,30366,101,0,Personal Auto,SUV,484
VI78454,Arizona,M,College,0,51789,70,0,Personal Auto,Four-Door Car,336
FP59138,Oregon,M,Master,0,0,125,0,Personal Auto,SUV,900
XN62489,Oregon,M,Bachelor,0,18608,71,0,Corporate Auto,Four-Door Car,340
GP66031,California,F,College,0,83758,64,0,Corporate Auto,Two-Door Car,106
IX68587,Nevada,F,Master,0,22886,65,0,Personal Auto,Four-Door Car,312
HX17929,California,F,High School or Below,0,11828,90,0,Personal Auto,Four-Door Car,571
IC59236,California,F,College,0,44762,62,0,Corporate Auto,Four-Door Car,114
VG31922,Nevada,F,Bachelor,0,0,175,0,Personal Auto,SUV,1221
HP87787,Arizona,M,Bachelor,0,82664,114,0,Corporate Auto,SUV,133
AL78075,Oregon,M,High School or Below,0,0,108,0,Personal Auto,Four-Door Car,777
WA97671,Arizona,M,Bachelor,0,0,63,0,Personal Auto,Four-Door Car,302
QZ77637,Washington,F,College,0,84978,72,0,Corporate Auto,Four-Door Car,166
FP11777,California,M,Doctor,0,24164,137,0,Corporate Auto,Sports Car,657
ID45268,California,F,College,0,0,80,0,Personal Auto,Four-Door Car,488
AX86150,Washington,M,High School or Below,0,62777,67,0,Personal Auto,Two-Door Car,101
MW57614,Arizona,F,Bachelor,0,19864,63,0,Personal Auto,Four-Door Car,352
TJ30081,Arizona,M,Bachelor,0,44428,104,0,Personal Auto,SUV,499
FW44940,California,F,Bachelor,0,21139,113,0,Personal Auto,Sports Car,656
CS55808,California,M,College,0,0,88,0,Personal Auto,Four-Door Car,851
WZ61178,California,F,Bachelor,0,11896,69,0,Personal Auto,Two-Door Car,476
IV55977,Oregon,M,Bachelor,0,0,73,0,Personal Auto,Two-Door Car,350
YC67208,California,M,High School or Below,0,27972,61,0,Personal Auto,Four-Door Car,292
LZ89773,California,M,Doctor,0,0,62,0,Personal Auto,Four-Door Car,624
IP52990,Oregon,F,High School or Below,0,38399,106,0,Personal Auto,SUV,368
VF73104,Arizona,F,High School or Below,0,20868,63,0,Personal Auto,Four-Door Car,134
OC80343,Oregon,M,Bachelor,0,49682,101,0,Personal Auto,SUV,198
EL89222,California,F,Bachelor,0,79090,107,0,Personal Auto,SUV,289
QB14114,Oregon,F,High School or Below,0,81850,132,0,Personal Auto,Sports Car,429
HM41195,Arizona,M,High School or Below,0,22906,76,0,Personal Auto,Four-Door Car,519
JT41591,Washington,M,College,0,0,83,0,Personal Auto,Four-Door Car,398
HE15857,Washington,M,Bachelor,0,37138,83,0,Personal Auto,Two-Door Car,417
KI64666,Nevada,F,Bachelor,0,0,71,0,Personal Auto,Four-Door Car,511
JC33752,Oregon,F,College,0,21024,82,0,Personal Auto,Two-Door Car,450
JA25453,California,M,High School or Below,0,0,103,0,Personal Auto,Four-Door Car,741
AJ69778,Oregon,F,High School or Below,0,77135,84,0,Personal Auto,Four-Door Car,98
FQ83162,Washington,M,College,0,0,109,0,Personal Auto,Sports Car,718
EY89842,Arizona,M,Bachelor,0,0,114,0,Corporate Auto,SUV,820
TG69238,Oregon,F,Bachelor,0,72845,108,0,Personal Auto,SUV,463
UI63465,Oregon,F,High School or Below,0,51622,74,0,Corporate Auto,Four-Door Car,355
WX33904,Arizona,M,Bachelor,0,0,61,0,Special Auto,Two-Door Car,292
HA20933,Oregon,F,Bachelor,0,15616,114,0,Personal Auto,SUV,547
BU16704,Oregon,F,High School or Below,0,0,82,0,Personal Auto,Four-Door Car,590
JV68002,Washington,M,College,0,23091,96,0,Corporate Auto,Four-Door Car,460
PM78410,Oregon,F,Bachelor,0,0,67,0,Personal Auto,Two-Door Car,482
PU92298,Arizona,F,Bachelor,0,22699,74,0,Personal Auto,Four-Door Car,355
AA16582,Washington,M,Bachelor,0,14072,71,0,Personal Auto,Four-Door Car,511
AZ87715,California,F,High School or Below,0,81713,74,0,Personal Auto,Four-Door Car,332
GI89160,California,F,Bachelor,0,56516,199,0,Personal Auto,Luxury SUV,955
WV57813,Oregon,F,Bachelor,0,0,73,0,Personal Auto,Four-Door Car,525
EW86465,Arizona,M,High School or Below,0,26747,61,0,Corporate Auto,Four-Door Car,404
UW70224,Oregon,F,College,0,63422,66,0,Personal Auto,Four-Door Car,355
LU12532,California,F,High School or Below,0,22081,84,0,Personal Auto,Two-Door Car,451
WD48852,Oregon,F,College,0,0,180,0,Special Auto,Luxury SUV,1296
BH43379,Oregon,F,Bachelor,0,29698,83,0,Personal Auto,Four-Door Car,215
GV59387,California,F,College,0,24518,74,0,Personal Auto,Two-Door Car,241
LQ76410,Arizona,M,College,0,62873,81,0,Special Auto,Four-Door Car,207
MF19231,California,M,Master,0,28377,94,0,Personal Auto,Four-Door Car,451
XS47087,Oregon,M,College,0,21102,100,0,Personal Auto,SUV,480
IL56791,Oregon,M,Bachelor,0,0,65,0,Personal Auto,Two-Door Car,312
UV88036,Nevada,F,High School or Below,0,0,88,0,Personal Auto,Four-Door Car,539
SE76116,California,M,Bachelor,0,81410,119,0,Personal Auto,SUV,221
GJ63103,Oregon,F,High School or Below,0,27869,67,0,Personal Auto,Two-Door Car,482
PL78574,Arizona,M,High School or Below,0,57449,103,0,Personal Auto,Four-Door Car,494
NV69875,Oregon,M,High School or Below,0,40901,74,0,Corporate Auto,Four-Door Car,13
MC38650,Nevada,M,High School or Below,0,88701,99,0,Personal Auto,Two-Door Car,171
No73819,California,F,Master,0,29365,137,0,Personal Auto,Sports Car,657
OW84864,California,F,College,0,0,82,0,Personal Auto,Four-Door Car,393
BV91898,Arizona,F,Bachelor,0,0,103,0,Personal Auto,SUV,1060
WQ54314,Oregon,F,Bachelor,0,56455,73,0,Personal Auto,Four-Door Car,350
NM57315,California,M,Bachelor,0,35095,73,0,Special Auto,Two-Door Car,525
JB51220,Oregon,F,High School or Below,0,0,155,0,Corporate Auto,Sports Car,1116
EN77569,Oregon,F,College,0,94903,94,0,Special Auto,Two-Door Car,451
YP47665,Washington,M,Doctor,0,80192,67,0,Personal Auto,Four-Door Car,95
QO54008,Oregon,M,Master,0,0,122,0,Personal Auto,SUV,827
EQ59908,California,M,Master,0,60244,83,0,Corporate Auto,Four-Door Car,326
YU72540,Arizona,F,College,0,52735,65,0,Personal Auto,Four-Door Car,123
BZ50261,Arizona,F,High School or Below,0,78275,72,0,Personal Auto,Two-Door Car,25
QE92747,Oregon,F,Bachelor,0,77282,102,0,Corporate Auto,Four-Door Car,489
KG83280,California,F,College,0,21604,79,0,Personal Auto,Four-Door Car,379
IL42365,Arizona,F,High School or Below,0,51962,125,0,Personal Auto,Sports Car,788
FI86516,Oregon,F,Bachelor,0,0,68,0,Corporate Auto,Four-Door Car,489
FV14881,California,F,Doctor,0,56362,197,0,Personal Auto,Luxury SUV,945
RR54950,Arizona,M,College,0,85753,66,0,Special Auto,Four-Door Car,316
FC70869,Arizona,F,High School or Below,0,36167,76,0,Personal Auto,Two-Door Car,364
PB60303,Oregon,F,Master,0,68568,223,0,Personal Auto,Luxury Car,1070
HO50571,California,F,College,0,35482,129,0,Personal Auto,SUV,619
BH86846,Washington,M,High School or Below,0,92079,65,0,Corporate Auto,Four-Door Car,114
PC42162,Oregon,M,Bachelor,0,0,77,0,Personal Auto,Two-Door Car,554
KD21661,California,M,College,0,0,165,0,Personal Auto,SUV,1188
FZ73016,California,F,Bachelor,0,34558,113,0,Personal Auto,SUV,376
HJ19927,Nevada,M,Master,0,14775,69,0,Personal Auto,Four-Door Car,170
RJ99408,California,M,High School or Below,0,35637,68,0,Personal Auto,Four-Door Car,326
EL81968,Oregon,M,Bachelor,0,66726,97,0,Personal Auto,Two-Door Car,335
WU86174,California,F,Bachelor,0,0,72,0,Personal Auto,Four-Door Car,345
DN21342,Oregon,F,College,0,0,96,0,Personal Auto,Four-Door Car,460
PB60406,California,F,Doctor,0,79719,71,0,Personal Auto,Four-Door Car,425
IY37465,Arizona,M,Bachelor,0,25632,63,0,Corporate Auto,Two-Door Car,351
LF55270,Oregon,F,College,0,61108,89,0,Personal Auto,Four-Door Car,49
UV69038,California,M,College,0,0,137,0,Corporate Auto,SUV,657
IS63925,Arizona,F,College,0,21073,106,0,Personal Auto,SUV,508
CQ21583,Oregon,M,Doctor,0,17932,79,0,Personal Auto,Four-Door Car,379
PR21713,Nevada,M,High School or Below,0,81082,73,0,Personal Auto,Four-Door Car,281
XE10977,Oregon,F,High School or Below,0,71684,66,0,Personal Auto,Two-Door Car,196
JG87029,Oregon,M,High School or Below,0,57338,61,0,Personal Auto,Two-Door Car,292
BK21146,Arizona,M,College,0,0,102,0,Personal Auto,SUV,489
WE19034,Oregon,M,College,0,24409,62,0,Corporate Auto,Four-Door Car,297
DF62718,California,F,High School or Below,0,83488,90,0,Personal Auto,Four-Door Car,432
MS59254,Washington,M,High School or Below,0,0,104,0,Corporate Auto,Two-Door Car,773
WC65050,California,F,Master,0,62537,71,0,Personal Auto,Two-Door Car,354
ST27958,Washington,M,College,0,10621,67,0,Personal Auto,Four-Door Car,321
XZ81226,Arizona,F,Bachelor,0,43478,80,0,Personal Auto,Four-Door Car,384
TU53781,Oregon,F,Bachelor,0,46503,215,0,Corporate Auto,Luxury SUV,1032
GC93551,Oregon,F,High School or Below,0,27179,66,0,Personal Auto,Four-Door Car,344
MO33279,California,F,College,0,62229,70,0,Personal Auto,Two-Door Car,336
LD20926,Arizona,F,Bachelor,0,0,92,0,Personal Auto,Two-Door Car,441
PW90662,Oregon,M,College,0,67060,126,0,Personal Auto,SUV,339
WS53288,Oregon,F,College,0,13663,97,0,Personal Auto,Four-Door Car,465
HE84643,California,F,High School or Below,0,0,63,0,Personal Auto,Four-Door Car,453
CL37990,Arizona,F,Bachelor,0,0,99,0,Corporate Auto,Four-Door Car,699
HR87252,California,F,Bachelor,0,97745,113,0,Personal Auto,Sports Car,695
SB27146,Oregon,F,High School or Below,0,26026,116,0,Personal Auto,Two-Door Car,283
KI58952,California,F,College,0,72794,164,0,Personal Auto,SUV,50
RM21896,Oregon,F,College,0,47730,91,0,Personal Auto,Four-Door Car,219
JS38272,Arizona,M,College,0,0,122,0,Personal Auto,SUV,725
NJ15094,Washington,F,Bachelor,0,0,72,0,Personal Auto,Four-Door Car,345
MZ88454,Oregon,F,Bachelor,0,0,70,0,Personal Auto,Four-Door Car,336
PO27978,Oregon,F,Doctor,0,97785,73,0,Personal Auto,Two-Door Car,236
VT28596,California,F,High School or Below,0,0,66,0,Personal Auto,Four-Door Car,712
TI19722,Washington,M,Doctor,0,30817,88,0,Corporate Auto,Four-Door Car,91
DO83038,California,F,College,0,64502,70,0,Personal Auto,Two-Door Car,39
AG62087,California,M,Bachelor,0,30335,87,0,Corporate Auto,Four-Door Car,326
BA56812,Oregon,M,Master,0,21020,80,0,Corporate Auto,Four-Door Car,178
QF74147,California,F,College,0,84574,70,0,Special Auto,Four-Door Car,167
RN88075,Washington,F,Bachelor,0,0,84,0,Personal Auto,Two-Door Car,700
OG71924,Oregon,F,Master,0,0,93,0,Personal Auto,Four-Door Car,436
YF87007,Oregon,F,High School or Below,0,11828,90,0,Corporate Auto,Four-Door Car,571
ZL18631,Arizona,F,College,0,54889,63,0,Personal Auto,Four-Door Car,302
BZ71120,Oregon,F,College,0,89918,105,0,Personal Auto,SUV,367
UP60200,California,M,Bachelor,0,87002,110,0,Personal Auto,Two-Door Car,199
XZ64172,Oregon,M,High School or Below,0,55687,276,0,Corporate Auto,Luxury SUV,1324
CA47176,Oregon,M,Bachelor,0,17103,87,0,Personal Auto,Two-Door Car,417
CI68869,Arizona,F,College,0,0,70,0,Personal Auto,Two-Door Car,702
XT10744,Arizona,M,College,0,28441,73,0,Special Auto,Two-Door Car,686
HT48275,Oregon,M,Bachelor,0,91212,69,0,Personal Auto,Two-Door Car,270
HB48073,Arizona,F,Bachelor,0,66325,117,0,Corporate Auto,SUV,497
MD43085,Oregon,F,Doctor,0,67895,101,0,Personal Auto,Four-Door Car,403
NJ11986,Arizona,F,Master,0,29550,114,0,Corporate Auto,Two-Door Car,118
HH55884,Arizona,M,College,0,10275,97,0,Personal Auto,Four-Door Car,465
JP69867,Nevada,M,College,0,61725,106,0,Personal Auto,Four-Door Car,508
FT86104,California,M,College,0,28215,65,0,Corporate Auto,Two-Door Car,468
GV39658,Arizona,F,College,0,10563,121,0,Corporate Auto,SUV,109
GB66110,California,M,Bachelor,0,0,62,0,Personal Auto,Two-Door Car,722
VD51297,California,M,College,0,99722,61,0,Personal Auto,Four-Door Car,292
EP29567,Washington,M,Master,0,16224,93,0,Corporate Auto,Four-Door Car,498
PE59368,Washington,F,Bachelor,0,72096,64,0,Personal Auto,Two-Door Car,252
DQ50538,Nevada,M,Bachelor,0,63800,113,0,Personal Auto,SUV,542
WP58340,Arizona,M,High School or Below,0,55687,276,0,Personal Auto,Luxury SUV,1324
TM23788,California,M,High School or Below,0,0,89,0,Personal Auto,Four-Door Car,640
UF44021,California,M,Bachelor,0,0,61,0,Personal Auto,Two-Door Car,351
WB96917,California,M,College,0,29598,87,0,Personal Auto,Two-Door Car,150
MN95006,California,M,Bachelor,0,22907,180,0,Personal Auto,Luxury SUV,49
NP60037,Oregon,M,Bachelor,0,22697,186,0,Corporate Auto,Luxury SUV,892
NQ71171,California,M,Bachelor,0,70174,64,0,Personal Auto,Four-Door Car,128
SM58898,California,F,High School or Below,0,85378,107,0,Corporate Auto,SUV,513
FN98595,Nevada,F,High School or Below,0,31477,94,0,Special Auto,Four-Door Car,146
TW94555,Nevada,M,College,0,66429,136,0,Personal Auto,Sports Car,57
XW60886,California,M,High School or Below,0,0,90,0,Personal Auto,Four-Door Car,900
IE84844,Nevada,F,High School or Below,0,0,65,0,Personal Auto,Four-Door Car,655
HY76810,Oregon,F,Bachelor,0,0,172,0,Corporate Auto,SUV,141
JL41129,California,M,Bachelor,0,74217,100,0,Personal Auto,SUV,418
OQ41280,Nevada,M,High School or Below,0,46298,88,0,Corporate Auto,Four-Door Car,128
AP65984,Oregon,F,College,0,0,135,0,Personal Auto,SUV,648
EE99484,Washington,F,High School or Below,0,43860,65,0,Corporate Auto,Four-Door Car,156
XM39121,Arizona,F,College,0,0,69,0,Personal Auto,Four-Door Car,331
DK49336,Arizona,M,College,0,48029,61,0,Corporate Auto,Four-Door Car,292
HB43486,Washington,F,College,0,86830,123,0,Personal Auto,SUV,480
KB15252,Arizona,F,College,0,0,77,0,Personal Auto,Two-Door Car,509
BN83547,Nevada,F,High School or Below,0,40706,71,0,Personal Auto,Four-Door Car,166
MC55901,California,F,High School or Below,0,69231,65,0,Personal Auto,Four-Door Car,193
PZ98142,Arizona,F,College,0,0,132,0,Personal Auto,SUV,950
GB43363,Oregon,M,College,0,0,105,0,Personal Auto,Four-Door Car,756
TH67541,Arizona,F,High School or Below,0,16171,74,0,Corporate Auto,Four-Door Car,311
WC21901,Arizona,M,College,0,51397,61,0,Personal Auto,Four-Door Car,292
CL38124,Oregon,F,Bachelor,0,83879,69,0,Personal Auto,Four-Door Car,212
XH89851,California,F,College,0,63267,92,0,Personal Auto,Four-Door Car,530
KA58700,Nevada,M,College,0,44712,82,0,Corporate Auto,Four-Door Car,537
ZB40259,California,M,Doctor,0,59311,69,0,Corporate Auto,Four-Door Car,14
JV63229,Arizona,M,Bachelor,0,81957,86,0,Personal Auto,Four-Door Car,433
SI31035,Arizona,M,Doctor,0,59601,67,0,Personal Auto,Four-Door Car,321
JW30054,Oregon,M,High School or Below,0,71034,103,0,Corporate Auto,Four-Door Car,494
AP56340,Washington,M,Bachelor,0,13103,72,0,Personal Auto,Four-Door Car,458
FN44127,Oregon,M,College,0,20978,98,0,Personal Auto,Four-Door Car,1176
QE79527,California,F,Bachelor,0,46503,215,0,Personal Auto,Luxury SUV,1032
UP36767,California,M,College,0,61064,113,0,Personal Auto,SUV,539
PG43749,Oregon,F,College,0,17572,110,0,Personal Auto,Two-Door Car,639
LL96228,Oregon,M,Master,0,99823,116,0,Corporate Auto,SUV,250
OV40993,Nevada,F,College,0,17453,118,0,Personal Auto,SUV,566
MA80983,Oregon,M,College,0,55663,166,0,Personal Auto,SUV,194
SA54664,Washington,M,Master,0,73196,66,0,Personal Auto,Four-Door Car,85
TW12556,Oregon,F,High School or Below,0,58577,110,0,Personal Auto,SUV,303
TC88451,Nevada,F,High School or Below,0,88055,71,0,Personal Auto,Four-Door Car,337
BL93659,California,M,Bachelor,0,0,80,0,Personal Auto,Four-Door Car,384
SI20178,California,M,High School or Below,0,80892,110,0,Personal Auto,SUV,528
KC50464,Arizona,F,Master,0,34990,65,0,Corporate Auto,Four-Door Car,42
HG64216,California,M,College,0,37124,72,0,Personal Auto,Two-Door Car,430
XM91056,California,F,High School or Below,0,22236,62,0,Personal Auto,Two-Door Car,409
KN13494,Washington,F,Master,0,97131,64,0,Personal Auto,Four-Door Car,307
OC47565,Oregon,F,College,0,67760,74,0,Special Auto,Four-Door Car,465
HH14259,Arizona,F,Bachelor,0,0,69,0,Personal Auto,Four-Door Car,97
QF66741,Nevada,M,College,0,0,62,0,Personal Auto,Two-Door Car,307
LY46898,California,M,High School or Below,0,37473,70,0,Corporate Auto,Four-Door Car,336
MK73855,Washington,F,High School or Below,0,32314,68,0,Personal Auto,Four-Door Car,326
HU82227,Arizona,M,College,0,49214,102,0,Corporate Auto,Four-Door Car,371
FF75737,Oregon,F,High School or Below,0,49851,69,0,Personal Auto,Four-Door Car,331
KJ50265,Washington,M,High School or Below,0,27951,91,0,Personal Auto,Four-Door Car,436
OQ82364,Nevada,F,Bachelor,0,0,95,0,Corporate Auto,Two-Door Car,456
SO47345,Arizona,F,Master,0,56410,117,0,Personal Auto,SUV,523
JN51592,Arizona,F,Bachelor,0,22497,212,0,Special Auto,Luxury Car,1017
FH36069,Arizona,F,College,0,61347,106,0,Personal Auto,SUV,604
ZW32080,Nevada,F,Bachelor,0,37803,74,0,Personal Auto,Four-Door Car,355
ZH98656,Nevada,F,Master,0,91276,105,0,Personal Auto,SUV,504
GZ31904,Oregon,M,College,0,30816,87,0,Personal Auto,Two-Door Car,237
PN47493,Oregon,F,College,0,41968,67,0,Corporate Auto,Four-Door Car,183
CX18273,Arizona,M,Master,0,35754,199,0,Personal Auto,Luxury Car,612
IG80173,California,F,Master,0,36706,71,0,Personal Auto,Four-Door Car,435
JG76775,Washington,M,High School or Below,0,48258,249,0,Personal Auto,Luxury Car,1195
JR82641,Arizona,M,Master,0,52965,134,0,Personal Auto,SUV,83
NW41789,Oregon,M,Bachelor,0,0,84,0,Personal Auto,Four-Door Car,604
VG74039,Oregon,F,Bachelor,0,0,65,0,Personal Auto,Four-Door Car,455
DV27428,Oregon,M,High School or Below,0,62634,116,0,Personal Auto,SUV,122
AN57220,Oregon,F,Bachelor,0,96917,61,0,Special Auto,Four-Door Car,71
VD62056,Arizona,F,High School or Below,0,76157,116,0,Personal Auto,Two-Door Car,556
AH92481,California,F,College,0,53219,117,0,Corporate Auto,SUV,561
LX97765,Arizona,F,College,0,81412,109,0,Personal Auto,Two-Door Car,344
JP82211,California,F,College,0,59744,105,0,Personal Auto,SUV,476
SI88726,California,F,College,0,38898,117,0,Corporate Auto,SUV,561
MG46007,California,M,High School or Below,0,0,94,0,Personal Auto,Four-Door Car,17
GL69461,Oregon,F,College,0,99961,66,0,Personal Auto,Four-Door Car,316
RA63927,Oregon,M,High School or Below,0,30886,91,0,Personal Auto,Two-Door Car,103
UE76013,Washington,F,Master,0,35984,128,0,Personal Auto,SUV,275
RI35792,Nevada,F,College,0,0,125,0,Personal Auto,SUV,539
WL63802,California,M,High School or Below,0,0,181,0,Personal Auto,Luxury Car,1303
KZ29413,Oregon,M,Master,0,0,139,0,Personal Auto,SUV,667
SN23932,Arizona,M,Master,0,60244,83,0,Personal Auto,Four-Door Car,326
YW26148,California,F,High School or Below,0,0,72,0,Personal Auto,Four-Door Car,518
LS51818,California,F,College,0,37553,187,0,Personal Auto,Luxury Car,897
ZG47195,Nevada,M,College,0,0,73,0,Personal Auto,Four-Door Car,525
No50634,Oregon,M,College,0,60475,107,0,Personal Auto,Four-Door Car,513
GC42314,Arizona,M,Doctor,0,0,111,0,Personal Auto,SUV,672
SD77009,California,M,College,0,0,136,0,Personal Auto,SUV,979
OW85480,California,M,Master,0,25545,69,0,Personal Auto,Four-Door Car,331
SW93780,Arizona,M,Master,0,24182,66,0,Personal Auto,Four-Door Car,316
ZW51071,Oregon,F,High School or Below,0,80979,84,0,Personal Auto,Four-Door Car,25
CK74127,Arizona,M,Bachelor,0,0,62,0,Corporate Auto,Four-Door Car,446
KM52241,Arizona,F,High School or Below,0,0,74,0,Personal Auto,Four-Door Car,47
PE66545,Oregon,M,Bachelor,0,29250,64,0,Personal Auto,Two-Door Car,308
GG70928,California,F,Master,0,33566,63,0,Personal Auto,Four-Door Car,205
GI36262,Washington,F,College,0,65247,72,0,Corporate Auto,Four-Door Car,381
MH85165,California,M,High School or Below,0,39650,86,0,Personal Auto,Four-Door Car,922
AM26717,California,M,Bachelor,0,0,101,0,Personal Auto,SUV,960
CV90092,Oregon,M,College,0,82680,68,0,Corporate Auto,Four-Door Car,326
CL70684,California,M,High School or Below,0,0,111,0,Corporate Auto,Two-Door Car,799
GK13851,Oregon,M,College,0,0,129,0,Personal Auto,SUV,619
TQ73726,Oregon,M,Bachelor,0,0,69,0,Personal Auto,Two-Door Car,460
RW65977,Arizona,M,College,0,0,61,0,Special Auto,Four-Door Car,439
EY74093,Nevada,M,High School or Below,0,86834,64,0,Corporate Auto,Four-Door Car,0
YG11074,Arizona,F,Bachelor,0,46143,122,0,Personal Auto,SUV,223
HW65139,California,M,Doctor,0,21275,240,0,Personal Auto,Luxury SUV,1152
BT49333,Arizona,M,High School or Below,0,47746,106,0,Personal Auto,SUV,246
KN78424,California,M,College,0,51675,196,0,Corporate Auto,Sports Car,940
TH68648,California,M,College,0,85522,64,0,Personal Auto,Four-Door Car,165
GZ22403,Oregon,M,High School or Below,0,0,63,0,Personal Auto,Two-Door Car,753
NU26460,Oregon,F,College,0,0,84,0,Corporate Auto,Four-Door Car,633
PB21909,Oregon,M,Bachelor,0,55632,123,0,Personal Auto,SUV,478
TA78865,Nevada,M,High School or Below,0,0,93,0,Special Auto,Four-Door Car,669
FP23103,Oregon,M,Bachelor,0,0,78,0,Special Auto,Two-Door Car,374
YK43172,Arizona,M,Bachelor,0,69152,89,0,Personal Auto,Four-Door Car,221
YZ36062,Oregon,M,Bachelor,0,13476,67,0,Corporate Auto,Four-Door Car,433
SJ29837,Washington,F,High School or Below,0,0,105,0,Personal Auto,SUV,914
RC72799,Oregon,F,College,0,33252,71,0,Personal Auto,Four-Door Car,407
AN67558,Nevada,M,College,0,0,102,0,Personal Auto,SUV,734
EQ62488,Oregon,F,College,0,59456,189,0,Personal Auto,Luxury Car,907
OA92714,California,F,Bachelor,0,88989,63,0,Personal Auto,Four-Door Car,232
QS76805,Arizona,M,High School or Below,0,0,107,0,Corporate Auto,SUV,513
PQ46798,California,F,College,0,17034,113,0,Personal Auto,Sports Car,542
IA56290,Arizona,F,College,0,88435,62,0,Personal Auto,Four-Door Car,136
XU35186,California,F,High School or Below,0,71445,70,0,Personal Auto,Four-Door Car,336
DR84620,California,M,Bachelor,0,72149,101,0,Personal Auto,SUV,69
QG27547,Oregon,F,Bachelor,0,23376,78,0,Personal Auto,Four-Door Car,374
NM95102,Oregon,M,High School or Below,0,44788,61,0,Personal Auto,Four-Door Car,386
KZ26788,Washington,F,Bachelor,0,69379,103,0,Personal Auto,Two-Door Car,494
GW25077,Oregon,F,Bachelor,0,38521,134,0,Personal Auto,SUV,557
ZU91897,California,M,High School or Below,0,34482,67,0,Personal Auto,Four-Door Car,83
ZK38095,California,F,Bachelor,0,0,68,0,Personal Auto,Four-Door Car,487
TY84623,California,M,College,0,37256,62,0,Corporate Auto,Four-Door Car,128
IP69763,Washington,F,College,0,77311,181,0,Personal Auto,SUV,113
NF90665,Oregon,M,Bachelor,0,39268,66,0,Personal Auto,Four-Door Car,188
KG53186,Nevada,M,College,0,59644,79,0,Corporate Auto,Four-Door Car,379
KV57104,Oregon,F,High School or Below,0,0,68,0,Personal Auto,Four-Door Car,326
ZX93551,Arizona,F,Bachelor,0,23376,78,0,Personal Auto,Four-Door Car,374
TR18337,Nevada,F,College,0,50854,73,0,Personal Auto,Four-Door Car,101
XV22744,Oregon,F,Bachelor,0,35158,76,0,Personal Auto,Four-Door Car,165
KK27683,Nevada,F,High School or Below,0,15413,106,0,Personal Auto,SUV,508
HX11651,Oregon,M,College,0,17860,99,0,Personal Auto,Two-Door Car,656
FD73388,Arizona,F,Master,0,16181,181,0,Personal Auto,SUV,1261
KF70569,Nevada,M,High School or Below,0,91182,96,0,Personal Auto,Four-Door Car,249
CC94413,Oregon,F,Bachelor,0,41154,72,0,Personal Auto,Four-Door Car,345
QO59138,Arizona,M,High School or Below,0,18746,68,0,Personal Auto,Four-Door Car,326
JW58698,Oregon,F,College,0,70277,80,0,Personal Auto,Four-Door Car,84
GT57081,Oregon,F,Bachelor,0,0,66,0,Personal Auto,Four-Door Car,668
GU82475,California,M,College,0,24919,84,0,Personal Auto,Four-Door Car,420
BG60187,Oregon,M,Bachelor,0,0,79,0,Personal Auto,Four-Door Car,335
TN73558,Arizona,F,High School or Below,0,0,96,0,Personal Auto,Four-Door Car,460
KK15032,Arizona,F,High School or Below,0,46370,68,0,Personal Auto,Two-Door Car,326
KA95160,Arizona,F,Master,0,89918,115,0,Personal Auto,SUV,423
KD52867,Oregon,F,High School or Below,0,37138,85,0,Personal Auto,Two-Door Car,612
WY53775,Arizona,M,High School or Below,0,19683,117,0,Personal Auto,Sports Car,561
HS94778,Oregon,F,College,0,32214,100,0,Personal Auto,SUV,296
EJ96266,California,F,College,0,26472,74,0,Personal Auto,Four-Door Car,355
RK53289,California,F,Bachelor,0,39841,72,0,Personal Auto,Two-Door Car,440
TX39594,Arizona,F,High School or Below,0,51085,62,0,Personal Auto,Two-Door Car,406
JM93892,Arizona,M,College,0,61006,74,0,Corporate Auto,Four-Door Car,73
PY51000,California,M,Bachelor,0,34148,109,0,Personal Auto,Four-Door Car,451
HX74855,Washington,M,High School or Below,0,95697,61,0,Personal Auto,Two-Door Car,114
VE64781,Arizona,F,Bachelor,0,75685,73,0,Personal Auto,Four-Door Car,369
KY57676,California,M,High School or Below,0,20870,72,0,Personal Auto,Four-Door Car,345
JL42497,Nevada,F,High School or Below,0,66900,68,0,Personal Auto,Four-Door Car,326
WQ91717,Arizona,F,College,0,0,106,0,Special Auto,SUV,508
WO39817,Oregon,M,High School or Below,0,37043,68,0,Personal Auto,Two-Door Car,30
HW20940,California,M,Bachelor,0,42837,106,0,Personal Auto,SUV,290
KE60943,California,M,Bachelor,0,33305,62,0,Special Auto,Four-Door Car,353
ZI48518,Nevada,F,High School or Below,0,0,103,0,Personal Auto,Sports Car,558
KI17749,Oregon,F,High School or Below,0,24823,69,0,Personal Auto,Four-Door Car,229
DS50601,Nevada,M,Bachelor,0,98192,84,0,Personal Auto,Four-Door Car,403
PU78245,Arizona,F,Bachelor,0,88249,108,0,Personal Auto,SUV,244
MP96373,Washington,M,Master,0,54585,71,0,Personal Auto,Two-Door Car,340
QK62680,Oregon,F,Master,0,39770,117,0,Personal Auto,Two-Door Car,561
HN63935,Arizona,M,Master,0,85367,85,0,Personal Auto,Four-Door Car,67
ON30714,California,M,College,0,74809,61,0,Personal Auto,Two-Door Car,283
FM61329,California,M,College,0,50144,114,0,Personal Auto,SUV,786
NK91656,Oregon,M,Master,0,20075,79,0,Personal Auto,Two-Door Car,483
MS94619,California,F,High School or Below,0,76448,63,0,Personal Auto,Four-Door Car,302
MO38507,California,M,High School or Below,0,59556,113,0,Personal Auto,Sports Car,681
PQ36549,Arizona,M,Bachelor,0,14174,72,0,Personal Auto,Four-Door Car,345
WG91434,Oregon,M,High School or Below,0,35230,61,0,Personal Auto,Four-Door Car,16
WR43077,California,M,High School or Below,0,0,91,0,Corporate Auto,Four-Door Car,436
LR10110,Washington,F,Bachelor,0,0,73,0,Corporate Auto,Four-Door Car,350
XZ58588,Arizona,M,High School or Below,0,0,114,0,Corporate Auto,Four-Door Car,547
FX12602,Oregon,M,High School or Below,0,51352,66,0,Personal Auto,Four-Door Car,95
BL55947,California,M,College,0,76675,72,0,Personal Auto,Four-Door Car,141
LA60344,Arizona,M,College,0,0,68,0,Personal Auto,Four-Door Car,326
KQ44803,Arizona,M,College,0,0,72,0,Personal Auto,Two-Door Car,297
QY81331,Arizona,F,High School or Below,0,94242,71,0,Personal Auto,Four-Door Car,41
NP33989,Oregon,F,Bachelor,0,0,113,0,Personal Auto,Four-Door Car,217
CP30637,California,F,High School or Below,0,71153,122,0,Corporate Auto,Sports Car,209
RW50070,Arizona,M,High School or Below,0,63326,225,0,Personal Auto,Luxury Car,1080
LO42325,California,F,Bachelor,0,29629,71,0,Special Auto,Four-Door Car,228
YQ50209,Arizona,M,High School or Below,0,0,69,0,Corporate Auto,Four-Door Car,599
JP35025,California,F,Master,0,23726,74,0,Corporate Auto,Four-Door Car,355
WZ13788,Nevada,F,High School or Below,0,48999,86,0,Corporate Auto,Four-Door Car,412
IS21172,Oregon,F,Bachelor,0,13037,124,0,Personal Auto,SUV,839
CL10476,Arizona,M,College,0,24245,63,0,Corporate Auto,Two-Door Car,302
WO83615,Nevada,M,Bachelor,0,44047,137,0,Corporate Auto,Sports Car,969
ZJ77881,Oregon,F,Bachelor,0,91942,117,0,Personal Auto,Four-Door Car,561
GT37101,Oregon,F,High School or Below,0,37640,67,0,Personal Auto,Two-Door Car,174
WE13528,California,F,High School or Below,0,77058,63,0,Personal Auto,Four-Door Car,119
BT78503,Oregon,M,High School or Below,0,0,73,0,Corporate Auto,Four-Door Car,525
WM19967,California,F,College,0,63755,62,0,Personal Auto,Two-Door Car,291
EW13798,California,F,Doctor,0,37384,99,0,Personal Auto,Four-Door Car,475
RO18530,Washington,M,Master,0,42557,65,0,Personal Auto,Four-Door Car,57
AY18433,Washington,F,High School or Below,0,45473,76,0,Special Auto,Two-Door Car,188
CS29328,Nevada,M,Bachelor,0,10743,70,0,Personal Auto,Two-Door Car,336
QL75176,Oregon,F,High School or Below,0,0,113,0,Personal Auto,Four-Door Car,813
IO25161,Arizona,F,College,0,0,61,0,Personal Auto,Four-Door Car,283
FA82777,Arizona,F,High School or Below,0,0,64,0,Personal Auto,Four-Door Car,575
GR49281,California,M,Bachelor,0,75644,65,0,Personal Auto,Two-Door Car,467
ZW19492,Oregon,M,Bachelor,0,63455,61,0,Personal Auto,Two-Door Car,287
UW88168,Oregon,M,Bachelor,0,73782,76,0,Special Auto,Four-Door Car,111
XX53620,Oregon,F,Bachelor,0,80590,71,0,Corporate Auto,Four-Door Car,134
IM90123,California,F,Bachelor,0,59797,127,0,Personal Auto,SUV,609
BE33446,Arizona,F,Bachelor,0,48567,130,0,Personal Auto,SUV,624
YW11227,California,M,Bachelor,0,62470,66,0,Personal Auto,Two-Door Car,243
UF32671,Washington,F,College,0,57338,66,0,Personal Auto,Four-Door Car,316
ZW10467,Arizona,F,High School or Below,0,63288,199,0,Personal Auto,Luxury Car,558
KK95092,Arizona,M,Bachelor,0,55281,192,0,Personal Auto,Luxury SUV,921
HZ43637,Arizona,F,College,0,22985,77,0,Special Auto,Four-Door Car,458
FY82691,California,F,College,0,39608,78,0,Corporate Auto,Four-Door Car,22
SO40738,California,F,High School or Below,0,99189,117,0,Corporate Auto,SUV,75
MB83471,Oregon,M,High School or Below,0,0,112,0,Personal Auto,Four-Door Car,574
GA63091,California,M,College,0,0,92,0,Personal Auto,Four-Door Car,514
AU75025,Oregon,M,College,0,58089,118,0,Personal Auto,SUV,566
XF15789,Arizona,F,College,0,81350,110,0,Personal Auto,SUV,228
SH13204,California,F,High School or Below,0,0,65,0,Personal Auto,Two-Door Car,731
FX48006,Oregon,M,College,0,43704,201,0,Personal Auto,Luxury SUV,1064
HS69837,Oregon,M,College,0,75497,100,0,Personal Auto,SUV,71
GL49408,California,M,Doctor,0,40372,85,0,Corporate Auto,Four-Door Car,76
PK51938,Oregon,F,College,0,17489,85,0,Corporate Auto,Four-Door Car,587
JE62426,Arizona,F,High School or Below,0,86277,74,0,Personal Auto,Four-Door Car,212
IA31850,Arizona,F,College,0,0,63,0,Personal Auto,Four-Door Car,453
PP50567,California,M,Bachelor,0,0,74,0,Corporate Auto,Four-Door Car,355
CS26667,Washington,M,College,0,49078,97,0,Special Auto,Four-Door Car,484
UF73578,California,M,High School or Below,0,81082,73,0,Personal Auto,Four-Door Car,281
MY23958,California,M,Bachelor,0,0,116,0,Personal Auto,Sports Car,835
OP75571,Arizona,F,College,0,40635,102,0,Personal Auto,SUV,489
SI60881,Oregon,F,Bachelor,0,26351,119,0,Personal Auto,SUV,571
DQ15807,Oregon,M,High School or Below,0,0,80,0,Personal Auto,Four-Door Car,824
WU15684,Nevada,F,College,0,42836,89,0,Corporate Auto,Four-Door Car,244
KR17533,Oregon,M,Doctor,0,40175,102,0,Personal Auto,SUV,154
IM98086,California,M,College,0,62873,81,0,Personal Auto,Four-Door Car,207
XY48850,Nevada,F,High School or Below,0,0,74,0,Personal Auto,Two-Door Car,588
YT25875,California,F,College,0,50985,71,0,Personal Auto,Two-Door Car,307
TL59568,Arizona,M,High School or Below,0,0,116,0,Personal Auto,Two-Door Car,835
UE52886,Arizona,M,Bachelor,0,42803,245,0,Personal Auto,Luxury Car,889
TM28833,Oregon,M,College,0,0,69,0,Personal Auto,Two-Door Car,624
SQ60915,Arizona,M,High School or Below,0,35970,98,0,Corporate Auto,Four-Door Car,470
GU42084,Arizona,M,Bachelor,0,44537,106,0,Corporate Auto,Sports Car,441
ZH93283,Arizona,M,College,0,13528,86,0,Personal Auto,Four-Door Car,412
WF51811,Arizona,F,College,0,14030,72,0,Personal Auto,Two-Door Car,345
RL51023,Arizona,M,College,0,0,64,0,Corporate Auto,Four-Door Car,492
NQ67659,Nevada,F,Bachelor,0,33190,106,0,Personal Auto,SUV,508
KI45566,Nevada,M,College,0,0,100,0,Personal Auto,Sports Car,61
WB68229,Arizona,F,Bachelor,0,21033,118,0,Personal Auto,Two-Door Car,738
UF84144,Washington,M,College,0,26285,84,0,Corporate Auto,Four-Door Car,403
ZH28312,California,F,Bachelor,0,0,74,0,Corporate Auto,Four-Door Car,65
GK48045,Washington,F,College,0,73245,68,0,Personal Auto,Four-Door Car,305
HZ67642,California,M,Bachelor,0,0,119,0,Personal Auto,SUV,244
HE12295,California,M,High School or Below,0,0,61,0,Personal Auto,Four-Door Car,616
XL66550,Oregon,M,Bachelor,0,74365,193,0,Corporate Auto,Luxury Car,926
AL27471,Oregon,M,Doctor,0,30821,97,0,Personal Auto,Four-Door Car,451
NG94479,Arizona,F,High School or Below,0,69844,68,0,Corporate Auto,Four-Door Car,184
WR58220,Oregon,M,Bachelor,0,0,124,0,Personal Auto,SUV,595
RT64920,Oregon,M,Master,0,55836,73,0,Personal Auto,Four-Door Car,314
IR58695,Oregon,M,High School or Below,0,40352,77,0,Corporate Auto,Four-Door Car,406
AS93181,Arizona,F,Bachelor,0,14985,116,0,Personal Auto,Sports Car,571
ML23548,Arizona,F,Doctor,0,27458,131,0,Personal Auto,Sports Car,730
PU71194,Oregon,F,Bachelor,0,56343,295,0,Personal Auto,Luxury Car,1612
QT46430,California,F,College,0,12780,111,0,Personal Auto,Sports Car,225
WP83694,California,F,Bachelor,0,68558,131,0,Personal Auto,SUV,280
UE19977,California,F,College,0,47747,111,0,Personal Auto,Two-Door Car,165
WC83942,Oregon,M,Bachelor,0,16113,81,0,Corporate Auto,Four-Door Car,494
HZ62410,Oregon,M,Bachelor,0,0,79,0,Personal Auto,Four-Door Car,379
CE72177,California,F,High School or Below,0,39626,69,0,Personal Auto,Four-Door Car,485
YI89801,California,F,High School or Below,0,49304,65,0,Corporate Auto,Four-Door Car,312
KB53430,Oregon,M,High School or Below,0,27972,61,0,Personal Auto,Four-Door Car,292
KB50999,California,F,College,0,27568,68,0,Personal Auto,Two-Door Car,278
JO17193,Washington,M,Bachelor,0,25905,63,0,Personal Auto,Four-Door Car,302
BO42776,Washington,M,Bachelor,0,21442,108,0,Corporate Auto,SUV,518
OZ19432,Nevada,F,High School or Below,0,34516,113,0,Special Auto,Four-Door Car,42
VT34834,Nevada,M,High School or Below,0,0,68,0,Personal Auto,Four-Door Car,342
MI65698,Oregon,F,College,0,28354,118,0,Personal Auto,Two-Door Car,320
IG85969,Arizona,F,College,0,0,72,0,Personal Auto,Two-Door Car,345
SE72928,California,M,Master,0,37722,116,0,Personal Auto,Sports Car,158
QV47358,Arizona,F,Bachelor,0,32021,70,0,Personal Auto,Four-Door Car,336
HR50405,Oregon,F,Bachelor,0,13393,73,0,Personal Auto,Four-Door Car,34
MN53151,Oregon,M,College,0,13624,117,0,Personal Auto,Sports Car,561
VD64777,Nevada,F,College,0,27800,67,0,Personal Auto,Two-Door Car,321
EG21289,California,F,College,0,58419,191,0,Personal Auto,Luxury Car,202
YI85251,Nevada,M,High School or Below,0,50407,92,0,Personal Auto,Four-Door Car,352
RD61361,Arizona,F,Bachelor,0,0,84,0,Personal Auto,Four-Door Car,856
PG26401,Washington,M,High School or Below,0,77603,114,0,Personal Auto,SUV,547
NV91476,California,F,College,0,75606,119,0,Personal Auto,Four-Door Car,571
SJ16410,Arizona,M,Bachelor,0,41458,98,0,Personal Auto,Four-Door Car,191
BI17208,Oregon,M,College,0,0,74,0,Personal Auto,Two-Door Car,420
WR70403,Washington,M,High School or Below,0,0,82,0,Personal Auto,Two-Door Car,445
ZZ22858,Arizona,F,Bachelor,0,70619,187,0,Personal Auto,Luxury Car,293
EZ75048,California,M,Doctor,0,41273,77,0,Personal Auto,Four-Door Car,221
CN31328,Arizona,F,College,0,46946,70,0,Personal Auto,Four-Door Car,336
ZP91150,Oregon,M,College,0,0,113,0,Corporate Auto,Four-Door Car,542
LC77957,Oregon,M,Bachelor,0,99180,106,0,Personal Auto,SUV,33
PT34656,California,F,College,0,55350,67,0,Personal Auto,Four-Door Car,321
MI99404,California,M,College,0,28215,65,0,Personal Auto,Two-Door Car,468
AI58313,Nevada,F,College,0,75425,116,0,Personal Auto,Sports Car,663
VA60020,Nevada,F,High School or Below,0,63583,83,0,Special Auto,Four-Door Car,167
TW53467,California,M,Bachelor,0,0,66,0,Personal Auto,Four-Door Car,475
IC11062,Nevada,F,High School or Below,0,37995,139,0,Personal Auto,SUV,667
OO11531,Nevada,F,Master,0,37125,63,0,Personal Auto,Four-Door Car,290
JV80614,California,M,College,0,53357,73,0,Personal Auto,Four-Door Car,55
IC70693,California,F,Bachelor,0,70140,199,0,Corporate Auto,Luxury Car,955
JY45326,Oregon,M,College,0,52380,186,0,Personal Auto,Luxury SUV,892
QW17940,California,M,High School or Below,0,79292,67,0,Corporate Auto,Four-Door Car,55
AV25133,Oregon,F,College,0,0,92,0,Personal Auto,Two-Door Car,774
QJ57215,Nevada,F,College,0,0,123,0,Personal Auto,SUV,1480
IG94072,Oregon,F,High School or Below,0,75425,123,0,Personal Auto,Sports Car,823
WC28543,Arizona,M,Bachelor,0,20992,64,0,Personal Auto,Two-Door Car,307
DH13219,Washington,M,Bachelor,0,57428,85,0,Corporate Auto,Four-Door Car,414
ET80689,California,M,College,0,92606,109,0,Special Auto,SUV,287
JD10245,California,M,High School or Below,0,86001,109,0,Personal Auto,SUV,523
XO96556,Arizona,M,Master,0,79751,63,0,Personal Auto,Two-Door Car,392
UJ61336,Arizona,F,Bachelor,0,68654,71,0,Personal Auto,Four-Door Car,208
XS94482,Arizona,F,Master,0,0,61,0,Personal Auto,Two-Door Car,208
QX57337,Oregon,F,Doctor,0,92629,72,0,Personal Auto,Four-Door Car,60
CZ35936,California,F,High School or Below,0,54094,112,0,Corporate Auto,SUV,502
IM41800,Nevada,M,College,0,95419,70,0,Personal Auto,Four-Door Car,336
GI70742,Oregon,F,High School or Below,0,66466,71,0,Personal Auto,Four-Door Car,293
HQ32112,Arizona,M,High School or Below,0,68131,130,0,Personal Auto,SUV,226
CC85895,Nevada,F,Bachelor,0,56481,106,0,Personal Auto,SUV,273
CF40646,California,M,College,0,70082,119,0,Personal Auto,SUV,571
RF39856,Nevada,M,Bachelor,0,51437,115,0,Corporate Auto,SUV,244
VT85216,Nevada,M,High School or Below,0,0,73,0,Personal Auto,Four-Door Car,525
SW69117,Oregon,M,College,0,27972,90,0,Corporate Auto,Two-Door Car,240
EI58852,Arizona,F,High School or Below,0,24930,76,0,Personal Auto,Four-Door Car,364
FN61865,Nevada,F,Master,0,26245,110,0,Personal Auto,Two-Door Car,44
LI11560,California,F,Bachelor,0,57883,69,0,Personal Auto,Four-Door Car,431
NY12562,Nevada,F,College,0,0,64,0,Corporate Auto,Four-Door Car,483
GE46404,Oregon,F,College,0,58828,68,0,Personal Auto,Four-Door Car,446
PP26786,Arizona,M,College,0,51906,73,0,Corporate Auto,Four-Door Car,374
BE55425,Oregon,M,College,0,28095,82,0,Personal Auto,Four-Door Car,393
SH75038,California,F,Bachelor,0,88723,74,0,Personal Auto,Two-Door Car,355
LD22387,California,F,High School or Below,0,53078,79,0,Corporate Auto,Four-Door Car,200
FF94034,California,F,Bachelor,0,88895,106,0,Personal Auto,Sports Car,209
YK16362,Arizona,F,Bachelor,0,60078,127,0,Corporate Auto,SUV,140
DN10177,California,M,College,0,0,67,0,Personal Auto,Two-Door Car,321
IV35546,Nevada,F,Master,0,45820,71,0,Corporate Auto,Four-Door Car,249
SK12432,Arizona,M,Bachelor,0,0,73,0,Personal Auto,Four-Door Car,677
DF71709,California,M,College,0,12439,115,0,Corporate Auto,Two-Door Car,552
UT61518,California,M,Bachelor,0,25998,71,0,Personal Auto,Four-Door Car,791
PU75847,Arizona,M,College,0,98451,62,0,Personal Auto,Four-Door Car,316
XA47378,California,F,Bachelor,0,23803,72,0,Corporate Auto,Two-Door Car,410
NE22677,California,M,College,0,0,124,0,Special Auto,SUV,595
HV62406,Oregon,F,High School or Below,0,26100,67,0,Personal Auto,Four-Door Car,482
VS20668,Nevada,F,Bachelor,0,0,73,0,Personal Auto,Four-Door Car,376
YZ79232,Oregon,M,Master,0,0,67,0,Personal Auto,Four-Door Car,315
ND87457,Nevada,M,Bachelor,0,65252,78,0,Personal Auto,Four-Door Car,482
TY59231,California,F,Bachelor,0,48567,130,0,Personal Auto,SUV,624
DA54619,Oregon,F,High School or Below,0,34337,113,0,Personal Auto,Four-Door Car,542
OL27257,Nevada,F,College,0,20394,115,0,Personal Auto,Two-Door Car,508
TH86528,Washington,F,High School or Below,0,0,76,0,Personal Auto,Two-Door Car,784
DS34823,Arizona,F,High School or Below,0,0,61,0,Personal Auto,Four-Door Car,292
HB24005,California,M,College,0,31617,62,0,Personal Auto,Four-Door Car,244
ZV96574,California,F,High School or Below,0,0,62,0,Corporate Auto,Four-Door Car,297
JC80093,Washington,M,Master,0,21104,66,0,Personal Auto,Four-Door Car,118
KN24990,Arizona,M,College,0,37748,181,0,Personal Auto,Luxury Car,868
RR39751,California,F,Bachelor,0,0,96,0,Personal Auto,Four-Door Car,438
BN80677,Oregon,M,Bachelor,0,25023,82,0,Corporate Auto,Two-Door Car,397
WL74893,Oregon,F,College,0,0,62,0,Special Auto,Four-Door Car,271
ZN59196,Oregon,F,Bachelor,0,14108,109,0,Personal Auto,Four-Door Car,523
PF77449,Washington,F,High School or Below,0,23923,82,0,Personal Auto,Four-Door Car,393
HO38996,Oregon,M,High School or Below,0,0,67,0,Special Auto,Four-Door Car,321
YU86361,Washington,F,Master,0,22705,239,0,Personal Auto,Luxury SUV,1294
PJ13204,California,F,High School or Below,0,0,89,0,Corporate Auto,Two-Door Car,427
SP63623,Oregon,M,College,0,0,69,0,Personal Auto,Four-Door Car,506
DP33625,Arizona,M,College,0,50825,102,0,Personal Auto,SUV,369
BJ18904,Arizona,M,College,0,14616,106,0,Personal Auto,SUV,575
TR26615,Oregon,M,High School or Below,0,0,69,0,Corporate Auto,Two-Door Car,272
ZD44648,Arizona,M,College,0,29504,125,0,Personal Auto,SUV,1224
QW60568,California,M,College,0,58789,111,0,Corporate Auto,Four-Door Car,215
XS78545,Oregon,F,College,0,29491,61,0,Personal Auto,Four-Door Car,292
EU19773,Arizona,F,High School or Below,0,78077,107,0,Personal Auto,Four-Door Car,438
ZL45417,California,F,High School or Below,0,0,96,0,Personal Auto,Two-Door Car,799
JS58659,Nevada,M,Bachelor,0,76558,74,0,Special Auto,Four-Door Car,216
XK84089,California,M,Bachelor,0,78618,66,0,Personal Auto,Two-Door Car,225
LH91968,Oregon,M,Bachelor,0,82664,114,0,Corporate Auto,SUV,133
NX63627,Oregon,M,Doctor,0,23053,132,0,Personal Auto,Sports Car,780
ND62955,Nevada,M,Bachelor,0,50250,117,0,Personal Auto,SUV,561
YQ11786,Oregon,M,High School or Below,0,32169,199,0,Personal Auto,Luxury SUV,785
TM13955,Washington,M,Master,0,0,80,0,Corporate Auto,Four-Door Car,286
IA91291,Arizona,F,College,0,99069,66,0,Corporate Auto,Four-Door Car,77
RO89785,Oregon,M,College,0,20978,98,0,Personal Auto,Four-Door Car,1176
QW40898,Arizona,F,College,0,17576,71,0,Personal Auto,Four-Door Car,398
ZD40816,Nevada,M,Bachelor,0,42297,71,0,Personal Auto,Four-Door Car,200
PD82395,Arizona,F,Bachelor,0,0,115,0,Special Auto,Four-Door Car,824
NW23827,California,F,College,0,0,63,0,Personal Auto,Four-Door Car,151
GG61186,Nevada,F,Doctor,0,0,110,0,Personal Auto,Four-Door Car,161
TB31268,Arizona,F,College,0,48990,74,0,Personal Auto,Four-Door Car,355
SX98462,Oregon,M,College,0,16916,64,0,Personal Auto,Four-Door Car,377
OL82456,Oregon,M,Bachelor,0,18375,103,0,Personal Auto,Sports Car,535
DN14211,Oregon,M,College,0,17150,65,0,Personal Auto,Two-Door Car,689
ZG12619,Washington,F,Bachelor,0,23815,73,0,Personal Auto,Four-Door Car,424
VH31071,Arizona,F,College,0,21947,118,0,Personal Auto,SUV,566
SP36555,Arizona,M,Bachelor,0,0,97,0,Personal Auto,Four-Door Car,863
ME83611,Nevada,F,Bachelor,0,89451,63,0,Personal Auto,Four-Door Car,61
PH85036,Washington,F,Bachelor,0,79325,68,0,Corporate Auto,Four-Door Car,251
PE54870,Oregon,M,College,0,88454,101,0,Personal Auto,SUV,308
DT52189,California,F,High School or Below,0,0,87,0,Personal Auto,Four-Door Car,417
XN48526,California,F,College,0,20943,69,0,Personal Auto,Four-Door Car,240
KW52227,California,M,Bachelor,0,51972,66,0,Personal Auto,Four-Door Car,316
JC98569,Oregon,F,College,0,54408,79,0,Personal Auto,Four-Door Car,288
BG48083,Nevada,F,Bachelor,0,23751,82,0,Personal Auto,Two-Door Car,586
PD19551,California,F,Bachelor,0,37612,64,0,Personal Auto,Four-Door Car,307
BJ13380,Oregon,F,Bachelor,0,91603,69,0,Personal Auto,Four-Door Car,472
HY25004,Arizona,F,High School or Below,0,0,62,0,Personal Auto,Two-Door Car,639
WF50693,Oregon,M,High School or Below,0,16450,128,0,Corporate Auto,SUV,871
MA45099,Oregon,M,Bachelor,0,50864,83,0,Corporate Auto,Four-Door Car,158
ZC69696,Arizona,F,College,0,74560,110,0,Personal Auto,SUV,528
VO43359,California,M,High School or Below,0,62488,62,0,Personal Auto,Four-Door Car,200
OM63954,California,F,Bachelor,0,55837,117,0,Personal Auto,Two-Door Car,741
GV71044,Oregon,F,College,0,0,66,0,Personal Auto,Two-Door Car,475
TM79451,California,F,College,0,97742,67,0,Personal Auto,Four-Door Car,67
PA84292,Oregon,F,Bachelor,0,0,69,0,Personal Auto,Four-Door Car,496
QX67584,Nevada,F,High School or Below,0,64125,108,0,Personal Auto,SUV,369
JK90180,Arizona,M,College,0,0,62,0,Personal Auto,Four-Door Car,446
BH35482,Washington,M,Doctor,0,70412,61,0,Corporate Auto,Two-Door Car,136
VU84949,Washington,F,Bachelor,0,0,70,0,Personal Auto,Two-Door Car,336
SF46129,California,M,High School or Below,0,66267,111,0,Personal Auto,Four-Door Car,1093
OH35544,Nevada,F,College,0,0,82,0,Corporate Auto,Four-Door Car,863
ZF82387,Oregon,M,High School or Below,0,40882,89,0,Corporate Auto,Two-Door Car,393
MD40054,Oregon,M,High School or Below,0,34498,83,0,Personal Auto,Two-Door Car,398
LE96510,Oregon,F,High School or Below,0,0,74,0,Personal Auto,Four-Door Car,355
MC11907,California,F,High School or Below,0,23228,64,0,Corporate Auto,Four-Door Car,307
DA57177,Oregon,F,College,0,40864,109,0,Personal Auto,SUV,166
SU77646,Oregon,M,Master,0,46133,73,0,Personal Auto,Four-Door Car,19
YZ19736,Arizona,M,College,0,46900,66,0,Personal Auto,Four-Door Car,316
JZ69749,Washington,F,High School or Below,0,0,92,0,Personal Auto,Four-Door Car,441
BJ22117,Washington,M,Master,0,53390,64,0,Personal Auto,Four-Door Car,278
UQ60825,California,F,College,0,99185,115,0,Corporate Auto,SUV,449
ZZ89380,Oregon,F,Bachelor,0,62815,80,0,Special Auto,Two-Door Car,47
LU87443,Oregon,F,College,0,26277,61,0,Personal Auto,Four-Door Car,292
DG33206,Washington,F,Doctor,0,41854,110,0,Personal Auto,Four-Door Car,481
AB98823,Arizona,M,College,0,0,86,0,Personal Auto,Two-Door Car,412
MS34991,Arizona,M,High School or Below,0,66627,85,0,Personal Auto,Four-Door Car,733
EE53627,Oregon,M,High School or Below,0,12131,64,0,Personal Auto,Four-Door Car,251
XY39691,Arizona,F,High School or Below,0,0,110,0,Personal Auto,SUV,528
ZU96776,California,M,Bachelor,0,0,90,0,Personal Auto,Two-Door Car,648
FF84784,California,M,College,0,33317,72,0,Personal Auto,Two-Door Car,345
QT90140,Arizona,F,Doctor,0,68931,66,0,Personal Auto,Four-Door Car,309
TO71844,Oregon,M,College,0,0,67,0,Personal Auto,Four-Door Car,321
HV69023,California,F,High School or Below,0,19189,108,0,Personal Auto,SUV,518
RE32481,California,F,Master,0,49390,195,0,Personal Auto,Luxury Car,738
CA79988,Oregon,M,College,0,33124,67,0,Personal Auto,Four-Door Car,80
DO48071,California,F,College,0,40516,70,0,Personal Auto,Two-Door Car,137
MW48891,Washington,F,High School or Below,0,0,112,0,Personal Auto,Sports Car,537
JC37277,Oregon,M,College,0,34615,87,0,Personal Auto,Four-Door Car,417
YU80673,California,F,College,0,29894,72,0,Personal Auto,Four-Door Car,16
BV69462,Oregon,F,Bachelor,0,0,79,0,Corporate Auto,Two-Door Car,379
DW86238,Washington,M,High School or Below,0,0,84,0,Personal Auto,Four-Door Car,847
BQ51616,Oregon,F,High School or Below,0,86732,180,0,Personal Auto,Luxury SUV,204
XX89213,Nevada,F,Master,0,68516,216,0,Corporate Auto,Luxury SUV,95
JC96695,California,M,Doctor,0,31562,115,0,Personal Auto,SUV,552
RN55306,Oregon,F,High School or Below,0,0,74,0,Personal Auto,Four-Door Car,582
WH36609,Arizona,F,Bachelor,0,24477,79,0,Personal Auto,Four-Door Car,379
UO43395,Oregon,M,Master,0,0,100,0,Personal Auto,SUV,480
DS32060,California,M,College,0,20046,87,0,Personal Auto,Two-Door Car,417
LK51056,Arizona,M,Bachelor,0,78152,114,0,Corporate Auto,SUV,547
PX71218,Arizona,M,Bachelor,0,0,65,0,Personal Auto,Four-Door Car,733
NS19456,Oregon,F,College,0,36067,117,0,Personal Auto,Sports Car,561
MR60878,Oregon,F,Bachelor,0,44362,66,0,Corporate Auto,Four-Door Car,142
MB32944,Nevada,M,Master,0,77350,66,0,Personal Auto,Four-Door Car,316
FE70473,Oregon,F,College,0,86641,71,0,Personal Auto,Two-Door Car,161
XB64251,Oregon,M,College,0,72258,105,0,Personal Auto,SUV,12
WI38796,Oregon,M,Bachelor,0,70737,114,0,Corporate Auto,SUV,741
KS12294,California,M,Bachelor,0,0,159,0,Personal Auto,SUV,1410
US89453,California,M,College,0,0,125,0,Personal Auto,SUV,988
XK39439,California,M,College,0,0,81,0,Personal Auto,Four-Door Car,388
VJ71087,Arizona,M,Bachelor,0,17672,110,0,Personal Auto,SUV,792
FM54600,Washington,F,High School or Below,0,0,173,0,Corporate Auto,SUV,1245
UV43859,Oregon,F,High School or Below,0,47297,115,0,Personal Auto,SUV,796
JP28293,California,F,Doctor,0,57240,83,0,Corporate Auto,Four-Door Car,83
UV48189,California,M,Bachelor,0,28181,109,0,Personal Auto,SUV,523
ZA34848,Arizona,F,Bachelor,0,31275,66,0,Personal Auto,Two-Door Car,316
FA57012,California,M,College,0,0,182,0,Special Auto,Luxury Car,1310
GU82757,California,F,Bachelor,0,63774,111,0,Corporate Auto,Four-Door Car,60
KW12214,Oregon,M,High School or Below,0,78441,103,0,Personal Auto,SUV,613
EG97649,Oregon,F,College,0,0,104,0,Personal Auto,SUV,499
YB42706,Nevada,M,College,0,0,76,0,Corporate Auto,Two-Door Car,364
WV74449,Washington,F,College,0,0,117,0,Personal Auto,SUV,511
AZ77669,Oregon,M,High School or Below,0,91423,109,0,Personal Auto,SUV,435
FM25704,Oregon,M,Bachelor,0,86933,63,0,Corporate Auto,Two-Door Car,269
UR34922,California,M,Doctor,0,65255,72,0,Personal Auto,Four-Door Car,321
RA17555,Oregon,M,High School or Below,0,41533,65,0,Corporate Auto,Four-Door Car,232
AW71157,California,M,College,0,50097,71,0,Personal Auto,Four-Door Car,17
IN91592,California,F,Bachelor,0,73858,72,0,Personal Auto,Four-Door Car,422
WX37953,Oregon,F,College,0,94943,69,0,Personal Auto,Four-Door Car,387
NL85206,California,F,College,0,72685,68,0,Personal Auto,Four-Door Car,14
PR23514,California,M,College,0,60184,199,0,Personal Auto,Luxury SUV,161
XZ23352,California,F,High School or Below,0,0,106,0,Corporate Auto,SUV,763
MX80067,California,M,High School or Below,0,74045,64,0,Personal Auto,Four-Door Car,307
HR10835,Nevada,M,High School or Below,0,52564,122,0,Personal Auto,SUV,42
FR15942,Washington,M,Bachelor,0,19098,87,0,Personal Auto,Two-Door Car,417
GX22886,Arizona,M,College,0,78784,80,0,Personal Auto,Four-Door Car,239
HQ70429,Washington,F,College,0,0,65,0,Personal Auto,Two-Door Car,163
YT84266,Oregon,M,College,0,29256,63,0,Personal Auto,Four-Door Car,302
GH48715,Arizona,F,High School or Below,0,77912,71,0,Corporate Auto,Four-Door Car,23
BN46866,Oregon,M,College,0,45345,72,0,Personal Auto,Four-Door Car,99
CG94611,Oregon,M,College,0,25630,86,0,Corporate Auto,Two-Door Car,412
GK94889,California,M,College,0,22280,68,0,Personal Auto,Four-Door Car,169
QN62538,Nevada,M,High School or Below,0,0,69,0,Corporate Auto,Four-Door Car,496
UQ13133,Nevada,M,Master,0,61567,65,0,Personal Auto,Four-Door Car,39
DI65961,Arizona,M,High School or Below,0,34644,66,0,Personal Auto,Four-Door Car,316
WQ85760,California,M,College,0,26991,119,0,Corporate Auto,SUV,856
No35621,Arizona,M,Bachelor,0,49746,61,0,Personal Auto,Two-Door Car,624
IA11644,California,M,High School or Below,0,0,72,0,Special Auto,Two-Door Car,723
TV53243,Arizona,F,College,0,49625,66,0,Corporate Auto,Two-Door Car,261
WV53081,Arizona,F,College,0,49308,65,0,Corporate Auto,Four-Door Car,150
LL57541,California,F,Master,0,63624,95,0,Personal Auto,Four-Door Car,175
RP27249,Oregon,F,Master,0,80358,116,0,Personal Auto,SUV,443
OT85112,Washington,M,College,0,38460,88,0,Personal Auto,Four-Door Car,91
GV47847,California,M,High School or Below,0,0,64,0,Personal Auto,Two-Door Car,460
BB48165,California,F,Bachelor,0,0,101,0,Personal Auto,SUV,727
HH80006,Oregon,F,High School or Below,0,0,92,0,Personal Auto,Four-Door Car,711
TH70115,California,M,College,0,34835,89,0,Personal Auto,Two-Door Car,294
WE64781,Oregon,F,Bachelor,0,93836,139,0,Corporate Auto,Sports Car,497
KN27565,Oregon,M,Master,0,34075,196,0,Special Auto,Luxury SUV,451
LE85123,Oregon,M,Bachelor,0,35624,66,0,Personal Auto,Four-Door Car,227
QF76244,Oregon,F,Doctor,0,83218,72,0,Personal Auto,Four-Door Car,245
PU73561,Arizona,F,Bachelor,0,24641,105,0,Personal Auto,SUV,504
HM38744,Oregon,M,Bachelor,0,22828,106,0,Corporate Auto,SUV,508
ST59524,Oregon,M,College,0,0,71,0,Personal Auto,Four-Door Car,340
EZ77297,California,M,Master,0,28729,90,0,Personal Auto,Four-Door Car,338
DR84843,Arizona,M,Bachelor,0,72731,65,0,Personal Auto,Four-Door Car,125
MV54498,California,F,College,0,59932,71,0,Personal Auto,Four-Door Car,116
EM85557,Washington,F,College,0,54292,67,0,Personal Auto,Four-Door Car,321
FY73682,California,M,Bachelor,0,0,194,0,Personal Auto,Luxury SUV,931
XT54610,California,F,Bachelor,0,0,63,0,Personal Auto,Four-Door Car,302
CE16324,Nevada,F,College,0,59414,91,0,Personal Auto,Two-Door Car,340
KX75698,Oregon,M,High School or Below,0,96587,138,0,Personal Auto,SUV,749
UV82770,California,M,Bachelor,0,0,111,0,Personal Auto,SUV,532
MX95450,Oregon,F,College,0,0,133,0,Personal Auto,SUV,638
XF96605,California,M,College,0,94362,74,0,Personal Auto,Two-Door Car,195
WQ75856,Oregon,F,Bachelor,0,84488,61,0,Personal Auto,Four-Door Car,208
JG35886,California,F,College,0,65085,103,0,Personal Auto,Four-Door Car,480
XY66810,California,F,Bachelor,0,0,72,0,Personal Auto,Two-Door Car,518
ON50913,California,F,College,0,0,69,0,Special Auto,Four-Door Car,450
LS59408,Arizona,M,High School or Below,0,0,67,0,Personal Auto,Four-Door Car,664
XQ14689,Nevada,M,College,0,0,62,0,Personal Auto,Four-Door Car,446
QF55724,California,M,Bachelor,0,60798,66,0,Personal Auto,Four-Door Car,316
FD79560,Arizona,F,High School or Below,0,30761,69,0,Special Auto,Two-Door Car,331
KM18818,Arizona,F,College,0,25981,65,0,Personal Auto,Two-Door Car,77
XA28126,California,M,Bachelor,0,67739,149,0,Personal Auto,SUV,270
LJ93770,Arizona,F,Doctor,0,25581,105,0,Personal Auto,SUV,429
MK52711,California,F,High School or Below,0,99759,65,0,Personal Auto,Two-Door Car,74
AZ68184,Washington,M,High School or Below,0,76514,112,0,Personal Auto,SUV,573
NN52789,Arizona,M,Bachelor,0,18375,103,0,Personal Auto,Sports Car,535
XC68458,California,M,Bachelor,0,21832,84,0,Personal Auto,Four-Door Car,403
AF49027,Arizona,F,College,0,0,117,0,Personal Auto,Two-Door Car,842
PR22184,California,F,College,0,95330,113,0,Corporate Auto,Sports Car,542
GM98732,California,F,College,0,0,106,0,Personal Auto,SUV,634
NP66209,California,F,College,0,0,68,0,Personal Auto,Two-Door Car,326
GA46608,Oregon,M,Bachelor,0,25899,63,0,Personal Auto,Four-Door Car,302
FZ79470,Arizona,F,Bachelor,0,0,74,0,Personal Auto,Four-Door Car,355
KR10942,Oregon,F,Bachelor,0,33201,66,0,Personal Auto,Two-Door Car,314
AW86033,California,M,College,0,18287,61,0,Personal Auto,Two-Door Car,292
LM79063,Arizona,F,Doctor,0,76506,89,0,Personal Auto,Two-Door Car,427
NB30963,California,M,High School or Below,0,41859,76,0,Personal Auto,Two-Door Car,166
AO40386,Oregon,M,College,0,27504,91,0,Personal Auto,Four-Door Car,436
BN74259,Arizona,M,High School or Below,0,45360,73,0,Corporate Auto,Four-Door Car,350
XV69290,California,M,College,0,49078,97,0,Corporate Auto,Four-Door Car,484
RE97741,California,M,High School or Below,0,0,90,0,Personal Auto,Four-Door Car,648
HN69035,Arizona,F,College,0,91810,71,0,Corporate Auto,Four-Door Car,165
SI48717,Oregon,M,College,0,70600,122,0,Personal Auto,SUV,636
PJ67250,Arizona,F,College,0,33554,131,0,Special Auto,SUV,934
SH85263,California,M,Bachelor,0,77642,64,0,Personal Auto,Two-Door Car,282
WV37081,California,M,College,0,25963,66,0,Personal Auto,Four-Door Car,298
No61408,California,F,Bachelor,0,57452,136,0,Personal Auto,SUV,652
DE91458,Washington,F,Master,0,0,77,0,Personal Auto,Four-Door Car,491
EP83939,Arizona,M,High School or Below,0,91416,69,0,Personal Auto,Four-Door Car,109
IU17657,California,M,Bachelor,0,22000,69,0,Personal Auto,Two-Door Car,383
EO95166,Oregon,M,Bachelor,0,41167,118,0,Personal Auto,Four-Door Car,554
KX79225,Oregon,M,High School or Below,0,0,70,0,Personal Auto,Four-Door Car,504
EZ60033,California,F,Bachelor,0,0,86,0,Corporate Auto,Four-Door Car,412
KK58047,Oregon,M,College,0,53944,71,0,Personal Auto,Two-Door Car,340
JW62354,Nevada,F,College,0,75648,108,0,Personal Auto,SUV,112
TT18939,California,M,Bachelor,0,29414,64,0,Personal Auto,Four-Door Car,71
IJ21010,Arizona,F,Bachelor,0,48567,130,0,Personal Auto,SUV,624
PZ31902,Arizona,F,Bachelor,0,69276,74,0,Personal Auto,Two-Door Car,201
WD88540,California,M,High School or Below,0,0,96,0,Personal Auto,Two-Door Car,460
IL67915,Arizona,F,College,0,50117,107,0,Corporate Auto,Four-Door Car,462
VQ76590,Arizona,M,Bachelor,0,22828,106,0,Personal Auto,SUV,508
FJ60600,Oregon,F,High School or Below,0,0,96,0,Personal Auto,Four-Door Car,818
MP53132,Oregon,F,High School or Below,0,0,136,0,Corporate Auto,SUV,979
XP96549,Oregon,F,High School or Below,0,20868,112,0,Personal Auto,SUV,537
VC34797,California,F,Bachelor,0,40921,62,0,Corporate Auto,Four-Door Car,10
QV30663,Nevada,F,Master,0,99654,121,0,Personal Auto,SUV,272
AK90865,Oregon,F,High School or Below,0,0,110,0,Special Auto,Sports Car,686
BX51438,Arizona,M,Bachelor,0,56218,72,0,Personal Auto,Four-Door Car,302
DU38713,Arizona,F,High School or Below,0,70717,72,0,Personal Auto,Two-Door Car,37
WQ13284,California,M,College,0,62989,71,0,Personal Auto,Four-Door Car,319
JB36584,Arizona,M,Master,0,41459,71,0,Personal Auto,Four-Door Car,340
WQ23548,California,F,Master,0,0,102,0,Personal Auto,SUV,489
WZ98067,Oregon,M,College,0,42512,105,0,Personal Auto,Four-Door Car,77
AQ11656,Arizona,M,Bachelor,0,0,61,0,Personal Auto,Four-Door Car,437
KL14426,Nevada,F,Doctor,0,83288,124,0,Personal Auto,SUV,353
PG48617,California,M,High School or Below,0,46267,72,0,Personal Auto,Four-Door Car,231
QB24570,Oregon,F,Master,0,0,122,0,Corporate Auto,Sports Car,650
NI68379,Oregon,M,Master,0,74424,81,0,Personal Auto,Four-Door Car,388
RS92763,Oregon,F,College,0,0,72,0,Personal Auto,Four-Door Car,693
PA75237,Nevada,M,Doctor,0,58883,62,0,Corporate Auto,Two-Door Car,432
LR35392,Oregon,M,High School or Below,0,41539,116,0,Personal Auto,Four-Door Car,556
KC22636,California,F,High School or Below,0,33881,68,0,Personal Auto,Four-Door Car,65
IJ98317,California,F,Bachelor,0,86448,90,0,Personal Auto,Four-Door Car,59
DY49235,Arizona,F,College,0,25237,69,0,Personal Auto,Four-Door Car,378
EG94409,Nevada,F,High School or Below,0,0,67,0,Special Auto,Four-Door Car,482
GB59748,Arizona,F,College,0,49419,77,0,Personal Auto,Four-Door Car,203
MP68135,Oregon,M,College,0,90414,83,0,Personal Auto,Four-Door Car,398
CZ56843,California,M,College,0,39930,86,0,Personal Auto,Four-Door Car,412
DJ47372,California,M,Doctor,0,23202,96,0,Personal Auto,Four-Door Car,460
XZ51937,California,F,Master,0,79487,114,0,Personal Auto,SUV,547
IZ27630,Oregon,M,Master,0,68423,85,0,Personal Auto,Two-Door Car,324
IM14119,Arizona,F,Bachelor,0,84495,63,0,Special Auto,Two-Door Car,302
PN53766,California,M,Doctor,0,43091,69,0,Corporate Auto,Four-Door Car,330
DQ93036,Arizona,M,High School or Below,0,41951,91,0,Personal Auto,Four-Door Car,40
WA70405,Nevada,M,College,0,89834,105,0,Personal Auto,SUV,504
NF51705,Nevada,M,High School or Below,0,92157,69,0,Corporate Auto,Two-Door Car,270
LR37068,Oregon,F,College,0,35773,93,0,Personal Auto,Four-Door Car,446
EC18611,Nevada,M,High School or Below,0,0,99,0,Personal Auto,Two-Door Car,475
NP88319,Oregon,F,High School or Below,0,15850,61,0,Corporate Auto,Two-Door Car,314
AA11235,Nevada,F,Bachelor,0,11167,73,0,Personal Auto,Two-Door Car,350
DL55489,Oregon,M,High School or Below,0,21195,72,0,Corporate Auto,Four-Door Car,345
UU53919,Oregon,F,Master,0,27430,68,0,Personal Auto,Two-Door Car,184
JI11950,California,F,High School or Below,0,0,63,0,Personal Auto,Two-Door Car,302
QB82117,Oregon,M,High School or Below,0,0,119,0,Personal Auto,Sports Car,571
MR33456,Washington,M,High School or Below,0,59839,107,0,Personal Auto,SUV,513
YN17362,California,M,College,0,0,73,0,Corporate Auto,Two-Door Car,350
UR73910,California,M,College,0,38166,67,0,Corporate Auto,Four-Door Car,236
KG63751,Washington,M,High School or Below,0,0,95,0,Personal Auto,Four-Door Car,456
NK39001,Oregon,F,Bachelor,0,13457,94,0,Personal Auto,Two-Door Car,285
HR85493,California,M,College,0,0,68,0,Personal Auto,Two-Door Car,326
QC50643,California,F,Bachelor,0,52721,136,0,Personal Auto,SUV,550
LO90345,Oregon,F,College,0,22012,185,0,Corporate Auto,Luxury SUV,75
WK64739,Arizona,F,Bachelor,0,19864,63,0,Corporate Auto,Four-Door Car,352
QK88438,Arizona,F,College,0,55289,67,0,Personal Auto,Four-Door Car,134
QX42433,California,M,College,0,30449,92,0,Personal Auto,Four-Door Car,501
BH52611,California,F,Bachelor,0,27362,144,0,Personal Auto,SUV,422
SA77508,Oregon,F,High School or Below,0,29460,72,0,Personal Auto,Four-Door Car,29
HD99234,Oregon,F,College,0,0,94,0,Personal Auto,Four-Door Car,451
DE37110,California,M,Master,0,42532,118,0,Personal Auto,Sports Car,200
DJ93289,California,F,High School or Below,0,66707,61,0,Personal Auto,Two-Door Car,71
AC40767,Washington,M,Bachelor,0,68041,64,0,Personal Auto,Two-Door Car,165
GA79817,Arizona,M,Bachelor,0,0,65,0,Corporate Auto,Four-Door Car,468
QH62059,California,M,Bachelor,0,0,64,0,Personal Auto,Four-Door Car,307
ZS35053,Arizona,M,High School or Below,0,40968,97,0,Personal Auto,Four-Door Car,465
II37804,Nevada,M,Bachelor,0,39913,106,0,Personal Auto,SUV,344
GE63585,California,M,Bachelor,0,31710,62,0,Corporate Auto,Two-Door Car,199
UV86903,California,F,Bachelor,0,0,73,0,Personal Auto,Two-Door Car,350
JL71713,California,F,Bachelor,0,89113,78,0,Personal Auto,Four-Door Car,219
DO60145,Arizona,M,College,0,0,122,0,Personal Auto,SUV,725
FC59209,California,F,Bachelor,0,0,67,0,Personal Auto,Four-Door Car,321
XQ74827,Arizona,F,High School or Below,0,38688,249,0,Special Auto,Luxury Car,2294
EY13576,Oregon,F,College,0,0,110,0,Personal Auto,SUV,528
US82810,California,F,Bachelor,0,0,127,0,Corporate Auto,SUV,609
RC61383,Oregon,M,High School or Below,0,28014,104,0,Personal Auto,SUV,631
PO80505,Nevada,F,College,0,14170,109,0,Personal Auto,SUV,523
MD17521,Oregon,M,High School or Below,0,64825,129,0,Personal Auto,SUV,359
YV93921,California,M,Bachelor,0,77357,67,0,Personal Auto,Four-Door Car,29
JP64518,Nevada,M,Bachelor,0,21629,62,0,Corporate Auto,Two-Door Car,298
OI98135,Washington,M,High School or Below,0,25927,103,0,Personal Auto,SUV,674
XS97845,Oregon,M,College,0,44388,113,0,Personal Auto,Four-Door Car,496
DL20327,Oregon,F,College,0,54539,63,0,Personal Auto,Four-Door Car,287
GD86131,California,F,College,0,17576,71,0,Corporate Auto,Four-Door Car,398
ID21061,Arizona,F,Master,0,84629,90,0,Personal Auto,Four-Door Car,411
EN65835,Arizona,F,Bachelor,0,24964,185,0,Personal Auto,SUV,888
BE65350,Oregon,F,High School or Below,0,43573,66,0,Personal Auto,Two-Door Car,409
GI82721,Arizona,F,College,0,0,69,0,Corporate Auto,Four-Door Car,340
YR84813,Oregon,M,College,0,0,105,0,Special Auto,Four-Door Car,756
JZ28301,Oregon,F,College,0,35011,70,0,Personal Auto,Four-Door Car,215
HL40930,Oregon,M,Bachelor,0,63651,92,0,Personal Auto,Four-Door Car,224
HL33607,Washington,M,College,0,83846,74,0,Personal Auto,Four-Door Car,355
WU21638,California,M,Bachelor,0,0,191,0,Personal Auto,Luxury SUV,1317
AG32304,Nevada,F,College,0,39133,67,0,Personal Auto,Four-Door Car,90
JX26859,California,M,Doctor,0,31278,92,0,Personal Auto,Two-Door Car,441
KC75958,California,F,High School or Below,0,0,63,0,Personal Auto,Four-Door Car,685
ZV32968,Oregon,M,High School or Below,0,44788,61,0,Personal Auto,Four-Door Car,386
GU45597,Oregon,F,Bachelor,0,0,117,0,Corporate Auto,SUV,561
SO95845,California,F,College,0,62447,74,0,Personal Auto,Two-Door Car,133
GL32197,Oregon,M,College,0,31475,64,0,Personal Auto,Four-Door Car,22
SC11374,Nevada,F,College,0,80780,109,0,Corporate Auto,SUV,3
RT29777,Oregon,F,Bachelor,0,88613,111,0,Personal Auto,SUV,359
OB73235,California,M,College,0,45949,62,0,Corporate Auto,Two-Door Car,110
MV41462,Arizona,F,Bachelor,0,35596,64,0,Personal Auto,Two-Door Car,307
FM67585,California,M,High School or Below,0,76875,73,0,Personal Auto,Four-Door Car,17
KG57925,California,M,Bachelor,0,41842,61,0,Corporate Auto,Two-Door Car,292
IY24560,California,M,Bachelor,0,28884,72,0,Corporate Auto,Four-Door Car,518
BV33510,Arizona,F,High School or Below,0,24631,83,0,Personal Auto,Four-Door Car,398
XA77673,Nevada,F,College,0,0,74,0,Personal Auto,Four-Door Car,680
XN90861,Arizona,F,Bachelor,0,71560,69,0,Personal Auto,Two-Door Car,178
WS84995,Nevada,M,Master,0,0,80,0,Personal Auto,Four-Door Car,384
ZZ49347,Oregon,M,High School or Below,0,72421,65,0,Personal Auto,Four-Door Car,312
XX85323,Arizona,F,Master,0,54702,199,0,Personal Auto,SUV,955
JO64487,California,F,High School or Below,0,0,76,0,Special Auto,Four-Door Car,547
TO55363,Oregon,F,High School or Below,0,57335,67,0,Personal Auto,Two-Door Car,407
UE67791,Arizona,M,College,0,0,67,0,Personal Auto,Two-Door Car,482
JN69287,California,M,High School or Below,0,35033,87,0,Personal Auto,Two-Door Car,490
AT55072,Arizona,M,College,0,65733,113,0,Personal Auto,Four-Door Car,684
LV34368,California,M,Bachelor,0,0,69,0,Special Auto,Four-Door Car,472
QU40939,Arizona,F,College,0,0,88,0,Personal Auto,Four-Door Car,633
IP94270,Arizona,F,Master,0,16181,181,0,Personal Auto,SUV,1261
KW33804,Nevada,M,High School or Below,0,86180,69,0,Personal Auto,Four-Door Car,48
IA42992,Arizona,M,High School or Below,0,36881,104,0,Special Auto,SUV,499
CZ19025,Oregon,F,High School or Below,0,47888,64,0,Personal Auto,Four-Door Car,545
EN54716,Oregon,F,Doctor,0,21986,63,0,Personal Auto,Two-Door Car,333
UF27940,Washington,F,College,0,47199,100,0,Corporate Auto,SUV,480
QD36118,Oregon,F,College,0,0,69,0,Personal Auto,Four-Door Car,331
XI52305,California,M,Bachelor,0,86305,62,0,Personal Auto,Four-Door Car,80
HZ25580,Washington,F,High School or Below,0,39062,61,0,Corporate Auto,Two-Door Car,346
JY97451,California,F,College,0,16976,69,0,Personal Auto,Four-Door Car,238
US78266,California,F,High School or Below,0,0,65,0,Corporate Auto,Four-Door Car,468
SX25962,Arizona,M,College,0,83283,193,0,Personal Auto,Luxury Car,273
XQ12791,California,M,High School or Below,0,41972,86,0,Personal Auto,Four-Door Car,691
EU59853,California,M,College,0,34080,107,0,Personal Auto,Four-Door Car,220
QR21417,California,F,Bachelor,0,0,73,0,Corporate Auto,Two-Door Car,350
CI27304,California,M,College,0,40269,81,0,Personal Auto,Four-Door Car,329
WJ52097,Oregon,F,Bachelor,0,61894,91,0,Corporate Auto,Four-Door Car,436
FT65961,California,F,College,0,23300,63,0,Corporate Auto,Four-Door Car,339
DP87594,Oregon,F,Bachelor,0,66023,70,0,Personal Auto,Two-Door Car,265
KP96020,Arizona,F,Bachelor,0,39660,107,0,Corporate Auto,Sports Car,416
HQ15974,Nevada,F,College,0,0,76,0,Personal Auto,Four-Door Car,32
VE98553,Oregon,M,Bachelor,0,60466,117,0,Personal Auto,Four-Door Car,784
ME44353,Oregon,F,College,0,32848,74,0,Personal Auto,Four-Door Car,250
AE62631,Oregon,M,Bachelor,0,20662,72,0,Personal Auto,Two-Door Car,373
GX29162,Arizona,F,High School or Below,0,64985,108,0,Personal Auto,Two-Door Car,16
LY69932,Oregon,M,High School or Below,0,68022,103,0,Personal Auto,Sports Car,494
YY74036,California,M,College,0,72834,65,0,Corporate Auto,Four-Door Car,91
DP92488,Washington,F,Doctor,0,74592,67,0,Personal Auto,Two-Door Car,321
FO74055,California,F,College,0,73938,76,0,Personal Auto,Two-Door Car,53
GT97121,California,M,College,0,15999,83,0,Personal Auto,Four-Door Car,398
VF83291,Oregon,F,College,0,0,69,0,Personal Auto,Four-Door Car,632
OU76593,Oregon,M,College,0,0,96,0,Personal Auto,Four-Door Car,460
HO40387,California,M,Master,0,0,72,0,Personal Auto,Two-Door Car,345
GR37045,Nevada,F,Bachelor,0,0,80,0,Corporate Auto,Four-Door Car,576
KZ84621,Nevada,F,High School or Below,0,62375,103,0,Personal Auto,SUV,411
FR82361,Arizona,M,Doctor,0,61427,88,0,Personal Auto,Four-Door Car,422
UM14883,California,M,High School or Below,0,64396,103,0,Special Auto,SUV,355
UX32931,California,F,College,0,49312,65,0,Corporate Auto,Four-Door Car,230
QA68548,California,F,High School or Below,0,0,61,0,Personal Auto,Two-Door Car,292
QV40364,California,F,High School or Below,0,28513,100,0,Personal Auto,SUV,480
TY87896,California,M,High School or Below,0,0,108,0,Personal Auto,SUV,518
CV75841,California,M,College,0,97321,110,0,Personal Auto,Four-Door Car,74
YO62357,California,F,College,0,58839,65,0,Personal Auto,Two-Door Car,18
YN19139,Nevada,M,High School or Below,0,0,72,0,Corporate Auto,Four-Door Car,518
PE63707,Nevada,M,Bachelor,0,88567,67,0,Personal Auto,Four-Door Car,321
NS74173,Nevada,M,College,0,91646,74,0,Corporate Auto,Two-Door Car,57
ZI73222,California,M,High School or Below,0,0,211,0,Personal Auto,Luxury SUV,1012
AC24378,Arizona,F,High School or Below,0,48552,94,0,Corporate Auto,Four-Door Car,262
XR71687,Oregon,M,Bachelor,0,31485,118,0,Personal Auto,SUV,294
GJ70481,Arizona,M,High School or Below,0,0,64,0,Personal Auto,Four-Door Car,628
JI94264,Arizona,M,College,0,16511,135,0,Personal Auto,SUV,972
YI95434,California,F,College,0,51020,73,0,Personal Auto,Four-Door Car,350
RL34830,California,M,College,0,43838,97,0,Corporate Auto,Four-Door Car,465
CA96568,Oregon,M,College,0,0,133,0,Corporate Auto,SUV,827
UO16539,Washington,M,Bachelor,0,22454,110,0,Personal Auto,SUV,556
NP18074,Arizona,F,Bachelor,0,57933,105,0,Personal Auto,SUV,533
TW45475,Nevada,M,College,0,0,124,0,Personal Auto,SUV,595
CM66204,Arizona,F,College,0,26335,113,0,Personal Auto,SUV,355
DX80961,Arizona,F,Bachelor,0,85322,134,0,Personal Auto,SUV,735
JZ15681,California,M,High School or Below,0,37843,92,0,Personal Auto,Four-Door Car,354
ZZ31825,Oregon,M,Bachelor,0,0,67,0,Personal Auto,Four-Door Car,482
TF77410,Arizona,M,College,0,74730,61,0,Personal Auto,Four-Door Car,421
HI16452,Oregon,M,High School or Below,0,0,94,0,Special Auto,Four-Door Car,483
CW98845,Oregon,M,Bachelor,0,0,64,0,Personal Auto,Four-Door Car,307
NI99807,Oregon,M,College,0,28432,118,0,Personal Auto,SUV,612
QL45827,Washington,F,College,0,71210,214,0,Personal Auto,Luxury Car,1027
GU60969,Arizona,M,Bachelor,0,19581,67,0,Corporate Auto,Four-Door Car,321
FS67103,Oregon,M,Bachelor,0,0,80,0,Special Auto,Two-Door Car,576
FQ24929,Oregon,M,Master,0,56005,68,0,Personal Auto,Four-Door Car,326
YA12007,California,F,College,0,0,80,0,Personal Auto,Four-Door Car,572
EW46828,Arizona,M,High School or Below,0,23671,69,0,Personal Auto,Four-Door Car,331
YP67379,Arizona,M,High School or Below,0,22244,84,0,Personal Auto,Four-Door Car,114
KH16079,Washington,F,High School or Below,0,0,66,0,Personal Auto,Four-Door Car,470
SJ87277,Arizona,M,High School or Below,0,75329,67,0,Corporate Auto,Four-Door Car,45
DW14769,Arizona,F,High School or Below,0,0,108,0,Personal Auto,Two-Door Car,525
CN13435,California,F,College,0,44369,68,0,Personal Auto,Four-Door Car,185
KO95143,California,M,High School or Below,0,37910,108,0,Personal Auto,Four-Door Car,518
GT66241,California,M,High School or Below,0,0,71,0,Personal Auto,Four-Door Car,511
PP97061,Nevada,F,College,0,40864,109,0,Personal Auto,SUV,166
KP97208,Oregon,F,College,0,94846,73,0,Corporate Auto,Two-Door Car,305
SB24397,California,M,High School or Below,0,96306,95,0,Personal Auto,Four-Door Car,185
EM32982,Arizona,F,Doctor,0,53519,111,0,Corporate Auto,SUV,520
LB97434,Arizona,M,Bachelor,0,50648,69,0,Personal Auto,Two-Door Car,331
RR37715,Oregon,M,Bachelor,0,64692,70,0,Corporate Auto,Two-Door Car,336
TC81636,Arizona,M,High School or Below,0,0,100,0,Corporate Auto,SUV,720
IC55961,Arizona,F,High School or Below,0,0,187,0,Corporate Auto,Luxury SUV,1430
HR48520,Oregon,M,Bachelor,0,0,109,0,Personal Auto,SUV,784
VI42566,Oregon,M,Master,0,49311,74,0,Personal Auto,Four-Door Car,355
NU84299,Arizona,M,High School or Below,0,71126,71,0,Personal Auto,Four-Door Car,324
RT63209,California,F,Master,0,74284,74,0,Personal Auto,Four-Door Car,268
AM52614,Oregon,F,Bachelor,0,41402,119,0,Personal Auto,Sports Car,571
UO40192,Nevada,M,High School or Below,0,79619,71,0,Personal Auto,Four-Door Car,280
SD67101,Nevada,F,High School or Below,0,25147,101,0,Personal Auto,SUV,694
EW35231,Oregon,F,High School or Below,0,56379,125,0,Corporate Auto,SUV,600
CT18212,California,F,Bachelor,0,0,96,0,Personal Auto,Four-Door Car,691
YL91587,Arizona,M,High School or Below,0,48911,61,0,Personal Auto,Two-Door Car,292
HS14476,Washington,M,College,0,29723,80,0,Personal Auto,Four-Door Car,20
DA28072,Arizona,F,Master,0,21841,91,0,Corporate Auto,Four-Door Car,436
JO98946,Oregon,M,Bachelor,0,31796,68,0,Personal Auto,Four-Door Car,377
BA26944,Nevada,M,Bachelor,0,0,105,0,Corporate Auto,SUV,504
AR47849,Nevada,F,Bachelor,0,48567,130,0,Personal Auto,SUV,624
FO82261,Oregon,M,College,0,66161,118,0,Personal Auto,SUV,457
QO56662,Arizona,M,Master,0,79751,63,0,Personal Auto,Two-Door Car,392
UF74084,Arizona,M,Bachelor,0,39469,71,0,Personal Auto,Two-Door Car,315
OX75108,Arizona,F,Master,0,44305,67,0,Personal Auto,Four-Door Car,214
QG25195,Oregon,F,Bachelor,0,0,68,0,Personal Auto,Four-Door Car,444
HT50748,Oregon,F,Doctor,0,38893,69,0,Personal Auto,Two-Door Car,279
HC42288,California,F,College,0,39187,118,0,Corporate Auto,SUV,566
TC69546,Arizona,M,College,0,70341,179,0,Personal Auto,SUV,253
GJ63345,Arizona,F,Bachelor,0,0,64,0,Personal Auto,Four-Door Car,460
RK45396,California,M,Bachelor,0,0,73,0,Corporate Auto,Four-Door Car,350
YA71207,California,F,High School or Below,0,30090,73,0,Corporate Auto,Two-Door Car,329
FK95213,California,F,Master,0,49673,232,0,Personal Auto,Luxury SUV,1021
MC53402,Washington,M,College,0,0,66,0,Personal Auto,Two-Door Car,389
VU18023,California,F,High School or Below,0,0,70,0,Personal Auto,Four-Door Car,504
VN37592,Arizona,M,High School or Below,0,50332,72,0,Personal Auto,Four-Door Car,345
KL58949,California,M,Bachelor,0,70190,71,0,Corporate Auto,Two-Door Car,15
KU14261,Arizona,F,Master,0,38179,90,0,Personal Auto,Four-Door Car,374
RL97327,Washington,M,Bachelor,0,0,115,0,Personal Auto,Four-Door Car,699
TO60700,Washington,F,Bachelor,0,25859,74,0,Special Auto,Four-Door Car,355
CR33417,Washington,F,Master,0,36529,118,0,Personal Auto,SUV,255
ZK90062,Arizona,M,Bachelor,0,67588,118,0,Personal Auto,Sports Car,566
JP44710,Nevada,M,High School or Below,0,0,121,0,Personal Auto,SUV,871
RR93140,California,F,College,0,81565,71,0,Personal Auto,Four-Door Car,190
HW56522,Arizona,M,Bachelor,0,35322,244,0,Personal Auto,Luxury Car,76
LR27773,California,F,Bachelor,0,43671,67,0,Corporate Auto,Four-Door Car,190
CT88432,Arizona,F,Bachelor,0,58682,61,0,Corporate Auto,Four-Door Car,206
OK86731,Oregon,M,College,0,44230,114,0,Personal Auto,Sports Car,738
GB75821,Oregon,M,Bachelor,0,40269,193,0,Personal Auto,Luxury SUV,926
KL48832,Nevada,F,College,0,31756,66,0,Corporate Auto,Four-Door Car,160
CA54112,Nevada,M,Doctor,0,47725,63,0,Personal Auto,Two-Door Car,142
VC43751,Arizona,F,Bachelor,0,38684,74,0,Personal Auto,Two-Door Car,376
BC87551,California,F,High School or Below,0,36301,118,0,Corporate Auto,SUV,647
TD58354,Nevada,M,High School or Below,0,0,67,0,Personal Auto,Four-Door Car,482
XM19715,Oregon,F,College,0,22268,67,0,Personal Auto,Two-Door Car,294
KH19280,Arizona,F,College,0,50037,81,0,Special Auto,Four-Door Car,303
GE50763,Washington,M,Bachelor,0,0,104,0,Corporate Auto,Four-Door Car,748
VW63894,California,M,Master,0,75740,98,0,Personal Auto,Four-Door Car,46
YX36936,Arizona,M,College,0,39621,109,0,Corporate Auto,SUV,25
AF49625,Oregon,F,Bachelor,0,75838,90,0,Corporate Auto,Two-Door Car,428
QN30162,Oregon,F,Bachelor,0,11885,101,0,Special Auto,Four-Door Car,484
UI21548,California,F,High School or Below,0,29444,63,0,Personal Auto,Two-Door Car,302
IN52645,Oregon,F,High School or Below,0,64371,181,0,Personal Auto,SUV,868
CQ76030,Oregon,M,High School or Below,0,26514,91,0,Personal Auto,Four-Door Car,655
BW94308,Washington,F,High School or Below,0,92766,71,0,Personal Auto,Two-Door Car,379
PP39078,California,F,College,0,31504,71,0,Special Auto,Four-Door Car,340
LM86393,Oregon,F,High School or Below,0,98680,72,0,Personal Auto,Four-Door Car,345
NB81923,Washington,F,College,0,0,113,0,Personal Auto,Sports Car,733
SZ61347,California,M,College,0,76927,138,0,Personal Auto,SUV,114
VM53683,Nevada,F,Bachelor,0,78804,71,0,Personal Auto,Four-Door Car,389
BA38428,Arizona,M,High School or Below,0,73168,70,0,Corporate Auto,Four-Door Car,425
FX80133,California,F,Master,0,48569,114,0,Personal Auto,Four-Door Car,434
MT41386,Washington,M,Bachelor,0,84768,72,0,Personal Auto,Two-Door Car,110
KV53202,California,F,High School or Below,0,0,86,0,Corporate Auto,Two-Door Car,619
DB79694,Arizona,F,High School or Below,0,57693,76,0,Corporate Auto,Four-Door Car,547
VY75186,California,M,College,0,0,65,0,Personal Auto,Four-Door Car,85
IR57729,California,M,High School or Below,0,46593,70,0,Corporate Auto,Two-Door Car,129
FG16885,Arizona,M,College,0,0,146,0,Personal Auto,SUV,1055
NW21079,Washington,F,Master,0,67163,61,0,Personal Auto,Two-Door Car,33
FR81224,Oregon,M,Master,0,89205,68,0,Personal Auto,Two-Door Car,165
YK92213,Oregon,M,Doctor,0,0,138,0,Personal Auto,Sports Car,570
JV99867,California,F,Bachelor,0,65448,94,0,Special Auto,Four-Door Car,451
TN66124,California,M,High School or Below,0,77627,88,0,Corporate Auto,Two-Door Car,205
NT78297,Oregon,F,Bachelor,0,37695,96,0,Personal Auto,Two-Door Car,460
KG49115,California,F,College,0,89411,78,0,Personal Auto,Four-Door Car,116
WC77067,Nevada,M,College,0,0,114,0,Corporate Auto,SUV,914
DW62397,Oregon,F,Master,0,10337,67,0,Personal Auto,Four-Door Car,321
GK67747,Washington,M,College,0,10621,67,0,Special Auto,Four-Door Car,321
QM39493,California,M,High School or Below,0,16711,91,0,Personal Auto,Four-Door Car,580
JD11661,Oregon,F,College,0,0,106,0,Personal Auto,SUV,508
PT73521,California,M,College,0,42968,69,0,Personal Auto,Four-Door Car,331
TC99043,California,F,Master,0,16181,181,0,Personal Auto,SUV,1261
PY50779,Arizona,M,High School or Below,0,85412,88,0,Personal Auto,Four-Door Car,134
FK97285,California,F,High School or Below,0,75774,92,0,Corporate Auto,Four-Door Car,441
JG12505,Nevada,F,Master,0,26599,101,0,Personal Auto,SUV,254
FX65946,Arizona,M,Bachelor,0,34847,73,0,Personal Auto,Four-Door Car,525
OU88023,California,F,High School or Below,0,0,115,0,Personal Auto,SUV,552
XN32623,Oregon,M,Bachelor,0,85896,70,0,Personal Auto,Four-Door Car,48
EV78251,Oregon,F,Doctor,0,0,66,0,Personal Auto,Two-Door Car,316
HC80108,California,F,College,0,43775,70,0,Personal Auto,Four-Door Car,310
LG45661,Nevada,F,High School or Below,0,0,67,0,Personal Auto,Four-Door Car,482
ZJ22132,Oregon,F,High School or Below,0,42056,78,0,Personal Auto,Four-Door Car,221
LG53863,Oregon,F,High School or Below,0,13093,100,0,Personal Auto,SUV,514
KR87696,California,F,College,0,98278,85,0,Personal Auto,Four-Door Car,367
LN44535,Washington,F,College,0,44605,91,0,Personal Auto,Four-Door Car,436
FU63281,Arizona,M,Bachelor,0,32365,67,0,Personal Auto,Four-Door Car,193
KV17007,California,M,College,0,82255,71,0,Personal Auto,Four-Door Car,145
GR42174,Oregon,M,College,0,0,62,0,Personal Auto,Four-Door Car,623
SR71812,California,F,High School or Below,0,0,88,0,Personal Auto,Four-Door Car,468
CA29908,Oregon,M,High School or Below,0,65903,66,0,Personal Auto,Four-Door Car,316
OB98149,Washington,F,College,0,11417,63,0,Personal Auto,Two-Door Car,302
FX30915,Arizona,F,High School or Below,0,0,96,0,Corporate Auto,Two-Door Car,677
OC39051,California,M,College,0,0,67,0,Personal Auto,Four-Door Car,321
LW80918,Oregon,M,Doctor,0,69704,72,0,Personal Auto,Two-Door Car,89
EC94366,Oregon,M,Doctor,0,20101,96,0,Corporate Auto,Four-Door Car,291
PI92163,Nevada,M,Bachelor,0,24383,69,0,Corporate Auto,Four-Door Car,331
LZ68649,Washington,M,Bachelor,0,22139,100,0,Personal Auto,SUV,480
IB39821,Arizona,M,Bachelor,0,88708,112,0,Personal Auto,Sports Car,499
WI75766,Arizona,F,High School or Below,0,11828,90,0,Personal Auto,Four-Door Car,571
DR27120,Washington,F,Bachelor,0,0,80,0,Corporate Auto,Two-Door Car,384
UQ67668,Nevada,M,High School or Below,0,73168,70,0,Personal Auto,Four-Door Car,425
PR64751,Nevada,M,Bachelor,0,0,71,0,Corporate Auto,Two-Door Car,409
CL79250,Nevada,M,Bachelor,0,0,182,0,Corporate Auto,Luxury Car,873
ZR72236,Nevada,M,Master,0,76646,65,0,Personal Auto,Two-Door Car,263
SG52649,Washington,M,High School or Below,0,19683,117,0,Corporate Auto,Sports Car,561
SG96896,Oregon,M,High School or Below,0,0,71,0,Personal Auto,Four-Door Car,819
QJ50723,Oregon,F,Master,0,0,124,0,Personal Auto,SUV,595
NU64028,Nevada,M,Bachelor,0,35693,103,0,Personal Auto,Sports Car,494
PM63319,Washington,F,College,0,0,65,0,Personal Auto,Four-Door Car,438
YG46815,Arizona,M,High School or Below,0,0,136,0,Personal Auto,SUV,979
XF94149,California,M,College,0,24123,104,0,Personal Auto,SUV,748
ME99882,Arizona,M,Bachelor,0,85654,116,0,Personal Auto,Two-Door Car,346
YZ67161,Oregon,M,Master,0,0,125,0,Personal Auto,SUV,900
WA45944,Arizona,F,College,0,71210,214,0,Corporate Auto,Luxury Car,1027
UM53032,California,M,College,0,84822,76,0,Corporate Auto,Four-Door Car,219
LW43115,California,F,Master,0,36650,69,0,Personal Auto,Four-Door Car,56
YK93229,Oregon,M,High School or Below,0,0,90,0,Personal Auto,Two-Door Car,432
FH65253,Oregon,M,High School or Below,0,28025,87,0,Personal Auto,Four-Door Car,611
IH43245,Nevada,M,College,0,52113,97,0,Corporate Auto,Four-Door Car,465
TO20795,Washington,M,Doctor,0,37675,104,0,Corporate Auto,Four-Door Car,731
TO14996,Oregon,M,High School or Below,0,37595,70,0,Personal Auto,Four-Door Car,501
XN34686,Oregon,M,High School or Below,0,41396,70,0,Special Auto,Four-Door Car,336
KA13067,Oregon,M,High School or Below,0,77512,104,0,Corporate Auto,SUV,433
LQ76461,Oregon,F,High School or Below,0,35334,65,0,Personal Auto,Four-Door Car,468
BH60627,Oregon,M,College,0,0,104,0,Personal Auto,Four-Door Car,499
CD48033,Oregon,M,Doctor,0,40870,105,0,Personal Auto,SUV,504
AC58002,California,F,Bachelor,0,53907,71,0,Corporate Auto,Four-Door Car,189
VM21699,Oregon,F,Bachelor,0,77609,111,0,Corporate Auto,Sports Car,62
YM24654,Washington,F,High School or Below,0,0,70,0,Personal Auto,Four-Door Car,504
RR66500,California,M,Master,0,87462,61,0,Corporate Auto,Four-Door Car,51
GJ31412,Oregon,M,Bachelor,0,99494,83,0,Personal Auto,Four-Door Car,398
WO64354,California,F,Bachelor,0,42585,69,0,Personal Auto,Two-Door Car,288
UG37492,California,M,College,0,58842,110,0,Personal Auto,Four-Door Car,528
PR51268,Arizona,F,Doctor,0,37384,99,0,Personal Auto,Four-Door Car,475
NJ10602,Washington,F,College,0,92717,70,0,Personal Auto,Two-Door Car,224
OP60201,Oregon,M,College,0,0,72,0,Personal Auto,Four-Door Car,518
QK69627,Washington,F,High School or Below,0,75264,78,0,Personal Auto,Four-Door Car,343
DP63956,Arizona,F,Bachelor,0,0,101,0,Corporate Auto,SUV,727
MV89967,Oregon,F,College,0,0,105,0,Personal Auto,Four-Door Car,564
MQ37971,Arizona,F,Bachelor,0,31532,79,0,Personal Auto,Four-Door Car,241
CO12132,California,F,High School or Below,0,52583,113,0,Personal Auto,SUV,528
UG19550,California,M,High School or Below,0,62477,183,0,Personal Auto,Luxury SUV,40
SQ18525,Arizona,F,College,0,26023,72,0,Personal Auto,Four-Door Car,79
VG11458,California,M,Bachelor,0,28666,64,0,Personal Auto,Four-Door Car,307
TG75223,California,M,Bachelor,0,21004,62,0,Personal Auto,Two-Door Car,297
WW85018,Washington,M,Bachelor,0,45430,81,0,Personal Auto,Two-Door Car,388
MY11682,California,M,Bachelor,0,37511,185,0,Personal Auto,Luxury Car,579
NI49607,Oregon,F,College,0,28719,110,0,Personal Auto,SUV,792
NX18821,Oregon,M,Master,0,49833,69,0,Personal Auto,Four-Door Car,331
JZ63423,Arizona,M,College,0,67431,136,0,Personal Auto,SUV,652
DG30586,Oregon,F,Bachelor,0,23376,78,0,Personal Auto,Four-Door Car,374
QS79556,Arizona,F,College,0,20455,84,0,Corporate Auto,Two-Door Car,564
SW74846,Washington,F,Bachelor,0,62473,185,0,Personal Auto,Luxury SUV,1298
FZ24763,California,M,Bachelor,0,35289,65,0,Personal Auto,Four-Door Car,123
TW73441,Nevada,F,High School or Below,0,73478,68,0,Personal Auto,Four-Door Car,241
FP60372,Nevada,M,Bachelor,0,30584,68,0,Personal Auto,Two-Door Car,51
XS17260,Oregon,M,College,0,88340,102,0,Personal Auto,Two-Door Car,489
HX77930,Washington,F,College,0,49532,79,0,Personal Auto,Four-Door Car,220
OP47206,Arizona,M,College,0,0,154,0,Corporate Auto,Sports Car,1140
KI25980,Washington,M,Master,0,43982,126,0,Personal Auto,SUV,604
SM88270,California,M,High School or Below,0,68906,187,0,Personal Auto,Sports Car,1053
RM83767,Washington,M,College,0,64008,85,0,Personal Auto,Four-Door Car,372
YE45848,California,F,Bachelor,0,87421,99,0,Corporate Auto,Two-Door Car,475
QO77034,California,M,Bachelor,0,0,102,0,Personal Auto,SUV,660
FQ66070,California,M,College,0,62076,71,0,Personal Auto,Four-Door Car,227
YQ44187,Oregon,F,Bachelor,0,26746,66,0,Personal Auto,Two-Door Car,165
PW65305,California,M,College,0,91580,73,0,Personal Auto,Two-Door Car,290
KB44286,Oregon,F,High School or Below,0,64403,198,0,Corporate Auto,Luxury SUV,111
JV89183,Oregon,M,Bachelor,0,51425,119,0,Personal Auto,Four-Door Car,560
IS75141,Oregon,F,High School or Below,0,44162,71,0,Personal Auto,Two-Door Car,160
XO90806,California,F,College,0,67128,105,0,Personal Auto,SUV,339
QN44699,Oregon,F,Bachelor,0,30383,119,0,Personal Auto,Two-Door Car,803
BV98316,Arizona,F,Bachelor,0,93721,80,0,Personal Auto,Four-Door Car,489
JJ66819,Oregon,F,Bachelor,0,79867,74,0,Personal Auto,Four-Door Car,78
KM72596,Arizona,M,Doctor,0,39393,121,0,Personal Auto,SUV,491
HX72126,Nevada,F,Bachelor,0,0,81,0,Personal Auto,Four-Door Car,136
WX48434,Arizona,M,College,0,0,122,0,Corporate Auto,SUV,725
LW12893,California,F,High School or Below,0,43916,68,0,Personal Auto,Four-Door Car,326
XO94933,California,F,Bachelor,0,33282,100,0,Personal Auto,SUV,207
NS92256,Oregon,F,Master,0,33032,86,0,Personal Auto,Two-Door Car,87
IR62720,Nevada,M,Bachelor,0,25259,87,0,Personal Auto,Four-Door Car,417
XP81320,Oregon,F,College,0,19637,67,0,Personal Auto,Four-Door Car,333
CA52541,California,F,College,0,94903,94,0,Corporate Auto,Two-Door Car,451
IB59831,Oregon,M,College,0,39794,133,0,Corporate Auto,SUV,638
VO61192,Oregon,M,High School or Below,0,42433,85,0,Personal Auto,Four-Door Car,410
UV17888,California,F,Bachelor,0,22044,65,0,Corporate Auto,Four-Door Car,10
WX31658,Arizona,F,Doctor,0,32312,61,0,Personal Auto,Two-Door Car,276
RQ79244,California,F,College,0,0,97,0,Personal Auto,Four-Door Car,698
UL90124,Oregon,F,High School or Below,0,72919,130,0,Personal Auto,SUV,936
PN12718,California,M,Bachelor,0,0,86,0,Personal Auto,Two-Door Car,541
CN63432,Arizona,F,College,0,0,68,0,Personal Auto,Four-Door Car,326
WA24038,Oregon,M,Bachelor,0,76357,117,0,Personal Auto,SUV,4
TR40401,Oregon,M,Doctor,0,57709,125,0,Personal Auto,SUV,600
UQ73252,Arizona,M,College,0,26802,66,0,Personal Auto,Two-Door Car,316
LK91880,California,F,College,0,26448,105,0,Personal Auto,Sports Car,75
UA50747,Washington,F,High School or Below,0,62262,72,0,Corporate Auto,Four-Door Car,193
RV22056,Oregon,F,Bachelor,0,98784,124,0,Personal Auto,Sports Car,155
FW92569,Arizona,M,College,0,28727,113,0,Corporate Auto,SUV,350
AS26192,Oregon,M,High School or Below,0,50406,70,0,Corporate Auto,Four-Door Car,132
PX72779,Arizona,M,Master,0,41832,66,0,Personal Auto,Four-Door Car,402
PZ47901,Arizona,F,Bachelor,0,0,73,0,Corporate Auto,Four-Door Car,350
LE41874,Nevada,F,High School or Below,0,0,138,0,Corporate Auto,SUV,900
WT10649,Oregon,M,Bachelor,0,0,97,0,Personal Auto,Four-Door Car,465
SP80065,California,F,High School or Below,0,40032,99,0,Special Auto,Four-Door Car,475
WW37525,California,M,High School or Below,0,95701,98,0,Personal Auto,Four-Door Car,99
MF15503,Nevada,M,Bachelor,0,0,108,0,Special Auto,Two-Door Car,777
GJ52970,California,M,High School or Below,0,0,66,0,Personal Auto,Four-Door Car,393
GX84338,Washington,F,Doctor,0,62530,95,0,Personal Auto,Four-Door Car,61
QL54532,California,M,Master,0,0,106,0,Personal Auto,SUV,508
WY43888,Washington,M,High School or Below,0,24414,104,0,Personal Auto,SUV,499
TN51356,Oregon,M,Bachelor,0,82695,62,0,Personal Auto,Four-Door Car,217
QJ21876,California,F,College,0,48156,143,0,Personal Auto,SUV,686
MM49431,Washington,M,Bachelor,0,74069,63,0,Personal Auto,Two-Door Car,275
DY38083,California,M,Bachelor,0,82664,114,0,Personal Auto,SUV,133
KZ95954,Arizona,M,High School or Below,0,0,80,0,Personal Auto,Four-Door Car,749
DC70690,Arizona,F,College,0,51737,71,0,Personal Auto,Four-Door Car,430
QI31659,California,F,Bachelor,0,76797,71,0,Personal Auto,Four-Door Car,234
JU72142,Oregon,M,Bachelor,0,61225,117,0,Personal Auto,SUV,442
QS26062,California,M,High School or Below,0,80915,70,0,Corporate Auto,Four-Door Car,187
LF61343,California,M,High School or Below,0,12688,140,0,Personal Auto,SUV,672
YK23193,Nevada,M,Bachelor,0,27681,83,0,Personal Auto,Two-Door Car,398
ID40186,Oregon,F,Bachelor,0,27778,109,0,Personal Auto,Four-Door Car,523
AS17174,Oregon,M,High School or Below,0,95697,61,0,Personal Auto,Two-Door Car,114
IQ95180,Oregon,M,Bachelor,0,44634,71,0,Personal Auto,Four-Door Car,396
RS59102,California,M,College,0,37050,110,0,Personal Auto,Sports Car,528
OI83286,Oregon,F,College,0,56872,69,0,Personal Auto,Two-Door Car,192
XH93021,Nevada,M,High School or Below,0,0,82,0,Personal Auto,Four-Door Car,590
QJ22057,Nevada,F,College,0,0,68,0,Personal Auto,Four-Door Car,326
NR49426,Nevada,M,College,0,69488,68,0,Personal Auto,Four-Door Car,326
BM39234,Oregon,M,High School or Below,0,0,62,0,Personal Auto,Two-Door Car,446
MJ95558,California,M,Bachelor,0,23589,211,0,Special Auto,Luxury SUV,1012
WC21120,California,F,College,0,0,107,0,Personal Auto,SUV,513
EU81458,Oregon,F,Doctor,0,95782,68,0,Personal Auto,Four-Door Car,247
JO32686,Arizona,F,Bachelor,0,24992,106,0,Personal Auto,SUV,508
YY27420,Arizona,M,Bachelor,0,20043,92,0,Personal Auto,Four-Door Car,516
SX22647,California,M,College,0,0,104,0,Personal Auto,SUV,748
HT31871,Arizona,M,High School or Below,0,36305,61,0,Personal Auto,Four-Door Car,292
ZB81881,California,M,Bachelor,0,44784,73,0,Personal Auto,Two-Door Car,395
XY91562,Oregon,F,College,0,0,113,0,Personal Auto,Four-Door Car,542
CQ72935,Arizona,M,Bachelor,0,75644,65,0,Personal Auto,Two-Door Car,467
XR36002,California,F,High School or Below,0,27339,97,0,Personal Auto,Two-Door Car,44
RW70500,Oregon,F,Master,0,43657,66,0,Personal Auto,Two-Door Car,316
VK53354,Washington,M,Bachelor,0,0,95,0,Special Auto,Two-Door Car,684
OI77877,Oregon,M,High School or Below,0,31134,96,0,Personal Auto,Four-Door Car,666
EH13261,California,M,Master,0,50512,67,0,Personal Auto,Four-Door Car,351
GW14698,Arizona,F,College,0,80604,61,0,Corporate Auto,Four-Door Car,255
PO56357,California,F,High School or Below,0,64604,67,0,Personal Auto,Four-Door Car,272
IC47914,California,M,College,0,0,103,0,Corporate Auto,Four-Door Car,741
IK12576,Oregon,F,Bachelor,0,95647,106,0,Personal Auto,Two-Door Car,508
NC68853,Oregon,M,High School or Below,0,0,104,0,Personal Auto,SUV,499
TG40558,Oregon,M,High School or Below,0,60969,61,0,Corporate Auto,Four-Door Car,146
NB40107,Arizona,M,High School or Below,0,0,76,0,Corporate Auto,Four-Door Car,547
XD86462,Oregon,M,College,0,20676,79,0,Personal Auto,Four-Door Car,379
HA45220,California,F,High School or Below,0,37874,65,0,Corporate Auto,Four-Door Car,41
OT24208,California,M,Bachelor,0,14382,66,0,Personal Auto,Four-Door Car,316
LM93586,Arizona,M,High School or Below,0,32314,92,0,Personal Auto,Four-Door Car,662
CA70404,California,M,High School or Below,0,62455,77,0,Personal Auto,Two-Door Car,338
UY94269,Oregon,F,Master,0,35605,74,0,Personal Auto,Two-Door Car,355
FM59265,Washington,F,Bachelor,0,0,103,0,Personal Auto,SUV,741
TZ51184,Arizona,M,College,0,0,137,0,Corporate Auto,SUV,986
BZ85280,Oregon,M,College,0,10334,64,0,Personal Auto,Four-Door Car,296
BL93527,Arizona,M,High School or Below,0,44025,69,0,Personal Auto,Two-Door Car,331
FL77069,California,F,Bachelor,0,32397,190,0,Corporate Auto,Luxury SUV,334
HX31231,Arizona,F,Bachelor,0,24345,106,0,Corporate Auto,Four-Door Car,637
OO11998,Oregon,M,Master,0,94804,115,0,Personal Auto,SUV,764
CW12066,Oregon,F,College,0,25370,102,0,Corporate Auto,Sports Car,489
GD17919,Arizona,F,College,0,0,78,0,Special Auto,Four-Door Car,561
HA40978,California,M,College,0,53234,109,0,Personal Auto,Four-Door Car,1212
DO80363,Arizona,M,High School or Below,0,0,108,0,Personal Auto,Four-Door Car,912
UH79890,Oregon,M,High School or Below,0,0,70,0,Personal Auto,Four-Door Car,336
HA82735,Arizona,F,Bachelor,0,0,121,0,Personal Auto,SUV,1032
DQ71306,Oregon,M,High School or Below,0,19013,95,0,Corporate Auto,Four-Door Car,456
GN64199,Oregon,F,Doctor,0,0,73,0,Personal Auto,Four-Door Car,490
OU78642,Arizona,F,Master,0,81568,186,0,Personal Auto,Luxury SUV,737
PR59105,Oregon,F,High School or Below,0,53223,72,0,Personal Auto,Four-Door Car,299
TM94572,Arizona,M,Bachelor,0,0,123,0,Personal Auto,SUV,885
AP63665,Oregon,F,Bachelor,0,59253,89,0,Personal Auto,Four-Door Car,67
AZ64856,California,F,High School or Below,0,34452,126,0,Personal Auto,SUV,604
IC12985,Arizona,M,Bachelor,0,40160,118,0,Personal Auto,Four-Door Car,566
KH81863,Oregon,F,College,0,22571,63,0,Corporate Auto,Four-Door Car,302
EE49066,Oregon,F,High School or Below,0,62365,62,0,Corporate Auto,Four-Door Car,297
IZ37104,California,M,Doctor,0,0,61,0,Personal Auto,Four-Door Car,292
BA66627,Nevada,F,Bachelor,0,22220,105,0,Personal Auto,Sports Car,22
XZ54522,Nevada,F,Bachelor,0,76266,110,0,Personal Auto,Two-Door Car,155
VE46465,Oregon,M,Master,0,0,128,0,Personal Auto,Sports Car,1548
LD71221,Oregon,F,Bachelor,0,0,68,0,Personal Auto,Two-Door Car,230
YB66933,Washington,F,Bachelor,0,77552,68,0,Corporate Auto,Four-Door Car,45
EQ15944,Oregon,F,Doctor,0,76474,74,0,Personal Auto,Four-Door Car,355
CR92272,Arizona,F,Doctor,0,57664,100,0,Personal Auto,SUV,344
JJ94311,Oregon,M,Bachelor,0,82377,83,0,Personal Auto,Four-Door Car,498
EO42272,California,F,Bachelor,0,44856,66,0,Corporate Auto,Four-Door Car,316
LA34671,Arizona,M,College,0,0,77,0,Personal Auto,Four-Door Car,369
ZF73834,California,F,Bachelor,0,76731,64,0,Personal Auto,Four-Door Car,201
UM14135,Nevada,F,Bachelor,0,25820,82,0,Personal Auto,Four-Door Car,393
YA14448,Arizona,F,College,0,0,83,0,Personal Auto,Four-Door Car,398
QL10321,California,F,Doctor,0,92509,71,0,Personal Auto,Four-Door Car,109
ZL17677,Washington,F,Master,0,15505,68,0,Personal Auto,Two-Door Car,383
WE57129,Washington,M,Master,0,21979,73,0,Personal Auto,Two-Door Car,518
SO57563,Arizona,M,College,0,54878,96,0,Personal Auto,Four-Door Car,204
SO38188,Oregon,M,Bachelor,0,40178,136,0,Special Auto,SUV,652
YD65161,California,F,Bachelor,0,65436,73,0,Personal Auto,Four-Door Car,40
QH12810,Oregon,F,Bachelor,0,0,106,0,Personal Auto,SUV,763
OU81877,Oregon,M,High School or Below,0,0,64,0,Personal Auto,Four-Door Car,307
CN49086,California,M,Doctor,0,57709,125,0,Corporate Auto,SUV,600
BD53342,Washington,F,College,0,21604,79,0,Personal Auto,Four-Door Car,379
FI75266,Oregon,M,Bachelor,0,28422,68,0,Corporate Auto,Four-Door Car,453
GH86762,California,F,Bachelor,0,59853,124,0,Special Auto,SUV,570
HP55853,California,M,College,0,49078,97,0,Corporate Auto,Four-Door Car,484
WB43408,Oregon,F,College,0,51523,116,0,Personal Auto,SUV,738
MF41879,Oregon,M,Doctor,0,0,110,0,Personal Auto,SUV,601
YU21725,Washington,F,High School or Below,0,0,66,0,Corporate Auto,Four-Door Car,475
AY98473,Arizona,F,College,0,32989,102,0,Personal Auto,SUV,489
TX34322,Oregon,M,College,0,0,70,0,Personal Auto,Two-Door Car,336
AK61491,Oregon,M,Doctor,0,36631,62,0,Personal Auto,Four-Door Car,67
XC32316,Arizona,M,High School or Below,0,0,131,0,Corporate Auto,SUV,628
WN59735,California,F,College,0,26477,66,0,Personal Auto,Four-Door Car,144
WW99844,Oregon,F,High School or Below,0,53607,61,0,Personal Auto,Four-Door Car,93
YG38576,Arizona,M,College,0,21594,71,0,Personal Auto,Four-Door Car,340
AT62618,Oregon,F,Bachelor,0,0,85,0,Personal Auto,Four-Door Car,612
EE48429,Nevada,F,High School or Below,0,80584,65,0,Personal Auto,Two-Door Car,312
SX95355,Oregon,F,Bachelor,0,67511,73,0,Personal Auto,Four-Door Car,350
IU54219,Oregon,F,Master,0,19614,85,0,Special Auto,Two-Door Car,574
WX65636,Arizona,F,Bachelor,0,0,82,0,Corporate Auto,Four-Door Car,511
ZE71012,Nevada,M,Bachelor,0,20346,74,0,Corporate Auto,Two-Door Car,358
PU36617,Arizona,M,College,0,48638,82,0,Personal Auto,Four-Door Car,183
PA18731,Oregon,F,College,0,46855,119,0,Personal Auto,SUV,472
IC51895,Arizona,F,College,0,38873,92,0,Personal Auto,Two-Door Car,599
FU43761,Nevada,F,Doctor,0,25703,62,0,Personal Auto,Four-Door Car,297
BG51419,Washington,M,College,0,58842,110,0,Corporate Auto,Four-Door Car,528
VY96711,California,F,Master,0,99772,158,0,Corporate Auto,SUV,51
KT97561,Arizona,M,High School or Below,0,19683,117,0,Personal Auto,Sports Car,561
BW80872,Washington,M,High School or Below,0,34549,111,0,Personal Auto,Four-Door Car,125
TZ81094,Nevada,F,High School or Below,0,19030,62,0,Corporate Auto,Two-Door Car,355
XA27536,Washington,M,College,0,63329,92,0,Personal Auto,Four-Door Car,441
LR61007,Arizona,M,High School or Below,0,79253,76,0,Corporate Auto,Two-Door Car,254
WH20102,California,M,College,0,37937,116,0,Personal Auto,SUV,556
FG60807,Oregon,F,High School or Below,0,21766,62,0,Corporate Auto,Four-Door Car,179
TV77808,Arizona,M,High School or Below,0,67132,71,0,Corporate Auto,Four-Door Car,466
LA66902,Arizona,M,College,0,0,71,0,Personal Auto,Two-Door Car,511
PA38372,Washington,F,High School or Below,0,33060,117,0,Personal Auto,Four-Door Car,56
NX11526,Arizona,M,Bachelor,0,92296,69,0,Corporate Auto,Two-Door Car,331
HU72679,Oregon,M,Doctor,0,90334,119,0,Corporate Auto,SUV,423
HC60268,Oregon,M,College,0,40105,104,0,Personal Auto,Four-Door Car,878
SO18542,Oregon,F,Bachelor,0,33409,105,0,Personal Auto,SUV,553
SM54018,California,F,College,0,0,117,0,Personal Auto,Two-Door Car,1163
CN22369,California,M,Bachelor,0,18608,71,0,Special Auto,Four-Door Car,340
WY17333,California,M,High School or Below,0,55385,61,0,Personal Auto,Four-Door Car,292
LP76290,Oregon,M,Master,0,62588,104,0,Special Auto,Four-Door Car,499
UF93434,Oregon,F,College,0,22050,66,0,Personal Auto,Four-Door Car,316
VW70435,Oregon,M,Bachelor,0,25632,63,0,Personal Auto,Two-Door Car,351
AV96010,Oregon,M,College,0,40097,92,0,Personal Auto,Two-Door Car,227
DX70966,Nevada,F,College,0,50071,71,0,Personal Auto,Two-Door Car,18
VW65429,Arizona,M,High School or Below,0,37308,86,0,Personal Auto,Four-Door Car,301
LY17372,Arizona,M,College,0,44743,137,0,Personal Auto,SUV,741
BE61743,Washington,M,Bachelor,0,86657,103,0,Personal Auto,Sports Car,316
GP56044,Washington,M,High School or Below,0,84306,137,0,Personal Auto,SUV,863
EA63660,California,F,College,0,0,118,0,Personal Auto,SUV,566
DP50640,California,M,Bachelor,0,47346,65,0,Personal Auto,Four-Door Car,312
MM45897,Nevada,M,Bachelor,0,88545,68,0,Personal Auto,Four-Door Car,374
OZ86942,California,F,Bachelor,0,52443,73,0,Corporate Auto,Four-Door Car,350
WI65397,Oregon,F,Bachelor,0,36084,99,0,Corporate Auto,Two-Door Car,152
OQ69520,Arizona,F,Master,0,35406,69,0,Corporate Auto,Four-Door Car,67
QK12068,Oregon,F,High School or Below,0,0,74,0,Personal Auto,Four-Door Car,712
KF98735,California,M,Bachelor,0,41185,99,0,Special Auto,Four-Door Car,363
BH28530,California,M,High School or Below,0,51204,181,0,Personal Auto,Sports Car,929
DW62043,Oregon,F,College,0,30216,63,0,Corporate Auto,Four-Door Car,302
AF41118,California,M,College,0,10710,94,0,Personal Auto,Two-Door Car,451
KI82366,Arizona,M,College,0,0,112,0,Personal Auto,Four-Door Car,806
GF97506,Nevada,M,High School or Below,0,0,119,0,Personal Auto,Sports Car,571
UQ62739,Oregon,M,College,0,0,122,0,Corporate Auto,SUV,725
WY58555,Oregon,M,Bachelor,0,25632,63,0,Personal Auto,Two-Door Car,351
PU11172,Oregon,F,High School or Below,0,0,99,0,Personal Auto,Four-Door Car,1158
DN30013,Oregon,F,College,0,53295,70,0,Personal Auto,Four-Door Car,250
ZI60303,Oregon,M,High School or Below,0,0,139,0,Personal Auto,Sports Car,1000
MR56401,Oregon,F,College,0,37072,64,0,Personal Auto,Four-Door Car,307
FM14335,Washington,F,College,0,61108,89,0,Personal Auto,Four-Door Car,49
FK54851,California,M,High School or Below,0,79880,79,0,Personal Auto,Two-Door Car,568
YF38355,Washington,M,Master,0,81580,101,0,Personal Auto,SUV,633
TN39471,Arizona,F,High School or Below,0,0,92,0,Personal Auto,Two-Door Car,611
MT53449,Arizona,F,Master,0,19614,85,0,Personal Auto,Two-Door Car,574
DV22542,California,M,High School or Below,0,58620,68,0,Personal Auto,Two-Door Car,292
TO82744,California,F,High School or Below,0,0,212,0,Personal Auto,Luxury SUV,1526
OG17756,Arizona,F,College,0,12902,139,0,Personal Auto,Sports Car,667
DO51363,Oregon,F,Bachelor,0,26318,96,0,Personal Auto,Two-Door Car,679
BJ26599,Oregon,M,Bachelor,0,20263,63,0,Personal Auto,Four-Door Car,373
LX24476,Oregon,F,Bachelor,0,0,98,0,Personal Auto,Four-Door Car,310
IO63361,Arizona,M,College,0,52819,124,0,Personal Auto,SUV,282
SD30853,Oregon,F,College,0,63918,64,0,Personal Auto,Four-Door Car,307
OJ41819,Oregon,F,College,0,0,66,0,Personal Auto,Four-Door Car,316
MO63575,Oregon,F,Bachelor,0,23904,123,0,Corporate Auto,SUV,590
BV16459,Oregon,M,College,0,0,97,0,Personal Auto,Two-Door Car,251
YV93784,Arizona,F,Master,0,69736,111,0,Personal Auto,SUV,424
UF32055,California,M,Bachelor,0,69700,181,0,Personal Auto,SUV,645
UQ16798,Arizona,F,College,0,35482,129,0,Personal Auto,SUV,619
LS59637,Arizona,F,College,0,14030,72,0,Corporate Auto,Two-Door Car,345
TX35617,California,F,Bachelor,0,50909,112,0,Personal Auto,SUV,339
EX89625,Arizona,F,Bachelor,0,96406,69,0,Personal Auto,Two-Door Car,331
FD11364,Oregon,F,Bachelor,0,77001,85,0,Special Auto,Four-Door Car,408
FA90076,Oregon,F,Bachelor,0,0,72,0,Personal Auto,Two-Door Car,518
BG96711,California,M,Bachelor,0,24732,67,0,Corporate Auto,Four-Door Car,321
PW31239,Oregon,F,College,0,40864,109,0,Personal Auto,SUV,166
MD95935,California,F,Bachelor,0,43145,73,0,Corporate Auto,Two-Door Car,516
UL10037,Oregon,F,College,0,61108,89,0,Corporate Auto,Four-Door Car,49
RE67051,California,M,Bachelor,0,34236,70,0,Corporate Auto,Four-Door Car,336
SB44315,Arizona,M,College,0,39010,78,0,Personal Auto,Four-Door Car,374
OX21474,California,M,High School or Below,0,88867,69,0,Personal Auto,Four-Door Car,331
HN60464,California,M,Bachelor,0,0,84,0,Personal Auto,Four-Door Car,395
TJ51874,Washington,M,High School or Below,0,13908,116,0,Corporate Auto,SUV,804
PB63095,Washington,M,High School or Below,0,0,79,0,Personal Auto,Two-Door Car,407
VR81851,Oregon,F,College,0,0,64,0,Personal Auto,Four-Door Car,415
DP13082,California,M,Bachelor,0,76358,66,0,Personal Auto,Four-Door Car,86
LP34743,Oregon,F,Bachelor,0,13037,124,0,Personal Auto,SUV,839
GO75708,Arizona,F,Master,0,17200,83,0,Personal Auto,Four-Door Car,48
UD99460,Washington,M,Bachelor,0,67772,82,0,Personal Auto,Four-Door Car,502
MJ77630,Oregon,M,High School or Below,0,39891,133,0,Personal Auto,SUV,630
OO49507,Washington,F,Doctor,0,52957,112,0,Personal Auto,Sports Car,425
GB12561,Oregon,F,College,0,0,108,0,Corporate Auto,Sports Car,777
PW69692,Oregon,F,College,0,93272,95,0,Personal Auto,Four-Door Car,281
SM36624,Arizona,M,High School or Below,0,0,207,0,Personal Auto,Luxury SUV,1490
DA61021,California,M,Master,0,40467,197,0,Personal Auto,Luxury SUV,518
KJ72146,Oregon,M,Bachelor,0,30895,62,0,Personal Auto,Four-Door Car,297
XJ61632,Oregon,M,Bachelor,0,0,62,0,Personal Auto,Four-Door Car,446
CO23919,Oregon,F,Bachelor,0,90607,109,0,Special Auto,SUV,243
PV24005,Oregon,M,High School or Below,0,0,62,0,Personal Auto,Four-Door Car,614
YD22081,Arizona,F,College,0,45668,80,0,Personal Auto,Four-Door Car,344
SG51259,California,F,High School or Below,0,0,129,0,Personal Auto,SUV,1486
OK31456,California,F,Bachelor,0,51643,283,0,Corporate Auto,Luxury Car,1358
UN38117,California,F,College,0,0,74,0,Personal Auto,Four-Door Car,299
TN17395,California,M,College,0,0,102,0,Personal Auto,SUV,489
UO49439,Oregon,M,College,0,90289,71,0,Personal Auto,Four-Door Car,22
JK13254,Oregon,M,Bachelor,0,29465,118,0,Personal Auto,SUV,566
BL29240,Oregon,M,Bachelor,0,81893,73,0,Corporate Auto,Four-Door Car,151
IP81759,Nevada,M,High School or Below,0,60613,240,0,Personal Auto,Luxury Car,1152
DY18947,Arizona,F,High School or Below,0,60423,114,0,Personal Auto,Four-Door Car,137
PY98041,Oregon,M,Bachelor,0,27166,71,0,Personal Auto,Four-Door Car,340
GP99578,Nevada,F,High School or Below,0,0,196,0,Personal Auto,Luxury SUV,1644
QB15706,Washington,F,College,0,0,158,0,Special Auto,SUV,758
PY42157,Washington,F,High School or Below,0,62006,61,0,Personal Auto,Four-Door Car,292
FM38725,Oregon,F,High School or Below,0,0,69,0,Personal Auto,Four-Door Car,764
QX84402,California,F,College,0,13663,97,0,Corporate Auto,Four-Door Car,465
DH95491,California,M,High School or Below,0,0,61,0,Personal Auto,Four-Door Car,292
JH36501,Arizona,M,Doctor,0,97673,63,0,Personal Auto,Four-Door Car,178
DG46291,Nevada,F,High School or Below,0,96276,117,0,Personal Auto,Four-Door Car,553
LY14355,Washington,F,High School or Below,0,73847,73,0,Personal Auto,Two-Door Car,350
AU94279,California,M,High School or Below,0,24976,72,0,Personal Auto,Two-Door Car,566
AG62140,California,F,College,0,33716,68,0,Personal Auto,Four-Door Car,349
YK66939,Arizona,F,College,0,23480,117,0,Personal Auto,SUV,842
BA75404,Oregon,F,Doctor,0,77221,71,0,Personal Auto,Four-Door Car,259
ZG10765,Nevada,F,Bachelor,0,0,76,0,Personal Auto,Four-Door Car,364
TA22923,Arizona,M,Master,0,40463,61,0,Personal Auto,Four-Door Car,292
OM55336,Nevada,M,College,0,60920,64,0,Personal Auto,Two-Door Car,231
MB60322,Arizona,F,Doctor,0,68931,66,0,Special Auto,Four-Door Car,309
FS97588,Oregon,F,Bachelor,0,88251,68,0,Personal Auto,Four-Door Car,267
OX73233,Oregon,F,College,0,0,65,0,Corporate Auto,Two-Door Car,468
KR25511,Washington,M,High School or Below,0,26876,76,0,Corporate Auto,Four-Door Car,364
PE39479,Washington,M,College,0,88592,76,0,Corporate Auto,Four-Door Car,199
AO46433,California,F,Bachelor,0,0,114,0,Personal Auto,Four-Door Car,547
CD71502,Arizona,M,High School or Below,0,0,103,0,Personal Auto,SUV,642
ZS94723,Arizona,F,High School or Below,0,0,82,0,Personal Auto,Four-Door Car,590
EV32492,Arizona,M,Bachelor,0,49136,64,0,Personal Auto,Four-Door Car,307
IW27109,Oregon,M,College,0,0,68,0,Personal Auto,Two-Door Car,722
XX37955,Nevada,M,College,0,67627,117,0,Corporate Auto,SUV,561
MO68226,California,F,College,0,70263,93,0,Personal Auto,Two-Door Car,7
HY86417,Arizona,F,College,0,74126,90,0,Corporate Auto,Two-Door Car,478
WI14444,California,F,High School or Below,0,74286,70,0,Personal Auto,Two-Door Car,277
XC72555,Oregon,F,High School or Below,0,97949,112,0,Personal Auto,SUV,324
SZ37147,California,M,Bachelor,0,41005,70,0,Personal Auto,Four-Door Car,336
HF44881,Arizona,M,High School or Below,0,29875,119,0,Corporate Auto,Sports Car,571
GA98025,Arizona,M,Bachelor,0,26121,119,0,Personal Auto,SUV,754
LO57874,Oregon,M,Bachelor,0,25905,63,0,Corporate Auto,Four-Door Car,302
VJ83206,California,M,College,0,72117,70,0,Personal Auto,Four-Door Car,106
CV35709,Oregon,F,High School or Below,0,81872,115,0,Corporate Auto,Four-Door Car,256
VX67206,Oregon,F,Bachelor,0,33806,89,0,Corporate Auto,Four-Door Car,395
WY38315,California,M,College,0,0,106,0,Personal Auto,SUV,763
AY52869,California,M,College,0,10621,67,0,Personal Auto,Four-Door Car,321
PT29055,Oregon,F,Bachelor,0,0,65,0,Personal Auto,Four-Door Car,312
HF62608,Oregon,F,College,0,44213,85,0,Personal Auto,Four-Door Car,77
PJ54354,California,M,Bachelor,0,0,65,0,Personal Auto,Four-Door Car,366
VW13019,Nevada,F,College,0,12902,139,0,Corporate Auto,Sports Car,667
PY80506,Oregon,M,High School or Below,0,78757,119,0,Personal Auto,Sports Car,383
CF46699,Oregon,M,Bachelor,0,0,102,0,Personal Auto,SUV,660
SF15712,Oregon,M,High School or Below,0,51833,99,0,Personal Auto,Four-Door Car,190
MX69639,California,F,High School or Below,0,30786,90,0,Personal Auto,Four-Door Car,28
EZ41764,California,M,Bachelor,0,76792,62,0,Personal Auto,Four-Door Car,297
BD58297,California,F,Bachelor,0,76356,71,0,Personal Auto,Two-Door Car,340
FM55990,California,M,College,0,66839,154,0,Personal Auto,Sports Car,739
LZ89104,Oregon,M,High School or Below,0,59789,90,0,Personal Auto,Four-Door Car,527
CI38330,Washington,M,Bachelor,0,72217,64,0,Personal Auto,Four-Door Car,91
NT15165,California,F,Bachelor,0,43324,101,0,Corporate Auto,Two-Door Car,284
RQ77476,Oregon,M,Bachelor,0,87502,102,0,Personal Auto,Four-Door Car,421
QB15345,California,F,High School or Below,0,0,74,0,Personal Auto,Four-Door Car,532
DX65548,Arizona,F,College,0,38713,66,0,Personal Auto,Four-Door Car,316
RI52095,Washington,M,High School or Below,0,51878,66,0,Personal Auto,Four-Door Car,316
RK76184,Arizona,M,College,0,0,61,0,Personal Auto,Four-Door Car,292
EH86912,California,M,College,0,28617,112,0,Personal Auto,SUV,797
TJ90326,California,F,Doctor,0,75037,85,0,Personal Auto,Four-Door Car,180
ES93923,Oregon,F,Bachelor,0,24550,111,0,Personal Auto,Four-Door Car,536
BY23642,Arizona,F,Bachelor,0,0,64,0,Personal Auto,Two-Door Car,460
CV64725,California,M,High School or Below,0,55366,86,0,Personal Auto,Four-Door Car,455
RN56430,Nevada,F,High School or Below,0,41449,69,0,Personal Auto,Two-Door Car,331
PD32052,California,M,High School or Below,0,51125,67,0,Personal Auto,Four-Door Car,430
YG87460,Arizona,M,College,0,0,71,0,Personal Auto,Four-Door Car,244
BN90616,Washington,F,Bachelor,0,63110,72,0,Personal Auto,Four-Door Car,68
BH36973,Oregon,F,College,0,63401,68,0,Personal Auto,Four-Door Car,202
QN76156,Oregon,F,College,0,30752,73,0,Personal Auto,Four-Door Car,400
ZJ15114,California,M,High School or Below,0,60986,67,0,Corporate Auto,Four-Door Car,417
CM84035,Arizona,M,College,0,41692,101,0,Corporate Auto,Four-Door Car,245
TZ22914,Oregon,M,Master,0,12940,68,0,Personal Auto,Two-Door Car,268
MW80236,Washington,M,Master,0,0,70,0,Personal Auto,Four-Door Car,336
WO89464,Oregon,M,Bachelor,0,78618,66,0,Personal Auto,Two-Door Car,225
MK56815,California,M,College,0,54538,119,0,Personal Auto,Four-Door Car,507
LJ64287,Nevada,M,High School or Below,0,0,64,0,Personal Auto,Two-Door Car,774
UK86050,Arizona,F,High School or Below,0,76590,65,0,Personal Auto,Four-Door Car,183
TQ24692,Oregon,M,High School or Below,0,76214,72,0,Special Auto,Four-Door Car,202
QO16222,California,F,College,0,0,196,0,Personal Auto,Luxury SUV,2327
SU86402,Arizona,F,High School or Below,0,25876,83,0,Personal Auto,Two-Door Car,398
CI95726,Nevada,F,High School or Below,0,82477,90,0,Personal Auto,Two-Door Car,432
JE98863,Arizona,F,Bachelor,0,58713,98,0,Special Auto,Four-Door Car,470
DD89544,Arizona,M,Bachelor,0,64929,240,0,Corporate Auto,Luxury SUV,1261
HK28125,California,M,High School or Below,0,0,85,0,Personal Auto,Four-Door Car,612
VT52978,Nevada,M,High School or Below,0,32857,105,0,Corporate Auto,Four-Door Car,504
DU66620,Nevada,M,College,0,19065,61,0,Personal Auto,Two-Door Car,292
YC83239,Washington,F,Bachelor,0,0,83,0,Personal Auto,Two-Door Car,825
VS40267,California,M,High School or Below,0,25503,115,0,Personal Auto,SUV,552
WJ55369,Arizona,M,High School or Below,0,30250,93,0,Personal Auto,Four-Door Car,398
MZ23183,Oregon,M,Bachelor,0,0,63,0,Personal Auto,Four-Door Car,453
DV58197,California,F,Bachelor,0,62902,69,0,Personal Auto,Two-Door Car,159
RZ97514,Oregon,F,Master,0,0,66,0,Personal Auto,Four-Door Car,316
ET90029,Arizona,F,Doctor,0,14278,134,0,Personal Auto,Sports Car,346
SD21312,Nevada,M,College,0,66839,154,0,Personal Auto,Sports Car,739
FG31425,Arizona,F,College,0,37811,63,0,Special Auto,Four-Door Car,365
FA15338,Arizona,M,High School or Below,0,20978,70,0,Personal Auto,Two-Door Car,336
HD53787,California,F,College,0,28519,86,0,Personal Auto,Two-Door Car,412
ME11422,California,M,College,0,0,72,0,Personal Auto,Four-Door Car,571
QN36109,Nevada,F,Master,0,85140,118,0,Personal Auto,SUV,88
UL80763,Oregon,F,Doctor,0,37384,99,0,Personal Auto,Four-Door Car,475
DH61947,Oregon,M,Bachelor,0,0,79,0,Personal Auto,Two-Door Car,168
QX54905,Nevada,F,College,0,0,66,0,Corporate Auto,Four-Door Car,316
XQ39498,Oregon,M,High School or Below,0,57659,111,0,Personal Auto,Four-Door Car,756
FQ51281,Oregon,F,Bachelor,0,95241,68,0,Personal Auto,Four-Door Car,87
NA45983,Arizona,M,College,0,38870,74,0,Special Auto,Four-Door Car,145
LC23144,California,F,High School or Below,0,13870,109,0,Personal Auto,SUV,550
SG54382,Arizona,M,Bachelor,0,25964,76,0,Corporate Auto,Four-Door Car,364
XH54129,California,F,High School or Below,0,72193,118,0,Personal Auto,Four-Door Car,552
QD28391,Washington,M,College,0,84302,62,0,Personal Auto,Four-Door Car,76
HX55735,Nevada,F,Bachelor,0,0,73,0,Personal Auto,Two-Door Car,350
AI49712,Washington,F,High School or Below,0,0,72,0,Personal Auto,Four-Door Car,345
YM53951,Oregon,M,College,0,39482,77,0,Corporate Auto,Four-Door Car,277
JO77924,Oregon,M,High School or Below,0,66371,125,0,Personal Auto,SUV,43
EZ20115,California,M,Bachelor,0,35300,74,0,Personal Auto,Four-Door Car,225
DD88614,California,F,Doctor,0,67735,88,0,Corporate Auto,Four-Door Car,3
BO21461,California,M,College,0,98879,73,0,Personal Auto,Four-Door Car,108
EX13440,Oregon,M,High School or Below,0,0,108,0,Corporate Auto,SUV,777
UB87714,Oregon,M,Master,0,72885,124,0,Personal Auto,SUV,233
VW84197,Oregon,F,Bachelor,0,26378,70,0,Personal Auto,Four-Door Car,147
HP56518,Oregon,M,Bachelor,0,67798,69,0,Personal Auto,Four-Door Car,331
SP81997,Washington,F,Master,0,41275,96,0,Personal Auto,Four-Door Car,41
VH66357,California,M,College,0,39646,70,0,Personal Auto,Four-Door Car,279
IM30965,Oregon,M,High School or Below,0,71868,65,0,Corporate Auto,Four-Door Car,312
TQ37204,Oregon,F,High School or Below,0,59107,107,0,Personal Auto,SUV,480
NN54114,Arizona,M,Bachelor,0,0,70,0,Personal Auto,Four-Door Car,504
BI27443,Arizona,F,College,0,36428,124,0,Personal Auto,SUV,559
WL86517,Nevada,F,Doctor,0,93284,99,0,Personal Auto,Two-Door Car,475
HW40931,Oregon,F,College,0,34612,91,0,Special Auto,Four-Door Car,655
NN44758,Arizona,F,High School or Below,0,76157,116,0,Personal Auto,Two-Door Car,556
NQ18750,Oregon,M,College,0,0,106,0,Personal Auto,Two-Door Car,763
GC34791,Nevada,M,High School or Below,0,17109,62,0,Personal Auto,Two-Door Car,297
SY22123,California,F,College,0,29539,85,0,Personal Auto,Four-Door Car,408
DY17416,Oregon,M,College,0,49539,79,0,Personal Auto,Two-Door Car,286
KE57057,California,F,High School or Below,0,0,66,0,Corporate Auto,Four-Door Car,475
AT24793,Oregon,M,College,0,25352,173,0,Special Auto,Sports Car,830
SL71998,Oregon,M,College,0,63223,71,0,Personal Auto,Two-Door Car,397
AP66226,Nevada,M,Bachelor,0,18505,66,0,Personal Auto,Four-Door Car,316
HI91534,California,F,College,0,91485,114,0,Personal Auto,SUV,392
TK61994,Oregon,F,College,0,18690,80,0,Personal Auto,Four-Door Car,18
CW35098,Washington,M,College,0,0,91,0,Personal Auto,Two-Door Car,655
WX30852,Arizona,F,Bachelor,0,69819,66,0,Personal Auto,Four-Door Car,21
SK69036,California,M,Bachelor,0,25708,118,0,Personal Auto,Four-Door Car,566
YI79084,Nevada,M,Doctor,0,33738,95,0,Personal Auto,Two-Door Car,541
KF46546,Arizona,F,Bachelor,0,75845,72,0,Personal Auto,Four-Door Car,73
GA71186,Nevada,M,High School or Below,0,83392,112,0,Personal Auto,SUV,523
KL65897,California,F,Bachelor,0,0,87,0,Personal Auto,Two-Door Car,94
CF15086,California,M,College,0,76375,96,0,Personal Auto,Four-Door Car,138
HG40729,Oregon,M,College,0,0,114,0,Personal Auto,Four-Door Car,820
VP55618,California,M,College,0,32330,79,0,Corporate Auto,Four-Door Car,379
ZL23478,California,F,Bachelor,0,85689,92,0,Corporate Auto,Four-Door Car,237
EY75197,Arizona,F,Bachelor,0,0,158,0,Personal Auto,SUV,1137
SF11920,Arizona,F,College,0,39507,70,0,Corporate Auto,Two-Door Car,283
DY57308,California,F,Bachelor,0,22373,112,0,Personal Auto,SUV,419
HP73832,California,F,College,0,20217,96,0,Personal Auto,Four-Door Car,513
WP58797,Oregon,M,Bachelor,0,19245,106,0,Personal Auto,SUV,508
ZM33786,Arizona,F,High School or Below,0,17774,108,0,Personal Auto,SUV,116
LY19199,Oregon,M,Bachelor,0,80355,62,0,Corporate Auto,Two-Door Car,83
IX60436,Arizona,M,Bachelor,0,65099,73,0,Special Auto,Four-Door Car,350
UK29448,Oregon,M,Bachelor,0,0,73,0,Personal Auto,Two-Door Car,525
QA49556,Washington,M,Master,0,23401,66,0,Personal Auto,Four-Door Car,316
ST78006,Oregon,F,High School or Below,0,0,63,0,Personal Auto,Four-Door Car,139
KD63903,Arizona,M,College,0,0,118,0,Personal Auto,SUV,566
GV62858,California,F,Bachelor,0,38692,102,0,Personal Auto,Four-Door Car,502
DN66715,California,F,Master,0,97131,64,0,Personal Auto,Four-Door Car,307
LU30834,Oregon,F,Bachelor,0,78046,119,0,Personal Auto,SUV,759
HN35280,Arizona,M,Bachelor,0,82225,61,0,Personal Auto,Two-Door Car,292
DG21323,California,F,High School or Below,0,0,64,0,Personal Auto,Four-Door Car,607
KD16729,Nevada,M,College,0,21144,86,0,Personal Auto,Two-Door Car,391
WO17738,Oregon,F,High School or Below,0,36645,112,0,Corporate Auto,Four-Door Car,614
VB22338,Nevada,M,High School or Below,0,31842,108,0,Special Auto,SUV,406
JU66696,California,F,Master,0,0,131,0,Corporate Auto,Sports Car,628
AE60813,Oregon,F,College,0,75090,63,0,Personal Auto,Four-Door Car,101
AS99827,Oregon,F,Bachelor,0,0,62,0,Personal Auto,Four-Door Car,567
XQ80738,Oregon,F,High School or Below,0,72014,72,0,Personal Auto,Four-Door Car,188
KX82226,Arizona,M,High School or Below,0,13512,92,0,Personal Auto,Two-Door Car,441
MA43940,Oregon,M,High School or Below,0,75909,117,0,Special Auto,Sports Car,561
JL93248,Oregon,F,High School or Below,0,18884,64,0,Personal Auto,Four-Door Car,307
PY98628,Arizona,M,High School or Below,0,0,79,0,Personal Auto,Two-Door Car,407
GX32768,Oregon,F,Bachelor,0,0,74,0,Corporate Auto,Four-Door Car,807
AM89558,Nevada,M,College,0,26802,66,0,Corporate Auto,Two-Door Car,316
EL41362,California,F,College,0,99839,66,0,Personal Auto,Four-Door Car,468
XK91603,California,F,College,0,24186,64,0,Personal Auto,Four-Door Car,307
MG77033,California,M,College,0,46971,69,0,Corporate Auto,Four-Door Car,120
OM70085,Oregon,F,Bachelor,0,0,83,0,Personal Auto,Four-Door Car,483
NB57112,Oregon,F,Bachelor,0,0,117,0,Personal Auto,Sports Car,842
WH60140,Arizona,M,Bachelor,0,0,69,0,Personal Auto,Two-Door Car,496
FV92759,Oregon,F,College,0,0,66,0,Personal Auto,Four-Door Car,316
YW85018,Nevada,M,Bachelor,0,26790,71,0,Personal Auto,Two-Door Car,340
BY84257,Arizona,M,College,0,0,71,0,Special Auto,Four-Door Car,747
JT69863,Arizona,M,Bachelor,0,16258,64,0,Personal Auto,Two-Door Car,307
OE15600,California,M,College,0,91169,65,0,Personal Auto,Two-Door Car,139
BU81591,California,M,College,0,0,90,0,Corporate Auto,Four-Door Car,432
XL44677,California,M,Bachelor,0,25905,63,0,Personal Auto,Four-Door Car,302
No73821,Oregon,M,High School or Below,0,44577,131,0,Personal Auto,SUV,640
VJ24328,Oregon,M,High School or Below,0,53021,68,0,Personal Auto,Four-Door Car,326
XW63353,Oregon,M,High School or Below,0,56980,84,0,Personal Auto,Two-Door Car,599
JZ31045,California,F,College,0,97719,67,0,Personal Auto,Four-Door Car,318
UM27359,Arizona,M,Bachelor,0,49530,63,0,Personal Auto,Four-Door Car,278
ND71187,Arizona,M,Master,0,56233,79,0,Corporate Auto,Four-Door Car,558
YR63096,Nevada,F,High School or Below,0,79140,74,0,Corporate Auto,Four-Door Car,487
SN21895,Arizona,F,Bachelor,0,13088,82,0,Personal Auto,Four-Door Car,393
FY90924,Arizona,F,High School or Below,0,73601,73,0,Personal Auto,Four-Door Car,339
CN30964,California,F,Bachelor,0,31517,84,0,Personal Auto,Two-Door Car,604
BN14307,Oregon,M,College,0,0,69,0,Personal Auto,Two-Door Car,549
XG35514,California,M,High School or Below,0,0,69,0,Personal Auto,Four-Door Car,496
RL28918,California,M,High School or Below,0,42148,104,0,Personal Auto,SUV,366
SR74929,Oregon,F,High School or Below,0,0,133,0,Personal Auto,SUV,1443
HK93338,Washington,F,High School or Below,0,23769,69,0,Personal Auto,Four-Door Car,470
QR53727,Arizona,F,High School or Below,0,0,109,0,Personal Auto,SUV,523
SQ35375,Oregon,F,Doctor,0,22241,63,0,Personal Auto,Four-Door Car,343
UD77728,Arizona,F,Bachelor,0,23550,72,0,Personal Auto,Four-Door Car,222
GP13187,California,F,Master,0,0,190,0,Personal Auto,Luxury Car,1368
AQ70619,California,M,High School or Below,0,71024,65,0,Corporate Auto,Four-Door Car,266
IP65887,Oregon,F,Bachelor,0,71644,105,0,Corporate Auto,SUV,504
KS98084,California,F,Master,0,50363,63,0,Personal Auto,Four-Door Car,12
QU55718,California,F,Bachelor,0,92914,136,0,Personal Auto,Sports Car,979
TS31417,Washington,M,College,0,16645,117,0,Personal Auto,SUV,696
QG83213,California,M,College,0,0,94,0,Personal Auto,Four-Door Car,451
SA40041,Washington,F,Bachelor,0,22814,73,0,Personal Auto,Four-Door Car,360
MC36247,Oregon,M,Bachelor,0,22828,106,0,Personal Auto,SUV,508
FO13070,California,M,High School or Below,0,51066,74,0,Personal Auto,Four-Door Car,787
VL97142,Oregon,M,College,0,68507,110,0,Personal Auto,SUV,140
CI57475,Arizona,F,College,0,0,87,0,Personal Auto,Four-Door Car,626
KJ19260,Arizona,M,College,0,37929,61,0,Corporate Auto,Four-Door Car,120
GN93462,California,M,Bachelor,0,89285,81,0,Personal Auto,Four-Door Car,109
QB86817,Oregon,F,High School or Below,0,98235,93,0,Personal Auto,Four-Door Car,377
AZ68072,Oregon,F,Bachelor,0,23650,61,0,Personal Auto,Four-Door Car,14
MZ43298,California,F,Bachelor,0,90167,131,0,Corporate Auto,SUV,523
KS12490,Oregon,M,High School or Below,0,64669,131,0,Personal Auto,Sports Car,628
TL18087,Washington,M,Bachelor,0,65083,77,0,Personal Auto,Four-Door Car,369
ZT18953,Oregon,F,Bachelor,0,0,109,0,Corporate Auto,SUV,523
EF13716,Oregon,M,College,0,60462,68,0,Personal Auto,Four-Door Car,216
RN87402,California,F,College,0,0,69,0,Corporate Auto,Four-Door Car,454
RJ40995,Arizona,M,Doctor,0,36631,62,0,Personal Auto,Four-Door Car,67
GB47529,Oregon,F,High School or Below,0,40308,136,0,Corporate Auto,Sports Car,652
MB63131,Oregon,F,Bachelor,0,0,64,0,Corporate Auto,Four-Door Car,307
KN57002,Arizona,M,Bachelor,0,0,130,0,Corporate Auto,SUV,936
DR68556,Oregon,M,High School or Below,0,85067,65,0,Personal Auto,Four-Door Car,256
CS70768,California,F,High School or Below,0,0,64,0,Personal Auto,Four-Door Car,460
XY33610,Washington,M,College,0,97750,65,0,Personal Auto,Four-Door Car,303
LO17953,Oregon,F,Doctor,0,38704,65,0,Personal Auto,Four-Door Car,9
LZ35469,California,F,Bachelor,0,76731,64,0,Personal Auto,Four-Door Car,201
BM27144,California,F,College,0,57446,64,0,Personal Auto,Four-Door Car,77
EA14700,California,M,Bachelor,0,0,73,0,Personal Auto,Two-Door Car,525
FQ70521,California,F,High School or Below,0,96768,111,0,Personal Auto,Four-Door Car,2
OA99158,California,M,Bachelor,0,0,65,0,Corporate Auto,Two-Door Car,312
YS84064,Arizona,M,Bachelor,0,0,180,0,Corporate Auto,SUV,1296
YD45065,Oregon,F,College,0,0,118,0,Personal Auto,SUV,566
OC88207,California,M,Master,0,77265,69,0,Special Auto,Two-Door Car,170
IL47644,Oregon,F,High School or Below,0,48736,111,0,Personal Auto,SUV,285
CW27031,Washington,F,High School or Below,0,0,126,0,Corporate Auto,SUV,907
XX44146,California,F,High School or Below,0,0,89,0,Personal Auto,Two-Door Car,640
LH26131,Nevada,F,High School or Below,0,0,108,0,Personal Auto,Two-Door Car,1099
HU94030,Arizona,F,High School or Below,0,46667,129,0,Corporate Auto,SUV,59
GP39118,Washington,M,High School or Below,0,71600,63,0,Personal Auto,Two-Door Car,46
QL80658,Arizona,M,High School or Below,0,84229,98,0,Personal Auto,Four-Door Car,470
LU63980,Nevada,M,College,0,0,62,0,Personal Auto,Two-Door Car,297
HQ41200,Oregon,F,College,0,26118,101,0,Personal Auto,Four-Door Car,484
DZ81394,Oregon,F,High School or Below,0,0,118,0,Personal Auto,SUV,1380
IN41344,Washington,M,College,0,24049,74,0,Personal Auto,Four-Door Car,491
QJ22615,Arizona,F,Master,0,37998,61,0,Special Auto,Four-Door Car,292
FJ24418,Arizona,F,Doctor,0,0,95,0,Personal Auto,Four-Door Car,456
JR45097,Oregon,M,College,0,0,184,0,Personal Auto,Luxury SUV,1394
DT82702,Arizona,F,College,0,0,66,0,Personal Auto,Four-Door Car,316
ME87834,Oregon,M,Bachelor,0,62396,107,0,Personal Auto,SUV,693
DB91647,California,M,College,0,99239,74,0,Personal Auto,Four-Door Car,379
UM44109,Oregon,M,College,0,94303,65,0,Personal Auto,Four-Door Car,149
RT22532,Arizona,M,Bachelor,0,18375,103,0,Personal Auto,Sports Car,535
DU60004,Nevada,F,College,0,76769,88,0,Corporate Auto,Four-Door Car,170
XR17548,Oregon,M,High School or Below,0,78735,63,0,Personal Auto,Four-Door Car,225
VR14881,Oregon,M,Bachelor,0,0,130,0,Personal Auto,Sports Car,624
FS81127,California,F,Bachelor,0,0,67,0,Corporate Auto,Four-Door Car,426
VD19899,California,F,Doctor,0,50494,114,0,Personal Auto,Two-Door Car,491
SP93911,California,F,High School or Below,0,86721,110,0,Corporate Auto,Two-Door Car,372
GH49378,California,F,Bachelor,0,67371,63,0,Personal Auto,Four-Door Car,86
MZ30958,Nevada,M,High School or Below,0,21835,90,0,Corporate Auto,Two-Door Car,432
FU55433,Arizona,M,High School or Below,0,62452,67,0,Corporate Auto,Two-Door Car,407
SZ14518,California,F,College,0,0,72,0,Personal Auto,Four-Door Car,518
XI58886,California,M,High School or Below,0,69809,70,0,Personal Auto,Two-Door Car,111
NL17031,Washington,M,High School or Below,0,0,84,0,Personal Auto,Two-Door Car,604
OB32861,Nevada,M,High School or Below,0,0,84,0,Special Auto,Two-Door Car,403
AZ84403,Oregon,F,College,0,0,238,0,Personal Auto,Luxury SUV,1142
PU34934,Arizona,F,College,0,22601,88,0,Personal Auto,Four-Door Car,633
WX87964,Washington,M,High School or Below,0,29560,62,0,Personal Auto,Four-Door Car,297
VI12468,Oregon,F,Bachelor,0,0,133,0,Personal Auto,SUV,532
RC44077,California,M,Bachelor,0,26790,71,0,Personal Auto,Two-Door Car,340
ZQ48144,California,F,Bachelor,0,34986,91,0,Corporate Auto,Four-Door Car,73
MA83261,Arizona,M,High School or Below,0,66378,71,0,Corporate Auto,Two-Door Car,158
ER63193,California,F,High School or Below,0,48784,96,0,Corporate Auto,Four-Door Car,252
XZ34917,Washington,M,Bachelor,0,41043,72,0,Personal Auto,Four-Door Car,345
WH36754,Oregon,F,College,0,32775,61,0,Personal Auto,Four-Door Car,251
ZG90341,Oregon,M,Bachelor,0,61200,118,0,Personal Auto,Four-Door Car,566
KR82385,California,M,Master,0,66334,69,0,Personal Auto,Two-Door Car,331
MC48570,Arizona,F,Doctor,0,18661,62,0,Personal Auto,Two-Door Car,196
MP13698,Oregon,F,College,0,0,111,0,Personal Auto,Two-Door Car,532
JE84351,Oregon,M,Bachelor,0,53133,91,0,Personal Auto,Two-Door Car,652
BU72276,California,F,Bachelor,0,25134,67,0,Personal Auto,Four-Door Car,321
DC78147,Arizona,M,College,0,0,126,0,Personal Auto,SUV,604
DB17162,Arizona,M,High School or Below,0,64324,67,0,Personal Auto,Four-Door Car,321
TG97744,Oregon,F,Bachelor,0,25820,82,0,Corporate Auto,Four-Door Car,393
QT26393,California,M,Bachelor,0,29152,67,0,Personal Auto,Two-Door Car,255
UG49716,Washington,F,College,0,0,114,0,Personal Auto,Sports Car,1182
HF11584,Arizona,M,Master,0,62448,107,0,Personal Auto,SUV,513
MS87381,California,F,High School or Below,0,0,81,0,Personal Auto,Four-Door Car,388
YU79270,Arizona,M,College,0,27132,63,0,Personal Auto,Four-Door Car,302
HU81007,Oregon,F,Bachelor,0,21706,108,0,Personal Auto,SUV,518
XH53960,Arizona,F,Bachelor,0,0,61,0,Personal Auto,Four-Door Car,439
MM62953,Arizona,M,High School or Below,0,66620,70,0,Personal Auto,Four-Door Car,336
DA74095,Arizona,F,Bachelor,0,42800,153,0,Personal Auto,Sports Car,734
QD46343,Arizona,F,High School or Below,0,66676,97,0,Personal Auto,Four-Door Car,558
FR17176,Arizona,F,High School or Below,0,0,68,0,Personal Auto,Four-Door Car,326
WY26014,California,F,High School or Below,0,37433,90,0,Personal Auto,Four-Door Car,410
RY32848,Oregon,M,Doctor,0,44930,132,0,Personal Auto,SUV,111
JG83987,Arizona,F,Bachelor,0,30857,81,0,Personal Auto,Two-Door Car,309
MQ48266,Arizona,F,Bachelor,0,46507,73,0,Personal Auto,Two-Door Car,325
EA68909,California,M,Bachelor,0,48473,63,0,Personal Auto,Four-Door Car,302
KP51068,Oregon,M,Bachelor,0,59961,68,0,Personal Auto,Four-Door Car,291
CM78608,California,F,High School or Below,0,88359,73,0,Personal Auto,Two-Door Car,35
TZ11597,California,M,College,0,97607,71,0,Personal Auto,Two-Door Car,60
GS76685,California,M,High School or Below,0,20228,101,0,Corporate Auto,SUV,523
BR40272,California,M,College,0,49009,105,0,Personal Auto,Four-Door Car,504
FX36546,Washington,M,Master,0,60804,92,0,Personal Auto,Four-Door Car,213
FY31714,Oregon,M,Bachelor,0,78374,82,0,Personal Auto,Four-Door Car,206
GL99349,California,M,High School or Below,0,95621,66,0,Personal Auto,Two-Door Car,351
HH49391,Oregon,M,High School or Below,0,15741,132,0,Special Auto,SUV,633
WG26617,Oregon,M,Bachelor,0,38279,82,0,Personal Auto,Two-Door Car,64
JL97265,Oregon,M,Master,0,0,61,0,Personal Auto,Four-Door Car,292
QQ25666,Arizona,M,High School or Below,0,60120,182,0,Personal Auto,Luxury Car,716
VE72838,Arizona,F,High School or Below,0,59207,116,0,Personal Auto,Four-Door Car,556
ZN27809,Oregon,F,College,0,0,116,0,Personal Auto,SUV,820
IZ71030,California,F,College,0,69446,64,0,Personal Auto,Four-Door Car,26
LU79958,Washington,F,Bachelor,0,0,73,0,Personal Auto,Four-Door Car,801
KT30737,California,M,College,0,0,119,0,Corporate Auto,SUV,856
IU32539,California,F,Bachelor,0,50886,95,0,Personal Auto,Two-Door Car,620
UI73924,Oregon,F,Bachelor,0,55257,64,0,Personal Auto,Two-Door Car,209
RZ89359,California,F,College,0,61883,62,0,Personal Auto,Four-Door Car,18
CE21829,Oregon,M,College,0,37233,136,0,Personal Auto,SUV,242
BU17847,Arizona,M,Master,0,37722,116,0,Personal Auto,Sports Car,158
XA63646,California,F,Master,0,81883,114,0,Personal Auto,Four-Door Car,376
EA40332,Oregon,M,Bachelor,0,35822,197,0,Personal Auto,SUV,1404
KB75939,Oregon,F,Bachelor,0,23059,126,0,Corporate Auto,Sports Car,95
PR98117,Oregon,F,Bachelor,0,97666,66,0,Personal Auto,Four-Door Car,136
ZE62067,Arizona,M,Master,0,26057,74,0,Corporate Auto,Four-Door Car,523
AU45793,Arizona,M,Doctor,0,30817,88,0,Corporate Auto,Four-Door Car,91
RE29131,Oregon,F,College,0,75648,108,0,Personal Auto,SUV,112
FZ19620,Oregon,M,High School or Below,0,0,96,0,Corporate Auto,Four-Door Car,1120
HM93220,Arizona,F,High School or Below,0,25852,135,0,Personal Auto,Sports Car,648
BO94261,Arizona,M,Doctor,0,0,68,0,Personal Auto,Four-Door Car,100
TC18805,Washington,M,Bachelor,0,13207,137,0,Personal Auto,SUV,392
UQ24268,Oregon,F,High School or Below,0,0,82,0,Personal Auto,Four-Door Car,393
NF25863,Nevada,M,High School or Below,0,32150,98,0,Personal Auto,Two-Door Car,470
FD98839,Oregon,M,College,0,52674,73,0,Personal Auto,Two-Door Car,166
FN99437,California,M,College,0,91653,111,0,Corporate Auto,SUV,343
DZ35379,Arizona,F,High School or Below,0,69512,72,0,Personal Auto,Two-Door Car,196
IA67715,California,F,High School or Below,0,67332,192,0,Personal Auto,Luxury Car,921
JG61793,Washington,M,High School or Below,0,0,98,0,Personal Auto,Four-Door Car,705
CR41258,Nevada,M,College,0,53304,65,0,Personal Auto,Four-Door Car,116
BE75190,California,M,College,0,28754,89,0,Corporate Auto,Four-Door Car,427
EW16697,Arizona,F,High School or Below,0,50201,64,0,Personal Auto,Two-Door Car,99
HI60054,California,F,Bachelor,0,51593,80,0,Personal Auto,Two-Door Car,202
MU57098,Oregon,F,Bachelor,0,0,76,0,Personal Auto,Four-Door Car,364
WB21698,California,F,High School or Below,0,31974,92,0,Personal Auto,Four-Door Car,388
MU75490,Oregon,M,Bachelor,0,31756,107,0,Corporate Auto,SUV,415
UA44429,California,F,College,0,0,68,0,Personal Auto,Four-Door Car,326
PP64004,Nevada,F,Bachelor,0,20369,105,0,Personal Auto,SUV,1126
FI77477,Washington,M,College,0,0,126,0,Personal Auto,SUV,907
NT40494,California,F,High School or Below,0,66933,63,0,Personal Auto,Four-Door Car,160
YM98727,California,F,High School or Below,0,39843,109,0,Personal Auto,Four-Door Car,523
NT77164,Arizona,M,Doctor,0,16686,71,0,Personal Auto,Four-Door Car,125
IL91509,Oregon,F,Bachelor,0,0,190,0,Special Auto,Luxury Car,1398
PS47550,California,F,High School or Below,0,80237,108,0,Personal Auto,SUV,776
PK66498,California,M,High School or Below,0,72897,73,0,Personal Auto,Two-Door Car,507
NG93751,California,M,Bachelor,0,46435,82,0,Corporate Auto,Two-Door Car,350
KL84615,Arizona,M,High School or Below,0,0,68,0,Personal Auto,Four-Door Car,469
AP27994,Oregon,F,High School or Below,0,23124,112,0,Special Auto,Sports Car,537
TP20456,Arizona,M,High School or Below,0,45310,229,0,Personal Auto,Luxury SUV,1550
OB21477,Oregon,M,College,0,53437,91,0,Personal Auto,Two-Door Car,436
LH80781,Washington,F,College,0,0,73,0,Personal Auto,Four-Door Car,655
UU70820,Arizona,F,College,0,27880,74,0,Personal Auto,Four-Door Car,199
ER66372,California,F,Bachelor,0,45963,63,0,Personal Auto,Four-Door Car,302
XD81935,Oregon,F,Bachelor,0,35625,65,0,Personal Auto,Four-Door Car,288
AT30076,Nevada,F,High School or Below,0,31727,92,0,Personal Auto,Four-Door Car,495
EW34576,Arizona,F,High School or Below,0,53071,72,0,Corporate Auto,Four-Door Car,386
XC14741,California,M,High School or Below,0,97735,73,0,Corporate Auto,Four-Door Car,188
PG84165,California,M,High School or Below,0,0,77,0,Personal Auto,Four-Door Car,554
CN16311,Oregon,F,Master,0,52218,68,0,Corporate Auto,Four-Door Car,33
TZ19823,California,F,Bachelor,0,25820,82,0,Personal Auto,Four-Door Car,393
NC34154,California,F,High School or Below,0,17950,71,0,Special Auto,Two-Door Car,340
LQ50657,Arizona,F,High School or Below,0,82477,90,0,Personal Auto,Two-Door Car,432
JL16084,Arizona,F,College,0,0,95,0,Personal Auto,Four-Door Car,564
CJ81391,Oregon,M,College,0,64801,64,0,Personal Auto,Four-Door Car,268
WQ89892,Washington,F,College,0,0,70,0,Special Auto,Two-Door Car,336
JW70372,Arizona,F,Doctor,0,61233,89,0,Personal Auto,Four-Door Car,181
AW17574,Nevada,F,Bachelor,0,0,129,0,Corporate Auto,SUV,628
GL66847,Arizona,F,Bachelor,0,62902,69,0,Personal Auto,Two-Door Car,159
DC62428,Arizona,M,High School or Below,0,20244,65,0,Personal Auto,Four-Door Car,312
KR54589,California,F,High School or Below,0,86812,73,0,Personal Auto,Four-Door Car,45
BC47264,California,F,College,0,62192,98,0,Special Auto,Two-Door Car,243
SN58128,Oregon,F,College,0,34948,130,0,Personal Auto,SUV,443
TD97297,Oregon,M,Bachelor,0,35456,109,0,Personal Auto,Sports Car,505
TK13024,Oregon,M,College,0,80640,111,0,Personal Auto,SUV,313
LR97507,Arizona,M,High School or Below,0,0,74,0,Corporate Auto,Four-Door Car,663
KC14861,Oregon,M,High School or Below,0,91193,185,0,Personal Auto,Luxury SUV,1
DC37886,Arizona,F,High School or Below,0,73692,67,0,Personal Auto,Two-Door Car,24
SP56326,Arizona,F,High School or Below,0,12195,101,0,Personal Auto,Four-Door Car,670
OQ99704,Washington,F,Bachelor,0,52801,100,0,Personal Auto,SUV,475
GQ92754,Nevada,M,College,0,0,87,0,Personal Auto,Four-Door Car,417
DX28320,California,F,High School or Below,0,0,72,0,Personal Auto,Four-Door Car,594
BM83544,Arizona,F,Bachelor,0,0,108,0,Personal Auto,SUV,518
YB96664,Washington,M,Bachelor,0,75644,65,0,Corporate Auto,Two-Door Car,467
RO90746,California,F,High School or Below,0,60192,220,0,Personal Auto,Luxury Car,1056
UV46349,Oregon,F,Bachelor,0,0,90,0,Personal Auto,Four-Door Car,134
MY32188,Oregon,M,Bachelor,0,0,74,0,Corporate Auto,Two-Door Car,355
OV87950,California,M,College,0,29242,73,0,Personal Auto,Two-Door Car,350
ZG82132,Oregon,F,Bachelor,0,69379,103,0,Personal Auto,Two-Door Car,494
LZ31103,Oregon,F,College,0,63860,62,0,Personal Auto,Four-Door Car,208
HO79663,Arizona,F,Doctor,0,45281,104,0,Personal Auto,Sports Car,65
RS57109,Arizona,F,Bachelor,0,51193,104,0,Personal Auto,Two-Door Car,97
NA21420,Oregon,F,Bachelor,0,62074,67,0,Corporate Auto,Four-Door Car,49
MY98825,California,F,Bachelor,0,64304,68,0,Corporate Auto,Two-Door Car,65
VW73816,Oregon,M,Bachelor,0,73795,116,0,Personal Auto,SUV,501
FN66189,Oregon,F,College,0,84376,96,0,Personal Auto,Four-Door Car,43
HU75748,Arizona,F,High School or Below,0,0,66,0,Personal Auto,Two-Door Car,470
OS11465,Oregon,M,High School or Below,0,79153,106,0,Special Auto,SUV,508
UY61913,Oregon,M,College,0,17950,118,0,Personal Auto,SUV,425
OD70577,Arizona,F,College,0,0,80,0,Personal Auto,Two-Door Car,962
DC91024,Oregon,M,Bachelor,0,0,69,0,Personal Auto,Two-Door Car,331
VQ67172,Oregon,F,College,0,0,72,0,Corporate Auto,Four-Door Car,622
MF23895,Arizona,F,College,0,58139,65,0,Corporate Auto,Four-Door Car,33
AA10041,California,M,High School or Below,0,0,113,0,Personal Auto,SUV,1258
DV36320,California,F,High School or Below,0,80991,223,0,Personal Auto,Luxury SUV,937
UE72026,California,F,College,0,69678,126,0,Personal Auto,Sports Car,306
SE78641,Arizona,M,Bachelor,0,0,67,0,Personal Auto,Two-Door Car,577
YC69616,Arizona,F,College,0,14030,72,0,Personal Auto,Two-Door Car,345
SM10254,Oregon,F,Bachelor,0,13037,124,0,Personal Auto,SUV,839
AG45299,California,M,College,0,76763,108,0,Personal Auto,SUV,186
KS45476,Washington,F,High School or Below,0,50461,131,0,Personal Auto,Sports Car,810
No69427,California,M,High School or Below,0,69604,70,0,Corporate Auto,Four-Door Car,112
BA52133,California,M,Master,0,22908,68,0,Personal Auto,Four-Door Car,387
WT59944,California,F,College,0,68273,146,0,Personal Auto,Sports Car,76
XV30885,California,M,College,0,95550,116,0,Personal Auto,SUV,381
LU79865,Nevada,M,Bachelor,0,88370,74,0,Personal Auto,Four-Door Car,355
BL29046,Oregon,F,Doctor,0,68931,66,0,Corporate Auto,Four-Door Car,309
AM34581,Oregon,F,Bachelor,0,24432,87,0,Corporate Auto,Two-Door Car,71
YN75239,Oregon,M,College,0,77577,199,0,Personal Auto,Luxury SUV,35
OJ84485,California,M,High School or Below,0,12607,110,0,Personal Auto,SUV,528
JA12995,Oregon,F,College,0,0,63,0,Personal Auto,Four-Door Car,302
OD85990,Oregon,F,Bachelor,0,23474,102,0,Corporate Auto,SUV,489
NZ57264,California,M,Bachelor,0,0,113,0,Personal Auto,SUV,813
OL39995,Oregon,M,Bachelor,0,0,65,0,Personal Auto,Four-Door Car,360
LK51620,California,M,High School or Below,0,98478,106,0,Corporate Auto,Four-Door Car,508
ZB91993,Arizona,M,College,0,23091,96,0,Personal Auto,Four-Door Car,460
SZ60342,Arizona,M,College,0,51071,65,0,Personal Auto,Two-Door Car,312
WE80653,Oregon,F,Bachelor,0,0,103,0,Personal Auto,SUV,2
EE28119,Arizona,F,Bachelor,0,69921,118,0,Personal Auto,Two-Door Car,373
GA49547,Washington,M,High School or Below,0,36357,68,0,Personal Auto,Four-Door Car,17
BA92673,Oregon,F,High School or Below,0,0,63,0,Personal Auto,Four-Door Car,40
PT70350,Oregon,M,High School or Below,0,27607,104,0,Corporate Auto,Four-Door Car,640
KL29678,Oregon,F,Master,0,43610,106,0,Personal Auto,Sports Car,508
HL84679,Oregon,F,Bachelor,0,0,91,0,Personal Auto,Four-Door Car,436
GH94657,California,M,Bachelor,0,14660,61,0,Personal Auto,Four-Door Car,396
EZ71780,Arizona,F,High School or Below,0,26864,78,0,Special Auto,Four-Door Car,374
BW76745,Oregon,M,Doctor,0,36631,62,0,Personal Auto,Four-Door Car,67
TN64240,California,F,Bachelor,0,42582,99,0,Corporate Auto,Four-Door Car,629
AE23906,Arizona,M,College,0,37256,62,0,Personal Auto,Four-Door Car,128
CX20455,Arizona,M,College,0,0,102,0,Corporate Auto,SUV,489
KX18446,Washington,M,High School or Below,0,56980,84,0,Corporate Auto,Two-Door Car,599
NR66922,Oregon,M,Master,0,98254,94,0,Corporate Auto,Four-Door Car,229
PQ27923,Washington,M,Master,0,71737,79,0,Personal Auto,Two-Door Car,338
No81415,Arizona,M,Bachelor,0,31177,79,0,Personal Auto,Four-Door Car,905
OI48534,California,F,High School or Below,0,98338,65,0,Personal Auto,Four-Door Car,35
FH83537,California,F,High School or Below,0,0,106,0,Personal Auto,Sports Car,879
VH94792,California,F,Bachelor,0,0,65,0,Special Auto,Four-Door Car,312
VD37089,Washington,M,College,0,29938,90,0,Corporate Auto,Four-Door Car,562
UW68708,California,F,Bachelor,0,0,69,0,Personal Auto,Four-Door Car,496
PV39600,California,M,Bachelor,0,24285,111,0,Personal Auto,Two-Door Car,1257
ZD42919,California,M,Master,0,32983,113,0,Personal Auto,SUV,466
ZX68434,California,F,Doctor,0,0,134,0,Personal Auto,SUV,643
CH81088,Oregon,F,Bachelor,0,71333,93,0,Personal Auto,Four-Door Car,343
SV68939,Arizona,F,Master,0,33157,124,0,Personal Auto,SUV,286
WI81695,Oregon,F,College,0,0,91,0,Personal Auto,Four-Door Car,436
OU50429,California,M,Bachelor,0,36580,64,0,Personal Auto,Four-Door Car,460
TE44937,Oregon,F,High School or Below,0,11432,119,0,Personal Auto,SUV,571
GC29421,California,F,High School or Below,0,78596,73,0,Personal Auto,Four-Door Car,106
RF71693,Arizona,F,Bachelor,0,35143,65,0,Corporate Auto,Four-Door Car,171
JZ22920,Arizona,M,Master,0,29606,81,0,Personal Auto,Four-Door Car,438
ZL68596,Arizona,M,Master,0,53228,73,0,Special Auto,Four-Door Car,137
GV91160,Oregon,F,High School or Below,0,10312,78,0,Personal Auto,Four-Door Car,486
PC80039,Oregon,F,Bachelor,0,19864,63,0,Personal Auto,Four-Door Car,352
RH72839,Nevada,F,High School or Below,0,76157,116,0,Personal Auto,Two-Door Car,556
SV15363,California,M,High School or Below,0,44368,80,0,Personal Auto,Two-Door Car,384
CN17219,Oregon,M,College,0,27961,72,0,Personal Auto,Two-Door Car,345
ZM84839,California,F,College,0,92777,68,0,Personal Auto,Two-Door Car,158
ZO31878,Oregon,F,Master,0,55992,67,0,Personal Auto,Four-Door Car,191
BU70181,Arizona,M,Master,0,88997,72,0,Personal Auto,Four-Door Car,174
RN20799,Arizona,F,High School or Below,0,21926,63,0,Personal Auto,Four-Door Car,302
VF58561,Oregon,F,Bachelor,0,82413,62,0,Personal Auto,Four-Door Car,297
HU26687,California,M,Bachelor,0,48008,73,0,Personal Auto,Four-Door Car,137
VT84289,California,F,College,0,87796,74,0,Personal Auto,Four-Door Car,355
ZG17326,Oregon,M,Bachelor,0,38928,64,0,Personal Auto,Four-Door Car,326
ZR84007,Arizona,M,Bachelor,0,58779,64,0,Personal Auto,Four-Door Car,307
WM17695,Washington,F,Doctor,0,98912,135,0,Personal Auto,SUV,714
YR76491,Oregon,F,College,0,0,137,0,Personal Auto,SUV,32
NY93341,Arizona,F,High School or Below,0,33882,114,0,Personal Auto,SUV,272
BC87161,Oregon,M,Bachelor,0,92296,69,0,Personal Auto,Two-Door Car,331
PW23851,Oregon,F,Bachelor,0,63287,127,0,Personal Auto,SUV,617
UM73815,Arizona,F,High School or Below,0,74871,178,0,Personal Auto,SUV,854
HW19506,Arizona,F,High School or Below,0,37995,139,0,Personal Auto,SUV,667
JF90784,California,F,High School or Below,0,0,139,0,Personal Auto,SUV,1389
OW15518,Washington,F,College,0,0,87,0,Personal Auto,Two-Door Car,46
BR28896,Nevada,M,High School or Below,0,64706,81,0,Personal Auto,Two-Door Car,372
PD32943,Oregon,M,Bachelor,0,0,64,0,Personal Auto,Four-Door Car,307
GM83516,Arizona,M,College,0,29500,67,0,Corporate Auto,Four-Door Car,321
BK15048,Arizona,M,College,0,0,69,0,Personal Auto,Four-Door Car,496
RA27021,Nevada,F,Bachelor,0,26410,91,0,Corporate Auto,Four-Door Car,184
JW15941,California,M,Master,0,97832,95,0,Personal Auto,Two-Door Car,107
GP20408,Oregon,F,College,0,94903,94,0,Personal Auto,Two-Door Car,451
AM57175,Oregon,F,High School or Below,0,62473,76,0,Personal Auto,Four-Door Car,507
RI40862,Nevada,M,College,0,85704,69,0,Personal Auto,Four-Door Car,325
EY86980,Oregon,M,Bachelor,0,74270,78,0,Corporate Auto,Two-Door Car,122
FG24850,Oregon,F,Master,0,22886,65,0,Personal Auto,Four-Door Car,312
JB39997,California,F,College,0,36464,78,0,Personal Auto,Four-Door Car,93
CG43444,California,F,Bachelor,0,33599,80,0,Personal Auto,Four-Door Car,111
ZG69918,Oregon,M,College,0,20819,73,0,Special Auto,Four-Door Car,206
GM70734,California,F,College,0,29095,91,0,Corporate Auto,Two-Door Car,280
PM14429,California,M,College,0,30852,88,0,Personal Auto,Four-Door Car,318
FD55376,California,M,High School or Below,0,48448,74,0,Corporate Auto,Four-Door Car,355
PS25185,Washington,F,Bachelor,0,20079,110,0,Corporate Auto,Two-Door Car,528
YE70791,California,M,High School or Below,0,12430,73,0,Personal Auto,Four-Door Car,350
UN52560,Arizona,M,Bachelor,0,47669,80,0,Personal Auto,Four-Door Car,384
SS95187,Arizona,M,Bachelor,0,40794,87,0,Personal Auto,Four-Door Car,334
OU62959,California,M,Bachelor,0,95340,198,0,Personal Auto,Luxury SUV,808
ZV36800,Oregon,M,Bachelor,0,14476,113,0,Corporate Auto,Sports Car,542
XF83901,Arizona,F,College,0,0,105,0,Personal Auto,Four-Door Car,756
RE12758,California,M,High School or Below,0,26116,85,0,Personal Auto,Four-Door Car,612
CH97666,California,M,Bachelor,0,12454,100,0,Personal Auto,Sports Car,720
NU25698,Oregon,F,High School or Below,0,48245,121,0,Personal Auto,SUV,580
ZV80216,Oregon,M,High School or Below,0,0,153,0,Personal Auto,SUV,1027
PB47955,Oregon,F,Bachelor,0,0,119,0,Personal Auto,SUV,856
BD36887,Nevada,F,College,0,37478,105,0,Personal Auto,Sports Car,653
JG65202,Oregon,M,High School or Below,0,0,74,0,Personal Auto,Two-Door Car,568
YV76240,Oregon,F,College,0,45732,134,0,Corporate Auto,SUV,611
LN28900,California,M,Bachelor,0,0,85,0,Personal Auto,Four-Door Car,612
IN77241,Washington,M,Bachelor,0,65978,67,0,Corporate Auto,Two-Door Car,251
DI42246,Arizona,M,College,0,0,62,0,Personal Auto,Four-Door Car,325
SE86346,Nevada,F,College,0,58467,65,0,Corporate Auto,Four-Door Car,452
FK46365,Washington,F,College,0,82427,102,0,Personal Auto,SUV,489
XW93623,Nevada,M,Bachelor,0,33811,184,0,Personal Auto,Luxury SUV,587
FJ62579,Oregon,M,High School or Below,0,0,183,0,Personal Auto,Luxury SUV,878
ZZ22193,California,F,Master,0,37675,71,0,Personal Auto,Four-Door Car,380
ZY77695,Arizona,M,Bachelor,0,0,72,0,Personal Auto,Two-Door Car,345
ZJ65064,California,F,College,0,0,70,0,Personal Auto,Four-Door Car,336
FA59186,California,M,High School or Below,0,0,67,0,Personal Auto,Two-Door Car,482
XS74336,Washington,F,High School or Below,0,0,71,0,Personal Auto,Four-Door Car,511
RT80802,Nevada,M,College,0,19851,102,0,Personal Auto,Sports Car,220
KN65809,Washington,F,High School or Below,0,0,99,0,Personal Auto,Four-Door Car,475
QF17381,Arizona,F,Bachelor,0,0,62,0,Corporate Auto,Four-Door Car,740
JF16897,Oregon,F,High School or Below,0,28360,73,0,Personal Auto,Four-Door Car,863
PB90912,California,M,High School or Below,0,70833,193,0,Personal Auto,Luxury SUV,926
CH50339,Arizona,F,Master,0,0,69,0,Corporate Auto,Four-Door Car,470
GU41198,California,F,Bachelor,0,62421,80,0,Corporate Auto,Four-Door Car,384
CT96082,Oregon,F,Bachelor,0,13933,62,0,Corporate Auto,Two-Door Car,49
KP26590,Nevada,F,Bachelor,0,40513,96,0,Personal Auto,Four-Door Car,151
ZQ51896,Oregon,M,College,0,0,108,0,Special Auto,SUV,777
BI34286,Oregon,M,Master,0,47259,81,0,Corporate Auto,Four-Door Car,388
XJ97760,California,M,Master,0,35039,61,0,Personal Auto,Four-Door Car,254
CO71128,California,F,College,0,0,190,0,Personal Auto,Luxury SUV,1368
SJ88799,Washington,M,High School or Below,0,92539,101,0,Personal Auto,Four-Door Car,707
RC74014,Oregon,F,College,0,0,71,0,Special Auto,Two-Door Car,849
CP66511,Oregon,M,High School or Below,0,92038,65,0,Personal Auto,Two-Door Car,178
JG13893,Nevada,M,Bachelor,0,51789,61,0,Corporate Auto,Two-Door Car,435
ER49844,Arizona,M,College,0,61972,64,0,Personal Auto,Four-Door Car,138
AU91447,Oregon,M,Doctor,0,40870,105,0,Special Auto,SUV,504
SK58227,California,F,High School or Below,0,52583,113,0,Personal Auto,SUV,528
HG23705,Arizona,F,Bachelor,0,79681,73,0,Personal Auto,Four-Door Car,9
MV93555,Oregon,F,High School or Below,0,69792,137,0,Personal Auto,SUV,696
VQ20924,Arizona,F,High School or Below,0,19794,93,0,Corporate Auto,Two-Door Car,603
AR59416,Oregon,M,High School or Below,0,0,113,0,Personal Auto,SUV,542
DF65548,California,F,Master,0,26680,106,0,Personal Auto,Two-Door Car,508
PA28328,California,F,College,0,93272,95,0,Corporate Auto,Four-Door Car,281
WY31530,Oregon,M,Doctor,0,0,68,0,Personal Auto,Two-Door Car,87
LV89056,California,F,Bachelor,0,0,91,0,Personal Auto,Four-Door Car,655
KC49055,Oregon,M,Bachelor,0,21835,92,0,Personal Auto,Two-Door Car,621
RA62150,Arizona,F,College,0,0,116,0,Personal Auto,SUV,899
OY70124,Washington,F,Bachelor,0,73054,106,0,Personal Auto,SUV,419
OT94107,Oregon,F,Bachelor,0,35551,81,0,Personal Auto,Four-Door Car,565
CF27806,California,F,Bachelor,0,54507,138,0,Personal Auto,SUV,702
EK50729,Oregon,M,Bachelor,0,0,67,0,Personal Auto,Four-Door Car,321
TF53472,Oregon,F,Bachelor,0,41336,68,0,Personal Auto,Four-Door Car,263
PG50529,California,F,High School or Below,0,31972,70,0,Personal Auto,Four-Door Car,416
QT46509,Oregon,M,College,0,20416,93,0,Personal Auto,Four-Door Car,446
LI72489,Nevada,M,Bachelor,0,46338,193,0,Corporate Auto,SUV,19
MF74413,Oregon,M,High School or Below,0,0,131,0,Personal Auto,SUV,628
SI58884,California,M,College,0,17220,105,0,Personal Auto,SUV,504
KG53604,Oregon,M,College,0,37256,62,0,Personal Auto,Four-Door Car,128
XB97091,Arizona,F,High School or Below,0,53602,115,0,Personal Auto,Sports Car,295
JS12902,Oregon,F,High School or Below,0,24732,107,0,Corporate Auto,Sports Car,72
LL14393,Oregon,M,High School or Below,0,23867,65,0,Personal Auto,Four-Door Car,312
UJ71101,California,M,High School or Below,0,0,124,0,Personal Auto,Sports Car,928
ZY95807,California,M,Bachelor,0,0,180,0,Corporate Auto,Luxury SUV,864
GA72966,Oregon,F,Bachelor,0,46503,215,0,Personal Auto,Luxury SUV,1032
WS36101,Oregon,M,High School or Below,0,0,63,0,Personal Auto,Four-Door Car,453
GY88677,Oregon,F,Bachelor,0,46268,199,0,Personal Auto,Sports Car,842
XT45580,Oregon,F,College,0,60759,104,0,Corporate Auto,SUV,499
RY23571,California,F,Bachelor,0,75615,65,0,Personal Auto,Four-Door Car,156
NB82190,Oregon,M,College,0,73742,68,0,Personal Auto,Two-Door Car,27
XG14438,Arizona,M,College,0,0,126,0,Personal Auto,SUV,604
TQ84956,California,M,High School or Below,0,55687,276,0,Corporate Auto,Luxury SUV,1324
FV58292,Oregon,M,Bachelor,0,74015,72,0,Personal Auto,Four-Door Car,471
EF52334,Washington,M,Bachelor,0,0,93,0,Personal Auto,Four-Door Car,669
ZV17267,Oregon,F,Bachelor,0,37056,92,0,Personal Auto,Four-Door Car,441
RH71877,Arizona,F,College,0,12964,65,0,Personal Auto,Two-Door Car,362
GS23406,California,F,High School or Below,0,30916,70,0,Personal Auto,Four-Door Car,21
VZ66567,California,M,Bachelor,0,0,106,0,Personal Auto,SUV,508
VP57785,Oregon,F,College,0,12964,65,0,Personal Auto,Two-Door Car,362
NS51605,Oregon,M,Master,0,26057,74,0,Personal Auto,Four-Door Car,523
QV48556,Arizona,F,Master,0,29981,71,0,Corporate Auto,Two-Door Car,340
PR10005,Oregon,M,Bachelor,0,85210,74,0,Personal Auto,Four-Door Car,100
IF80474,Washington,M,College,0,86653,111,0,Personal Auto,Four-Door Car,277
NE73773,Oregon,M,High School or Below,0,0,113,0,Personal Auto,SUV,542
WM72573,California,M,College,0,22872,131,0,Personal Auto,SUV,754
NX71501,California,F,Doctor,0,42889,74,0,Personal Auto,Four-Door Car,177
LR79755,California,M,College,0,74034,72,0,Personal Auto,Four-Door Car,267
KC26486,Arizona,F,Bachelor,0,46503,215,0,Personal Auto,Luxury SUV,1032
DY22077,Arizona,M,Bachelor,0,97361,73,0,Corporate Auto,Four-Door Car,350
UV54104,Oregon,M,Bachelor,0,25905,63,0,Personal Auto,Four-Door Car,302
SG66076,Arizona,M,Bachelor,0,16097,139,0,Personal Auto,Sports Car,1000
GW52309,Nevada,F,High School or Below,0,56446,114,0,Personal Auto,SUV,547
DC46965,Nevada,M,Master,0,11343,72,0,Personal Auto,Four-Door Car,154
JK57654,California,M,Doctor,0,24164,137,0,Personal Auto,Sports Car,657
QO62792,Oregon,M,College,0,58414,210,0,Personal Auto,Luxury SUV,1008
XI56955,Washington,F,Bachelor,0,0,73,0,Personal Auto,Four-Door Car,350
NR99710,Arizona,F,High School or Below,0,24395,62,0,Personal Auto,Two-Door Car,357
QH90382,Oregon,F,Master,0,52471,103,0,Personal Auto,Two-Door Car,163
SI30451,Arizona,F,College,0,30009,68,0,Personal Auto,Four-Door Car,317
UM39817,Oregon,F,Bachelor,0,23815,73,0,Personal Auto,Four-Door Car,424
YG98004,Oregon,F,Master,0,27739,104,0,Corporate Auto,Four-Door Car,3
KF80172,Nevada,M,College,0,37876,69,0,Personal Auto,Four-Door Car,300
LD95617,California,M,Bachelor,0,0,72,0,Corporate Auto,Four-Door Car,345
YJ24476,Nevada,F,Bachelor,0,14665,61,0,Personal Auto,Four-Door Car,292
LM67096,Oregon,F,Bachelor,0,0,61,0,Corporate Auto,Four-Door Car,31
FB21121,California,F,Bachelor,0,86595,63,0,Corporate Auto,Two-Door Car,445
LW91009,Washington,M,College,0,24368,68,0,Personal Auto,Four-Door Car,326
RD28560,Washington,F,Bachelor,0,73054,106,0,Corporate Auto,SUV,419
DD22139,Washington,F,College,0,0,72,0,Corporate Auto,Two-Door Car,732
LN50415,Oregon,M,Bachelor,0,50994,128,0,Corporate Auto,SUV,346
OP62891,Oregon,F,High School or Below,0,0,64,0,Personal Auto,Two-Door Car,460
JT47995,Arizona,F,College,0,0,204,0,Personal Auto,Luxury SUV,979
AG39150,Oregon,M,Bachelor,0,0,63,0,Personal Auto,Four-Door Car,302
QJ65440,California,F,Bachelor,0,0,87,0,Corporate Auto,Four-Door Car,626
IJ40048,California,M,Bachelor,0,28695,64,0,Corporate Auto,Four-Door Car,221
PX86841,Arizona,F,College,0,72608,82,0,Special Auto,Four-Door Car,393
ES87355,Oregon,F,Bachelor,0,48381,63,0,Personal Auto,Two-Door Car,302
EZ85603,Arizona,F,College,0,0,152,0,Personal Auto,SUV,1082
YJ96611,Arizona,F,High School or Below,0,0,104,0,Special Auto,Sports Car,1210
UB18338,Oregon,M,Bachelor,0,14973,115,0,Personal Auto,SUV,828
TF67147,Oregon,F,Bachelor,0,24910,63,0,Personal Auto,Four-Door Car,347
FY83287,Washington,M,Doctor,0,50577,63,0,Personal Auto,Two-Door Car,12
JO11457,Oregon,M,High School or Below,0,0,70,0,Personal Auto,Two-Door Car,585
BS94221,Arizona,F,College,0,26184,62,0,Special Auto,Two-Door Car,297
CB64729,Nevada,M,Bachelor,0,20215,112,0,Personal Auto,Four-Door Car,537
XB32430,California,M,Bachelor,0,68342,72,0,Personal Auto,Four-Door Car,148
LN43251,Oregon,M,High School or Below,0,0,133,0,Personal Auto,SUV,957
BX20227,Oregon,F,College,0,72608,82,0,Personal Auto,Four-Door Car,393
PC12390,Nevada,M,Master,0,74960,69,0,Corporate Auto,Four-Door Car,107
XQ44462,Oregon,M,College,0,56342,69,0,Corporate Auto,Four-Door Car,331
GF59560,Oregon,F,College,0,86824,72,0,Personal Auto,Four-Door Car,189
FE67098,Nevada,M,College,0,37530,117,0,Personal Auto,SUV,561
LO98108,Oregon,M,Bachelor,0,0,62,0,Personal Auto,Two-Door Car,297
SP94430,California,F,Bachelor,0,53330,65,0,Personal Auto,Four-Door Car,224
SH44158,Oregon,M,Bachelor,0,0,63,0,Special Auto,Four-Door Car,327
WY41435,Nevada,F,College,0,52436,76,0,Personal Auto,Four-Door Car,109
MR77933,Arizona,F,Bachelor,0,11885,101,0,Personal Auto,Four-Door Car,484
WJ38827,Oregon,M,High School or Below,0,0,97,0,Corporate Auto,Two-Door Car,498
TM33419,Washington,F,College,0,44536,137,0,Personal Auto,SUV,46
QF91596,Nevada,F,Bachelor,0,82763,61,0,Personal Auto,Four-Door Car,245
DB16336,Nevada,F,College,0,0,87,0,Corporate Auto,Four-Door Car,420
BX35013,Arizona,F,Master,0,63401,113,0,Personal Auto,SUV,52
JB20891,Arizona,F,High School or Below,0,11828,90,0,Personal Auto,Four-Door Car,571
WE68750,Oregon,M,Bachelor,0,99747,72,0,Corporate Auto,Two-Door Car,61
RN65450,California,M,College,0,0,88,0,Personal Auto,Four-Door Car,633
BW79345,Nevada,F,High School or Below,0,78796,61,0,Personal Auto,Two-Door Car,292
OZ64384,Oregon,F,Bachelor,0,79090,107,0,Personal Auto,SUV,289
KV99077,Nevada,M,College,0,43906,65,0,Personal Auto,Two-Door Car,468
NY24020,Arizona,M,High School or Below,0,82189,94,0,Personal Auto,Two-Door Car,354
CJ81799,Oregon,F,College,0,70263,93,0,Personal Auto,Two-Door Car,7
QI69873,Washington,M,Master,0,19132,207,0,Personal Auto,Luxury Car,1008
VC70716,Arizona,M,High School or Below,0,0,131,0,Corporate Auto,SUV,628
ZB88708,Nevada,M,Master,0,78127,69,0,Personal Auto,Four-Door Car,136
XG64081,Arizona,M,Bachelor,0,92296,69,0,Personal Auto,Two-Door Car,331
ZZ35218,Oregon,M,Doctor,0,0,74,0,Corporate Auto,Two-Door Car,317
KA95976,California,F,High School or Below,0,80550,68,0,Personal Auto,Four-Door Car,265
TF23305,Arizona,F,College,0,51950,89,0,Personal Auto,Two-Door Car,429
TU72516,Oregon,F,College,0,20392,73,0,Personal Auto,Four-Door Car,350
DM16101,Washington,F,College,0,30886,61,0,Special Auto,Four-Door Car,8
UF93725,Oregon,M,Bachelor,0,0,66,0,Personal Auto,Four-Door Car,475
IH62666,California,F,Bachelor,0,33089,61,0,Personal Auto,Four-Door Car,292
FG23952,Oregon,M,College,0,0,132,0,Personal Auto,SUV,950
NH85248,Arizona,M,College,0,0,68,0,Corporate Auto,Two-Door Car,326
XO75323,California,M,College,0,72439,100,0,Personal Auto,SUV,480
FX78901,Oregon,F,Bachelor,0,81639,82,0,Special Auto,Four-Door Car,47
KG40352,Oregon,F,College,0,68815,68,0,Personal Auto,Four-Door Car,114
GX27974,California,F,College,0,0,63,0,Personal Auto,Four-Door Car,94
ST31207,California,F,Bachelor,0,25134,67,0,Personal Auto,Four-Door Car,321
VC64410,Arizona,F,High School or Below,0,25965,65,0,Personal Auto,Four-Door Car,329
YO49328,Arizona,M,High School or Below,0,55193,105,0,Personal Auto,SUV,504
KP10993,California,F,College,0,18577,86,0,Personal Auto,Four-Door Car,412
FR15853,Nevada,M,High School or Below,0,44368,80,0,Corporate Auto,Two-Door Car,384
BR13613,Oregon,M,College,0,13528,86,0,Personal Auto,Four-Door Car,412
MM27192,Oregon,F,Master,0,21514,62,0,Personal Auto,Two-Door Car,257
HI36042,California,M,High School or Below,0,0,105,0,Personal Auto,SUV,756
GT89774,Arizona,F,Bachelor,0,87139,213,0,Personal Auto,Luxury SUV,363
SB83749,California,M,High School or Below,0,20355,61,0,Personal Auto,Four-Door Car,439
WE77831,California,M,Bachelor,0,0,73,0,Personal Auto,Four-Door Car,350
HM21382,Washington,M,Bachelor,0,46210,61,0,Personal Auto,Two-Door Car,439
ML10022,Nevada,F,College,0,0,68,0,Personal Auto,Four-Door Car,326
QJ65472,California,M,High School or Below,0,28613,114,0,Personal Auto,Four-Door Car,820
TZ71391,Oregon,M,Master,0,26057,74,0,Personal Auto,Four-Door Car,523
AS62048,Arizona,M,Bachelor,0,0,73,0,Personal Auto,Four-Door Car,525
PL14941,Nevada,F,High School or Below,0,76700,112,0,Personal Auto,Four-Door Car,322
LK87874,Nevada,F,Bachelor,0,0,109,0,Personal Auto,SUV,523
NK53938,Oregon,M,Master,0,45181,65,0,Personal Auto,Four-Door Car,312
VF96109,Oregon,M,High School or Below,0,99845,110,0,Personal Auto,SUV,528
IV32877,Oregon,M,Bachelor,0,0,101,0,Personal Auto,SUV,1021
EE96187,Oregon,F,High School or Below,0,92423,88,0,Personal Auto,Four-Door Car,404
FJ31683,Washington,F,Doctor,0,43793,71,0,Personal Auto,Four-Door Car,16
ON90223,Washington,M,College,0,93210,107,0,Personal Auto,SUV,513
SC70396,Oregon,M,Bachelor,0,58484,88,0,Personal Auto,Two-Door Car,43
WF44706,Oregon,M,High School or Below,0,26876,76,0,Personal Auto,Four-Door Car,364
CF15252,Arizona,F,Bachelor,0,48054,109,0,Personal Auto,SUV,523
DG51590,Arizona,F,Bachelor,0,36800,91,0,Personal Auto,Two-Door Car,236
LE12782,Arizona,M,College,0,28663,61,0,Personal Auto,Four-Door Car,292
LD98568,California,F,College,0,54431,97,0,Personal Auto,Four-Door Car,284
WX92363,Washington,F,Bachelor,0,27608,108,0,Personal Auto,SUV,308
KX57885,California,M,Bachelor,0,22103,89,0,Personal Auto,Four-Door Car,427
XI30683,Arizona,M,College,0,0,103,0,Personal Auto,SUV,741
TM13510,Arizona,M,Doctor,0,46168,65,0,Personal Auto,Four-Door Car,312
LU95652,Oregon,M,College,0,83221,91,0,Personal Auto,Four-Door Car,14
OD45969,California,M,Bachelor,0,98677,105,0,Personal Auto,Four-Door Car,108
MU96709,California,F,High School or Below,0,46379,72,0,Corporate Auto,Four-Door Car,345
KX55910,Oregon,F,College,0,62803,62,0,Personal Auto,Two-Door Car,400
KE10223,California,M,Bachelor,0,0,177,0,Personal Auto,SUV,1274
QS29824,Nevada,M,College,0,0,134,0,Personal Auto,SUV,964
OF12725,California,F,Bachelor,0,28139,97,0,Personal Auto,Four-Door Car,465
WE52840,Arizona,F,College,0,52982,89,0,Corporate Auto,Four-Door Car,31
OJ65117,Oregon,F,Bachelor,0,77095,68,0,Personal Auto,Four-Door Car,461
FC52000,Oregon,F,College,0,26322,111,0,Corporate Auto,SUV,180
IN57582,California,F,College,0,25125,81,0,Corporate Auto,Four-Door Car,583
UY13430,Oregon,F,High School or Below,0,52583,113,0,Special Auto,SUV,528
PD66941,Arizona,M,Bachelor,0,17622,65,0,Personal Auto,Four-Door Car,312
IB36843,California,M,Master,0,90607,70,0,Personal Auto,Four-Door Car,311
VE51810,Arizona,M,Bachelor,0,42795,73,0,Personal Auto,Four-Door Car,350
RX50446,Arizona,F,High School or Below,0,27042,110,0,Personal Auto,Four-Door Car,1263
TK22471,Oregon,M,College,0,27984,62,0,Personal Auto,Four-Door Car,445
YR85283,Nevada,F,High School or Below,0,26021,126,0,Personal Auto,SUV,331
WH83589,Arizona,F,High School or Below,0,25448,71,0,Personal Auto,Four-Door Car,345
NM40177,California,M,Bachelor,0,52009,68,0,Personal Auto,Four-Door Car,250
UV44069,Oregon,F,High School or Below,0,23504,69,0,Corporate Auto,Two-Door Car,374
CO25601,Washington,M,High School or Below,0,0,71,0,Personal Auto,Four-Door Car,569
IS58493,Oregon,M,Master,0,40774,110,0,Personal Auto,Sports Car,394
YF54705,Nevada,M,College,0,36812,92,0,Personal Auto,Two-Door Car,392
ES66762,Oregon,F,Bachelor,0,72540,88,0,Personal Auto,Two-Door Car,631
CX85598,Arizona,M,Bachelor,0,51240,70,0,Personal Auto,Four-Door Car,283
QF74806,California,M,College,0,20396,76,0,Personal Auto,Four-Door Car,364
LO17461,Arizona,F,High School or Below,0,35654,72,0,Personal Auto,Two-Door Car,515
KW95891,Oregon,F,High School or Below,0,93884,65,0,Personal Auto,Four-Door Car,312
YR45605,Oregon,F,Bachelor,0,0,68,0,Personal Auto,Four-Door Car,379
OW83209,Nevada,M,Bachelor,0,30344,107,0,Personal Auto,SUV,342
AT86990,Arizona,F,Bachelor,0,28738,62,0,Personal Auto,Two-Door Car,81
CW80905,Nevada,M,High School or Below,0,70958,115,0,Personal Auto,Sports Car,115
TK65222,California,M,Bachelor,0,22103,109,0,Personal Auto,Four-Door Car,160
FQ89652,Oregon,F,College,0,0,103,0,Special Auto,SUV,741
PH70685,California,F,Bachelor,0,70795,68,0,Corporate Auto,Four-Door Car,177
AP34711,Arizona,F,Master,0,32821,129,0,Personal Auto,SUV,25
AZ31562,Arizona,M,College,0,22520,73,0,Personal Auto,Four-Door Car,350
VU87728,Nevada,M,High School or Below,0,0,72,0,Personal Auto,Four-Door Car,518
XX34879,Oregon,M,College,0,56263,93,0,Corporate Auto,Four-Door Car,446
GG91020,Nevada,M,Bachelor,0,0,72,0,Personal Auto,Four-Door Car,345
RO58812,California,M,College,0,0,64,0,Personal Auto,Four-Door Car,307
GU29647,Oregon,M,Bachelor,0,0,65,0,Personal Auto,Two-Door Car,312
QF66202,Nevada,M,College,0,31993,66,0,Personal Auto,Four-Door Car,39
GB44176,Arizona,M,College,0,40994,106,0,Personal Auto,Four-Door Car,60
RH70194,Nevada,M,Bachelor,0,29638,64,0,Personal Auto,Four-Door Car,307
TL40288,Oregon,F,College,0,0,119,0,Personal Auto,Four-Door Car,729
VZ70667,Oregon,F,College,0,26056,73,0,Personal Auto,Four-Door Car,355
GK21260,Oregon,F,Doctor,0,22821,131,0,Personal Auto,SUV,740
GS92994,Washington,F,College,0,84581,96,0,Personal Auto,Four-Door Car,4
KI91500,California,F,High School or Below,0,22193,74,0,Personal Auto,Two-Door Car,415
TL51969,Washington,M,Bachelor,0,30969,63,0,Personal Auto,Two-Door Car,358
NR16284,California,F,College,0,70263,93,0,Personal Auto,Two-Door Car,7
MA68039,California,M,High School or Below,0,35056,96,0,Personal Auto,Two-Door Car,460
ZI51939,Oregon,M,College,0,73435,69,0,Corporate Auto,Two-Door Car,331
NX93393,Oregon,M,High School or Below,0,86096,108,0,Corporate Auto,Two-Door Car,518
SE30128,California,M,High School or Below,0,0,139,0,Personal Auto,SUV,1000
VT78222,Oregon,M,Master,0,55808,116,0,Personal Auto,SUV,551
AH17051,California,M,Bachelor,0,29695,94,0,Personal Auto,Four-Door Car,554
NC76877,California,F,Bachelor,0,88043,61,0,Corporate Auto,Four-Door Car,188
JD71348,California,M,College,0,60875,92,0,Personal Auto,Four-Door Car,410
DR88293,Arizona,M,Bachelor,0,0,77,0,Personal Auto,Four-Door Car,12
ZB23962,Oregon,M,High School or Below,0,0,118,0,Personal Auto,SUV,849
JO90877,Washington,F,Bachelor,0,70974,71,0,Personal Auto,Four-Door Car,340
IR45546,Oregon,F,Bachelor,0,37518,131,0,Special Auto,Sports Car,472
LO99872,Oregon,M,College,0,28128,70,0,Personal Auto,Two-Door Car,336
CW16221,Oregon,F,Bachelor,0,45254,93,0,Corporate Auto,Four-Door Car,446
UU92753,Oregon,F,Doctor,0,85537,108,0,Personal Auto,SUV,285
WH63678,Oregon,M,Master,0,74608,68,0,Corporate Auto,Four-Door Car,407
TE31876,California,F,High School or Below,0,41004,102,0,Personal Auto,Sports Car,489
MU59158,Arizona,F,Master,0,38884,102,0,Personal Auto,Two-Door Car,423
LV57595,California,F,Master,0,97131,64,0,Corporate Auto,Four-Door Car,307
GY99495,Oregon,M,Master,0,0,84,0,Corporate Auto,Four-Door Car,403
FN67085,California,M,College,0,22331,64,0,Corporate Auto,Four-Door Car,61
US82470,Arizona,M,Bachelor,0,37541,109,0,Corporate Auto,SUV,96
UN53508,Oregon,F,Bachelor,0,27357,61,0,Corporate Auto,Four-Door Car,292
FK37308,Oregon,F,Doctor,0,0,72,0,Corporate Auto,Two-Door Car,41
EW34780,California,F,Bachelor,0,11885,101,0,Personal Auto,Four-Door Car,484
HG97353,Oregon,F,Bachelor,0,52717,109,0,Corporate Auto,Four-Door Car,60
FM31768,Arizona,F,High School or Below,0,57693,76,0,Personal Auto,Four-Door Car,547
DO18118,Oregon,F,High School or Below,0,0,104,0,Personal Auto,SUV,748
BC31913,Arizona,F,Bachelor,0,73903,73,0,Corporate Auto,Four-Door Car,439
HB29169,Washington,F,Bachelor,0,0,281,0,Personal Auto,Luxury SUV,1499
KO86181,Oregon,F,College,0,0,111,0,Personal Auto,SUV,532
NT38409,California,M,College,0,79452,65,0,Corporate Auto,Four-Door Car,187
IP77666,Nevada,F,Bachelor,0,72540,88,0,Personal Auto,Two-Door Car,631
KL80110,Arizona,F,College,0,89513,116,0,Personal Auto,SUV,232
KR35099,Washington,M,College,0,60920,64,0,Personal Auto,Two-Door Car,231
YP41539,Oregon,F,High School or Below,0,88669,66,0,Personal Auto,Four-Door Car,213
MM10866,California,F,Bachelor,0,79090,107,0,Personal Auto,SUV,289
WD88264,Washington,M,High School or Below,0,17101,113,0,Corporate Auto,SUV,542
XN18885,Oregon,M,High School or Below,0,44788,61,0,Personal Auto,Four-Door Car,386
VB94165,Nevada,M,Master,0,0,93,0,Special Auto,Two-Door Car,604
FG71665,Arizona,M,Bachelor,0,26790,71,0,Personal Auto,Two-Door Car,340
IV98398,California,M,Bachelor,0,81955,126,0,Corporate Auto,SUV,720
YN39714,Oregon,F,High School or Below,0,80213,70,0,Personal Auto,Two-Door Car,440
WL92199,Arizona,M,Doctor,0,0,66,0,Personal Auto,Four-Door Car,90
KC36987,Oregon,M,Bachelor,0,47950,170,0,Personal Auto,SUV,780
JW24212,Oregon,M,Bachelor,0,0,101,0,Personal Auto,SUV,960
OG57342,Washington,M,Doctor,0,0,65,0,Corporate Auto,Four-Door Car,312
SN49269,Oregon,M,High School or Below,0,72353,66,0,Personal Auto,Two-Door Car,316
RE52529,California,F,High School or Below,0,81872,115,0,Corporate Auto,Four-Door Car,256
EQ68292,Arizona,M,Bachelor,0,74606,68,0,Corporate Auto,Two-Door Car,109
KF88603,Oregon,M,High School or Below,0,0,138,0,Personal Auto,SUV,993
JR62870,California,M,High School or Below,0,41438,72,0,Personal Auto,Two-Door Car,323
NN40477,Arizona,F,Bachelor,0,52679,110,0,Personal Auto,Sports Car,528
JP40952,Arizona,M,High School or Below,0,0,101,0,Personal Auto,SUV,1183
FG24548,Oregon,M,Bachelor,0,44524,70,0,Personal Auto,Four-Door Car,200
DZ89536,Oregon,M,Master,0,60244,83,0,Corporate Auto,Four-Door Car,326
GH64274,California,M,High School or Below,0,22711,82,0,Personal Auto,Two-Door Car,393
NX62002,Oregon,M,College,0,0,73,0,Corporate Auto,Two-Door Car,350
CV57391,Arizona,F,Bachelor,0,50398,71,0,Personal Auto,Four-Door Car,339
ZN36983,California,M,College,0,0,86,0,Personal Auto,Four-Door Car,412
OT40088,Oregon,F,High School or Below,0,0,66,0,Personal Auto,Four-Door Car,475
CD56261,California,F,High School or Below,0,0,102,0,Corporate Auto,SUV,1037
OG72448,Arizona,M,Bachelor,0,0,114,0,Personal Auto,Four-Door Car,1310
IH64929,California,M,High School or Below,0,87197,63,0,Personal Auto,Two-Door Car,247
FD20455,California,M,Bachelor,0,0,100,0,Personal Auto,Sports Car,720
ET89070,California,F,High School or Below,0,85221,117,0,Personal Auto,Sports Car,516
DY87071,Arizona,M,High School or Below,0,96306,95,0,Personal Auto,Four-Door Car,185
AX10148,California,F,Bachelor,0,0,66,0,Personal Auto,Four-Door Car,316
DB28487,California,F,High School or Below,0,22249,64,0,Personal Auto,Four-Door Car,455
KU92052,California,F,High School or Below,0,0,62,0,Personal Auto,Four-Door Car,382
FB17016,Oregon,F,Bachelor,0,54507,138,0,Personal Auto,SUV,702
BM45823,Oregon,M,College,0,0,101,0,Personal Auto,Four-Door Car,484
NN53003,California,M,College,0,20754,184,0,Personal Auto,Luxury SUV,1324
LF94873,California,F,College,0,0,190,0,Personal Auto,SUV,1654
VB57504,California,M,High School or Below,0,30027,65,0,Personal Auto,Four-Door Car,312
NT25078,Nevada,M,Bachelor,0,23156,88,0,Special Auto,Four-Door Car,422
FH86704,California,M,High School or Below,0,0,93,0,Personal Auto,Four-Door Car,669
KX32370,California,M,College,0,23222,90,0,Corporate Auto,Two-Door Car,252
NN76284,California,F,College,0,0,65,0,Corporate Auto,Four-Door Car,468
LJ43988,California,F,Master,0,27317,102,0,Personal Auto,Four-Door Car,489
MM44301,California,F,College,0,21073,106,0,Corporate Auto,SUV,508
ED63600,California,M,College,0,0,225,0,Corporate Auto,Luxury Car,1620
RT37588,Arizona,F,High School or Below,0,69268,93,0,Personal Auto,Two-Door Car,19
LF19061,Arizona,F,High School or Below,0,74561,68,0,Personal Auto,Two-Door Car,234
EW73451,Arizona,M,High School or Below,0,72421,65,0,Personal Auto,Four-Door Car,312
UC29668,Oregon,F,Master,0,0,71,0,Corporate Auto,Two-Door Car,17
ZC32761,Arizona,M,Bachelor,0,57961,72,0,Personal Auto,Two-Door Car,38
FQ22639,California,M,College,0,35205,76,0,Personal Auto,Four-Door Car,178
YZ60434,Oregon,M,Master,0,0,74,0,Personal Auto,Four-Door Car,59
MJ45965,Oregon,M,High School or Below,0,72309,68,0,Personal Auto,Four-Door Car,244
IS95398,Nevada,F,Bachelor,0,76352,109,0,Personal Auto,SUV,501
LZ81665,Washington,M,High School or Below,0,0,100,0,Personal Auto,SUV,720
OP43389,California,F,College,0,29057,102,0,Corporate Auto,SUV,489
PI98333,Oregon,F,Bachelor,0,0,66,0,Personal Auto,Four-Door Car,501
YX67409,California,M,Bachelor,0,25595,101,0,Personal Auto,SUV,484
XR85926,Oregon,M,Bachelor,0,58058,67,0,Personal Auto,Four-Door Car,355
MJ54807,Nevada,M,Bachelor,0,22828,106,0,Personal Auto,SUV,508
AX36597,Arizona,F,College,0,0,81,0,Personal Auto,Four-Door Car,390
IC94434,California,F,Bachelor,0,23815,73,0,Corporate Auto,Four-Door Car,424
ZX56541,California,M,Bachelor,0,45329,65,0,Personal Auto,Two-Door Car,312
RI76571,Washington,M,Master,0,59349,119,0,Personal Auto,SUV,222
YL78930,Oregon,M,College,0,19794,105,0,Personal Auto,Four-Door Car,504
ZX17330,Arizona,M,Bachelor,0,92401,64,0,Personal Auto,Four-Door Car,50
MK92016,Oregon,M,Bachelor,0,0,109,0,Corporate Auto,SUV,898
KH93541,Nevada,F,College,0,83000,97,0,Corporate Auto,Four-Door Car,378
UG12132,Washington,F,College,0,77693,65,0,Personal Auto,Four-Door Car,225
BV35683,Arizona,F,Bachelor,0,62902,69,0,Personal Auto,Two-Door Car,159
PN69476,Nevada,M,Master,0,0,70,0,Personal Auto,Two-Door Car,449
HB70063,Washington,M,College,0,43386,111,0,Personal Auto,SUV,413
CR59224,California,M,Bachelor,0,29120,72,0,Corporate Auto,Two-Door Car,345
RH97231,Washington,M,Bachelor,0,48893,110,0,Personal Auto,SUV,787
FY67942,California,F,College,0,92931,146,0,Personal Auto,SUV,503
HG68775,Washington,F,College,0,15462,115,0,Corporate Auto,Four-Door Car,611
ED28429,Washington,M,Bachelor,0,0,62,0,Personal Auto,Two-Door Car,446
IH17933,Washington,M,College,0,70088,112,0,Personal Auto,SUV,536
NE67816,Oregon,M,College,0,25558,63,0,Personal Auto,Four-Door Car,453
QJ65091,Arizona,F,High School or Below,0,0,112,0,Corporate Auto,Sports Car,537
TR75465,Washington,M,Master,0,0,134,0,Personal Auto,SUV,643
LM12349,Washington,F,Bachelor,0,36328,155,0,Corporate Auto,SUV,388
XZ62712,Washington,F,High School or Below,0,32948,127,0,Personal Auto,SUV,1428
SL70555,California,M,Bachelor,0,69114,103,0,Personal Auto,SUV,162
XI31845,Oregon,F,High School or Below,0,45302,133,0,Personal Auto,SUV,638
DQ34772,Arizona,M,High School or Below,0,0,88,0,Personal Auto,Four-Door Car,110
XU57332,California,F,College,0,53173,112,0,Personal Auto,SUV,1169
SJ87108,Arizona,F,Bachelor,0,23904,123,0,Corporate Auto,SUV,590
PL33465,Arizona,F,Bachelor,0,63774,111,0,Personal Auto,Four-Door Car,60
XL80761,California,M,College,0,67544,116,0,Corporate Auto,SUV,556
SB41594,California,M,College,0,26691,65,0,Personal Auto,Four-Door Car,312
UB51030,Washington,F,High School or Below,0,0,62,0,Special Auto,Four-Door Car,297
KT46283,California,M,College,0,58089,118,0,Corporate Auto,SUV,566
WZ65217,Nevada,M,Bachelor,0,0,136,0,Personal Auto,SUV,652
JB11283,California,M,Bachelor,0,99583,64,0,Personal Auto,Four-Door Car,99
TM13014,California,M,Bachelor,0,0,68,0,Personal Auto,Four-Door Car,271
QS81789,Oregon,F,Bachelor,0,24410,73,0,Corporate Auto,Four-Door Car,350
FP78531,California,F,Bachelor,0,68956,118,0,Personal Auto,SUV,118
RN41087,California,F,High School or Below,0,0,73,0,Personal Auto,Four-Door Car,298
WJ88394,Nevada,F,College,0,20588,113,0,Personal Auto,SUV,586
LH94971,Oregon,M,Bachelor,0,37840,90,0,Corporate Auto,Four-Door Car,432
VW34309,Oregon,F,Bachelor,0,43440,74,0,Personal Auto,Four-Door Car,128
XH47320,Nevada,F,Master,0,83195,73,0,Personal Auto,Two-Door Car,332
GX13549,California,F,High School or Below,0,0,70,0,Personal Auto,Four-Door Car,336
VY32314,Oregon,M,High School or Below,0,43209,110,0,Personal Auto,Sports Car,528
TF65501,California,F,High School or Below,0,37308,115,0,Personal Auto,SUV,552
EO24423,Arizona,M,Master,0,22239,62,0,Personal Auto,Four-Door Car,297
LA79102,California,F,Doctor,0,66106,95,0,Personal Auto,Two-Door Car,250
FT74388,Nevada,M,High School or Below,0,97065,117,0,Personal Auto,SUV,561
ZE59592,Oregon,M,College,0,24910,69,0,Personal Auto,Two-Door Car,746
JU64043,Oregon,M,Master,0,49414,68,0,Personal Auto,Four-Door Car,159
TR96772,Arizona,F,High School or Below,0,61148,132,0,Personal Auto,Sports Car,98
DQ35195,Arizona,F,Bachelor,0,52494,119,0,Corporate Auto,Two-Door Car,571
No74162,Arizona,M,High School or Below,0,20538,104,0,Personal Auto,SUV,499
XP52012,Arizona,M,High School or Below,0,0,89,0,Personal Auto,Two-Door Car,538
HQ16068,Washington,M,High School or Below,0,73716,103,0,Special Auto,Sports Car,162
QM78112,Washington,M,Bachelor,0,26790,71,0,Personal Auto,Two-Door Car,340
GI30974,Oregon,M,Bachelor,0,0,65,0,Corporate Auto,Four-Door Car,468
NM51858,Oregon,M,High School or Below,0,53252,117,0,Personal Auto,SUV,561
ZL37444,California,M,Doctor,0,24164,137,0,Personal Auto,Sports Car,657
CI60365,California,F,High School or Below,0,20090,109,0,Special Auto,Sports Car,523
IX45386,Arizona,M,College,0,81721,63,0,Personal Auto,Four-Door Car,133
ZO29478,Washington,F,High School or Below,0,18495,113,0,Personal Auto,SUV,542
NG34818,California,M,Bachelor,0,42314,80,0,Personal Auto,Four-Door Car,56
EE95568,California,F,Bachelor,0,89892,135,0,Personal Auto,SUV,526
LM84166,California,M,Bachelor,0,0,92,0,Personal Auto,Two-Door Car,662
RO32883,Oregon,F,Bachelor,0,0,117,0,Personal Auto,Four-Door Car,91
OI68331,California,F,Doctor,0,21576,65,0,Personal Auto,Four-Door Car,312
PW95813,Oregon,F,High School or Below,0,10312,78,0,Personal Auto,Four-Door Car,486
LM50087,Arizona,F,College,0,50632,62,0,Corporate Auto,Two-Door Car,54
JD82896,California,F,High School or Below,0,0,139,0,Personal Auto,SUV,1000
KA62636,Oregon,M,High School or Below,0,97917,67,0,Personal Auto,Two-Door Car,279
VG85511,Arizona,M,College,0,28280,116,0,Personal Auto,Sports Car,556
GT18023,California,F,High School or Below,0,86195,139,0,Special Auto,SUV,601
VI35467,Nevada,F,Master,0,89797,106,0,Personal Auto,SUV,70
LF75926,Arizona,M,College,0,0,63,0,Personal Auto,Four-Door Car,302
SS13550,Nevada,M,High School or Below,0,0,192,0,Personal Auto,Luxury SUV,1921
AA34092,California,M,College,0,33635,240,0,Personal Auto,Luxury SUV,1152
GQ15708,Oregon,M,Bachelor,0,29790,194,0,Personal Auto,Luxury SUV,931
JR72064,Arizona,M,High School or Below,0,44656,70,0,Personal Auto,Two-Door Car,336
AN79079,Arizona,M,Doctor,0,40870,105,0,Personal Auto,SUV,504
DS45844,California,M,College,0,0,117,0,Corporate Auto,Sports Car,94
QJ90136,California,F,High School or Below,0,28363,133,0,Personal Auto,Sports Car,638
OS95734,California,F,Bachelor,0,94508,88,0,Personal Auto,Four-Door Car,491
KT21352,Oregon,M,High School or Below,0,0,64,0,Personal Auto,Four-Door Car,324
CG33085,Oregon,M,Doctor,0,0,124,0,Personal Auto,SUV,696
IU94124,Arizona,M,College,0,0,77,0,Personal Auto,Four-Door Car,554
HW93117,California,F,Bachelor,0,0,116,0,Corporate Auto,Sports Car,835
ON63161,Oregon,F,High School or Below,0,18017,114,0,Personal Auto,Four-Door Car,547
HT64629,Washington,F,High School or Below,0,0,117,0,Personal Auto,SUV,930
XE59612,Nevada,M,High School or Below,0,63741,91,0,Corporate Auto,Four-Door Car,36
VZ39362,Oregon,F,High School or Below,0,57078,113,0,Personal Auto,Sports Car,542
SL71970,Oregon,F,High School or Below,0,0,67,0,Special Auto,Four-Door Car,458
YO29244,Oregon,F,Bachelor,0,25239,100,0,Personal Auto,SUV,150
TN85931,Oregon,F,High School or Below,0,29227,74,0,Special Auto,Two-Door Car,421
PP92749,California,F,Bachelor,0,60021,99,0,Special Auto,Four-Door Car,882
MB54287,Oregon,F,Bachelor,0,0,73,0,Personal Auto,Four-Door Car,780
JQ93340,Nevada,M,High School or Below,0,83208,68,0,Special Auto,Four-Door Car,325
LN20978,Oregon,F,Bachelor,0,25983,90,0,Corporate Auto,Four-Door Car,432
ZD59913,Oregon,F,High School or Below,0,25965,65,0,Corporate Auto,Four-Door Car,329
BG80246,Arizona,F,College,0,22679,72,0,Personal Auto,Two-Door Car,345
VP48253,Arizona,M,High School or Below,0,41186,70,0,Personal Auto,Four-Door Car,242
BR39076,California,F,High School or Below,0,0,67,0,Personal Auto,Four-Door Car,445
ZD29731,California,M,College,0,29070,61,0,Personal Auto,Two-Door Car,292
QR88427,Nevada,F,Bachelor,0,0,63,0,Personal Auto,Four-Door Car,302
WN69789,California,F,College,0,33485,63,0,Personal Auto,Four-Door Car,343
LZ39487,Washington,F,High School or Below,0,58206,64,0,Personal Auto,Four-Door Car,454
GO42840,Oregon,M,High School or Below,0,87492,62,0,Personal Auto,Two-Door Car,264
SR96970,Oregon,M,Bachelor,0,0,98,0,Personal Auto,Four-Door Car,705
ED90879,Nevada,M,Bachelor,0,20757,102,0,Corporate Auto,Four-Door Car,216
SS69401,Oregon,F,College,0,23449,61,0,Corporate Auto,Four-Door Car,292
VF32335,Arizona,M,College,0,0,192,0,Personal Auto,Luxury SUV,921
WX14028,Nevada,F,College,0,60455,104,0,Personal Auto,SUV,499
FP99321,Washington,M,High School or Below,0,0,89,0,Personal Auto,Four-Door Car,640
QF21628,California,M,High School or Below,0,53588,77,0,Personal Auto,Four-Door Car,369
OR40901,California,M,Doctor,0,40870,105,0,Corporate Auto,SUV,504
NF82527,Arizona,M,Bachelor,0,0,71,0,Personal Auto,Two-Door Car,340
GD84658,Nevada,F,High School or Below,0,0,129,0,Corporate Auto,Sports Car,1267
PA14842,Washington,F,High School or Below,0,45128,72,0,Special Auto,Four-Door Car,66
SA45648,California,M,Bachelor,0,90874,137,0,Personal Auto,SUV,459
IQ37561,Arizona,F,High School or Below,0,52823,95,0,Personal Auto,Two-Door Car,125
TP34946,California,M,College,0,26784,67,0,Corporate Auto,Four-Door Car,482
TL20040,Oregon,M,College,0,22354,118,0,Personal Auto,SUV,775
JM96431,Oregon,M,College,0,54420,80,0,Personal Auto,Four-Door Car,576
LN10007,Oregon,F,College,0,50800,112,0,Corporate Auto,Sports Car,621
WY17451,Oregon,F,College,0,0,87,0,Personal Auto,Four-Door Car,417
XS30210,Arizona,M,College,0,84583,65,0,Corporate Auto,Four-Door Car,238
UD27331,Nevada,M,Bachelor,0,33701,88,0,Personal Auto,Four-Door Car,460
HC52114,California,F,Bachelor,0,0,63,0,Corporate Auto,Four-Door Car,462
WG50184,Arizona,F,Doctor,0,68931,66,0,Corporate Auto,Four-Door Car,309
BQ99053,Oregon,M,College,0,0,105,0,Personal Auto,Four-Door Car,504
IY77611,Arizona,M,High School or Below,0,0,115,0,Corporate Auto,SUV,828
ER24015,Arizona,M,College,0,29318,198,0,Personal Auto,SUV,1386
SG71810,Oregon,F,College,0,41503,73,0,Personal Auto,Two-Door Car,15
OQ10108,Oregon,M,High School or Below,0,0,126,0,Personal Auto,SUV,604
ON45263,California,F,Bachelor,0,0,69,0,Personal Auto,Two-Door Car,427
RD15786,Oregon,M,Bachelor,0,25905,63,0,Personal Auto,Four-Door Car,302
TU64352,Oregon,F,College,0,0,116,0,Personal Auto,Sports Car,835
CR12479,Nevada,F,College,0,40046,73,0,Personal Auto,Four-Door Car,118
AW36627,California,F,High School or Below,0,58577,110,0,Personal Auto,SUV,303
UD31660,California,M,Bachelor,0,70129,103,0,Personal Auto,Four-Door Car,130
QL18084,Nevada,M,Master,0,91268,229,0,Corporate Auto,Luxury Car,737
DJ11965,California,F,College,0,12902,139,0,Personal Auto,Sports Car,667
LT16517,Oregon,F,High School or Below,0,62053,134,0,Personal Auto,SUV,614
JG77605,Nevada,F,Bachelor,0,30389,73,0,Personal Auto,Four-Door Car,278
PD94851,Nevada,M,Bachelor,0,15585,65,0,Personal Auto,Two-Door Car,67
NK27819,Arizona,M,College,0,23091,96,0,Personal Auto,Four-Door Car,460
PL28709,California,F,College,0,22571,63,0,Personal Auto,Four-Door Car,302
DY35560,Oregon,M,High School or Below,0,0,61,0,Personal Auto,Four-Door Car,691
LX23185,Oregon,F,College,0,0,82,0,Personal Auto,Two-Door Car,393
NA39347,California,M,College,0,73976,73,0,Personal Auto,Four-Door Car,338
SI32097,Oregon,F,Bachelor,0,30814,87,0,Personal Auto,Four-Door Car,417
JD50909,Arizona,F,Bachelor,0,80681,74,0,Corporate Auto,Four-Door Car,355
FB55024,Oregon,F,High School or Below,0,60934,82,0,Personal Auto,Two-Door Car,393
NQ51389,Oregon,M,High School or Below,0,0,62,0,Corporate Auto,Two-Door Car,446
EA23961,California,F,College,0,80797,64,0,Personal Auto,Four-Door Car,300
RQ78687,Oregon,M,College,0,89410,74,0,Personal Auto,Four-Door Car,95
ZE42703,Nevada,M,Bachelor,0,52728,127,0,Corporate Auto,SUV,609
LZ34164,Nevada,F,Bachelor,0,43199,61,0,Personal Auto,Four-Door Car,334
CO44659,Arizona,F,Bachelor,0,43510,83,0,Personal Auto,Four-Door Car,238
YQ53901,Washington,F,Bachelor,0,28909,66,0,Personal Auto,Two-Door Car,456
LX46285,Oregon,F,Master,0,0,122,0,Personal Auto,Sports Car,650
GH90738,Oregon,F,Bachelor,0,71176,91,0,Personal Auto,Two-Door Car,278
FK10455,California,M,Bachelor,0,84429,123,0,Personal Auto,SUV,115
GJ77362,California,M,Bachelor,0,61613,61,0,Special Auto,Four-Door Car,40
WJ26538,California,M,Master,0,68370,80,0,Personal Auto,Four-Door Car,244
IN67175,California,F,College,0,52389,72,0,Personal Auto,Four-Door Car,345
LA52988,Oregon,F,High School or Below,0,64478,103,0,Personal Auto,SUV,8
ZH89968,Washington,F,High School or Below,0,59207,116,0,Personal Auto,Four-Door Car,556
YA17061,Nevada,F,High School or Below,0,17162,96,0,Corporate Auto,Four-Door Car,460
NT76210,Nevada,M,Bachelor,0,0,101,0,Personal Auto,SUV,960
XL58577,California,M,Bachelor,0,14973,115,0,Personal Auto,SUV,828
WJ57919,California,M,College,0,56342,69,0,Special Auto,Four-Door Car,331
FG77231,Oregon,F,Bachelor,0,73054,106,0,Personal Auto,SUV,419
UH32376,Nevada,M,Bachelor,0,21586,106,0,Personal Auto,Two-Door Car,1056
RA43827,Oregon,F,High School or Below,0,0,117,0,Special Auto,SUV,842
WA67245,Oregon,F,High School or Below,0,24193,185,0,Personal Auto,Sports Car,785
GT65478,Oregon,F,College,0,84815,68,0,Personal Auto,Four-Door Car,279
SZ35936,Oregon,F,High School or Below,0,18495,113,0,Corporate Auto,SUV,542
AT41276,California,M,Bachelor,0,36554,70,0,Personal Auto,Two-Door Car,433
JD94356,Oregon,F,Bachelor,0,0,68,0,Personal Auto,Four-Door Car,656
PU88199,Oregon,M,High School or Below,0,99845,110,0,Corporate Auto,SUV,528
OR33365,California,F,College,0,0,69,0,Corporate Auto,Two-Door Car,344
KQ36942,California,M,Bachelor,0,10853,104,0,Corporate Auto,SUV,350
LN62857,California,F,Master,0,23749,77,0,Personal Auto,Four-Door Car,151
GY99465,Oregon,F,College,0,0,69,0,Corporate Auto,Four-Door Car,331
JV58396,California,M,Bachelor,0,0,88,0,Personal Auto,Four-Door Car,422
WC83553,Oregon,M,College,0,92783,61,0,Personal Auto,Two-Door Car,6
CB95310,Arizona,F,Doctor,0,83502,68,0,Personal Auto,Four-Door Car,368
YY71144,Oregon,M,College,0,83846,74,0,Personal Auto,Four-Door Car,355
TP96247,Oregon,F,High School or Below,0,18606,110,0,Personal Auto,SUV,568
HC16500,Arizona,M,Doctor,0,72191,68,0,Personal Auto,Four-Door Car,209
AM29546,Oregon,M,College,0,57733,66,0,Personal Auto,Two-Door Car,393
ZM31116,Arizona,M,Doctor,0,63688,99,0,Personal Auto,Four-Door Car,475
VG40704,California,F,College,0,55855,79,0,Personal Auto,Four-Door Car,272
PJ73790,Oregon,F,Bachelor,0,60021,99,0,Special Auto,Four-Door Car,882
KE36052,Arizona,M,High School or Below,0,0,73,0,Corporate Auto,Two-Door Car,496
HW97280,California,M,High School or Below,0,74300,122,0,Personal Auto,SUV,354
WX10701,Washington,M,Bachelor,0,0,96,0,Corporate Auto,Four-Door Car,460
CC16034,Oregon,F,High School or Below,0,51747,71,0,Personal Auto,Four-Door Car,340
YA83600,Arizona,F,High School or Below,0,28887,73,0,Personal Auto,Four-Door Car,425
UE10014,Arizona,M,High School or Below,0,0,189,0,Personal Auto,Luxury Car,1415
NV11692,Nevada,F,Bachelor,0,0,68,0,Personal Auto,Four-Door Car,546
XJ52902,Nevada,M,High School or Below,0,43540,70,0,Corporate Auto,Two-Door Car,117
EI89831,Nevada,F,Bachelor,0,96961,64,0,Corporate Auto,Two-Door Car,81
ZY57929,Arizona,F,College,0,32799,104,0,Personal Auto,SUV,499
KI70852,Nevada,F,Bachelor,0,0,101,0,Personal Auto,SUV,1201
WD38067,California,F,Bachelor,0,72540,88,0,Personal Auto,Two-Door Car,631
NQ45562,California,M,Master,0,35173,180,0,Personal Auto,Sports Car,415
RU75129,Washington,F,High School or Below,0,65431,69,0,Personal Auto,Four-Door Car,331
KC16062,Arizona,F,High School or Below,0,0,100,0,Corporate Auto,SUV,480
VK57280,Washington,M,Bachelor,0,0,72,0,Personal Auto,Four-Door Car,345
AP90638,Arizona,M,High School or Below,0,0,84,0,Personal Auto,Four-Door Car,604
GF12712,California,F,High School or Below,0,40672,121,0,Corporate Auto,SUV,580
QQ26855,California,F,High School or Below,0,52583,113,0,Personal Auto,SUV,528
ZJ90079,Arizona,F,College,0,64816,69,0,Corporate Auto,Four-Door Car,331
CE75354,California,F,Bachelor,0,36685,74,0,Corporate Auto,Four-Door Car,355
CP38401,Oregon,M,High School or Below,0,0,136,0,Personal Auto,Sports Car,979
ZZ42291,California,F,Master,0,77143,125,0,Personal Auto,SUV,176
EI57866,Arizona,M,Master,0,60942,64,0,Special Auto,Two-Door Car,288
KL39986,Arizona,F,High School or Below,0,0,61,0,Personal Auto,Two-Door Car,366
PL18921,Oregon,F,Master,0,21514,62,0,Personal Auto,Two-Door Car,257
SR71068,Washington,M,High School or Below,0,25927,103,0,Personal Auto,SUV,674
JM47657,Oregon,F,High School or Below,0,25965,65,0,Personal Auto,Four-Door Car,329
JZ54775,Arizona,F,Bachelor,0,27688,92,0,Personal Auto,Four-Door Car,572
LO57469,Oregon,F,High School or Below,0,75490,97,0,Corporate Auto,Four-Door Car,43
DA99797,Oregon,F,Bachelor,0,33871,136,0,Personal Auto,SUV,933
WA63124,Nevada,F,College,0,0,65,0,Personal Auto,Four-Door Car,468
YV97407,California,M,College,0,85470,109,0,Personal Auto,SUV,523
UQ71296,Washington,M,College,0,97095,70,0,Personal Auto,Four-Door Car,208
LY14687,Washington,F,College,0,73604,114,0,Personal Auto,SUV,184
AM32820,California,M,Bachelor,0,0,112,0,Personal Auto,SUV,1082
ZP47993,California,F,Bachelor,0,40646,103,0,Personal Auto,Four-Door Car,494
WN13366,Arizona,F,High School or Below,0,74454,71,0,Personal Auto,Four-Door Car,340
MK87221,Arizona,F,High School or Below,0,18168,87,0,Personal Auto,Two-Door Car,417
BC77846,Nevada,M,High School or Below,0,0,89,0,Personal Auto,Two-Door Car,614
YL27602,Oregon,M,Master,0,0,66,0,Personal Auto,Four-Door Car,316
QS70017,Arizona,M,Bachelor,0,43597,110,0,Personal Auto,Two-Door Car,528
PZ80067,Oregon,M,High School or Below,0,0,140,0,Personal Auto,SUV,672
FV62588,Oregon,M,High School or Below,0,66825,69,0,Personal Auto,Four-Door Car,70
IN56924,California,F,High School or Below,0,0,62,0,Personal Auto,Four-Door Car,297
IX67925,California,M,Bachelor,0,0,74,0,Personal Auto,Four-Door Car,532
IS58553,Oregon,F,High School or Below,0,22448,126,0,Personal Auto,SUV,604
AB78984,Oregon,M,College,0,42596,96,0,Personal Auto,Four-Door Car,42
WN13947,Oregon,M,Bachelor,0,0,70,0,Corporate Auto,Four-Door Car,646
VA91846,Arizona,M,College,0,97868,70,0,Special Auto,Two-Door Car,267
KM58067,California,F,High School or Below,0,92921,112,0,Personal Auto,SUV,109
EL42453,Washington,M,Bachelor,0,41372,64,0,Personal Auto,Four-Door Car,307
TP10619,California,F,High School or Below,0,26660,63,0,Personal Auto,Two-Door Car,453
AH41065,Washington,M,High School or Below,0,58851,79,0,Personal Auto,Four-Door Car,494
SS63511,California,M,High School or Below,0,95697,107,0,Corporate Auto,Sports Car,178
NE21279,California,F,Master,0,0,112,0,Personal Auto,SUV,537
TN71995,Arizona,M,Bachelor,0,0,84,0,Personal Auto,Four-Door Car,403
OM13505,Washington,M,Bachelor,0,81741,64,0,Corporate Auto,Four-Door Car,186
KI83797,Oregon,F,College,0,48295,63,0,Personal Auto,Four-Door Car,290
SH60585,Nevada,F,High School or Below,0,65538,72,0,Personal Auto,Four-Door Car,261
GU33167,Oregon,M,College,0,53997,69,0,Personal Auto,Four-Door Car,345
BX20846,Oregon,F,College,0,93272,95,0,Personal Auto,Four-Door Car,281
VK69632,California,F,Bachelor,0,68899,74,0,Personal Auto,Two-Door Car,66
RU72450,California,M,Bachelor,0,0,67,0,Corporate Auto,Four-Door Car,321
KN15789,Nevada,F,High School or Below,0,0,97,0,Personal Auto,Four-Door Car,698
GG29821,Oregon,M,Bachelor,0,54950,103,0,Corporate Auto,SUV,480
RN98239,California,M,High School or Below,0,96306,95,0,Personal Auto,Four-Door Car,185
NE83217,Nevada,F,Bachelor,0,70342,96,0,Personal Auto,Four-Door Car,685
YU72630,Arizona,M,High School or Below,0,72421,65,0,Personal Auto,Four-Door Car,312
EZ80325,California,F,Bachelor,0,0,132,0,Personal Auto,Sports Car,950
CE41738,Oregon,F,College,0,77748,72,0,Personal Auto,Two-Door Car,7
HF15113,Oregon,F,Bachelor,0,19096,64,0,Personal Auto,Two-Door Car,374
WZ83320,Arizona,F,Master,0,73876,112,0,Personal Auto,Four-Door Car,419
XX31571,Washington,M,High School or Below,0,0,237,0,Personal Auto,Luxury Car,1706
US90854,Oregon,M,Bachelor,0,20742,100,0,Personal Auto,SUV,455
FX55357,Arizona,M,College,0,44804,114,0,Corporate Auto,SUV,778
LR32149,Arizona,F,Bachelor,0,52993,64,0,Personal Auto,Four-Door Car,304
UK66803,Oregon,F,Bachelor,0,49185,61,0,Corporate Auto,Two-Door Car,126
VO87159,Oregon,F,High School or Below,0,69240,194,0,Personal Auto,Luxury SUV,744
QK23524,Oregon,F,Bachelor,0,26877,131,0,Personal Auto,SUV,628
ZQ37164,Arizona,F,Bachelor,0,82828,67,0,Personal Auto,Four-Door Car,217
FG47217,California,M,Bachelor,0,99824,63,0,Special Auto,Four-Door Car,302
FQ46354,California,M,Bachelor,0,30352,89,0,Personal Auto,Four-Door Car,146
AG56998,Oregon,M,College,0,0,69,0,Corporate Auto,Two-Door Car,331
KG23128,Oregon,M,Bachelor,0,27681,83,0,Personal Auto,Two-Door Car,398
NX34811,Nevada,F,Bachelor,0,85478,103,0,Personal Auto,Two-Door Car,224
PY79729,Oregon,F,High School or Below,0,94310,70,0,Corporate Auto,Four-Door Car,430
VJ64329,Oregon,F,College,0,13663,97,0,Corporate Auto,Four-Door Car,465
CO71312,Arizona,F,High School or Below,0,10384,151,0,Personal Auto,SUV,914
VG83453,California,M,Doctor,0,17272,93,0,Personal Auto,Two-Door Car,446
JD78271,Nevada,F,College,0,64367,104,0,Personal Auto,SUV,96
XM69101,Oregon,M,Bachelor,0,47519,96,0,Personal Auto,Two-Door Car,245
HK30754,Arizona,M,College,0,26263,85,0,Special Auto,Two-Door Car,475
WJ47053,Oregon,M,Bachelor,0,0,63,0,Personal Auto,Two-Door Car,556
HX36471,California,F,High School or Below,0,0,93,0,Personal Auto,Two-Door Car,855
HS66275,California,F,High School or Below,0,77309,83,0,Personal Auto,Two-Door Car,596
MB75636,Oregon,F,College,0,50876,61,0,Personal Auto,Four-Door Car,171
KB35786,Oregon,M,Bachelor,0,20284,65,0,Personal Auto,Four-Door Car,532
LX42787,California,M,College,0,22567,69,0,Personal Auto,Four-Door Car,496
SS34897,California,M,Bachelor,0,63546,64,0,Personal Auto,Four-Door Car,131
ZQ92997,Nevada,M,High School or Below,0,0,89,0,Personal Auto,Four-Door Car,640
OB66874,Oregon,F,College,0,28137,65,0,Personal Auto,Two-Door Car,312
LE74625,California,M,Master,0,22608,77,0,Personal Auto,Four-Door Car,369
QN60028,California,M,Bachelor,0,92296,69,0,Corporate Auto,Two-Door Car,331
GV19121,Oregon,M,College,0,0,69,0,Personal Auto,Two-Door Car,331
PS43764,Washington,M,High School or Below,0,12430,73,0,Special Auto,Four-Door Car,350
YW60802,Oregon,F,High School or Below,0,0,116,0,Personal Auto,SUV,1301
UI80897,Washington,M,High School or Below,0,50470,71,0,Corporate Auto,Two-Door Car,377
VV35420,Arizona,M,High School or Below,0,44788,61,0,Personal Auto,Four-Door Car,386
RW61528,Nevada,F,College,0,52423,119,0,Corporate Auto,Four-Door Car,571
LT60268,Nevada,F,College,0,29696,139,0,Personal Auto,SUV,478
VA77345,Oregon,F,College,0,26884,89,0,Special Auto,Four-Door Car,238
WG15595,California,M,College,0,64388,69,0,Personal Auto,Two-Door Car,331
FZ45665,Oregon,F,Bachelor,0,0,61,0,Personal Auto,Four-Door Car,292
MM90239,Oregon,M,High School or Below,0,34498,83,0,Personal Auto,Two-Door Car,398
UG18431,Arizona,M,Bachelor,0,73060,108,0,Special Auto,SUV,518
BE78308,Oregon,M,Bachelor,0,0,63,0,Personal Auto,Two-Door Car,453
EM29019,Arizona,F,Bachelor,0,61337,105,0,Personal Auto,SUV,2
SK37917,Nevada,M,College,0,0,73,0,Corporate Auto,Two-Door Car,350
DD68171,Arizona,F,Bachelor,0,59496,88,0,Personal Auto,Four-Door Car,189
NF20746,Oregon,F,Bachelor,0,0,180,0,Personal Auto,Luxury Car,1474
PY48656,Arizona,F,Master,0,37813,78,0,Corporate Auto,Four-Door Car,39
AO42003,Oregon,F,College,0,55907,104,0,Corporate Auto,SUV,499
DK41858,Arizona,F,College,0,80480,72,0,Personal Auto,Four-Door Car,242
TY20016,Oregon,M,Bachelor,0,72734,66,0,Personal Auto,Two-Door Car,195
OH76118,Washington,F,High School or Below,0,0,72,0,Personal Auto,Four-Door Car,22
IZ79227,Arizona,M,Bachelor,0,36548,76,0,Personal Auto,Four-Door Car,547
HN10814,Arizona,M,Master,0,62113,104,0,Personal Auto,SUV,5
OD25312,Arizona,M,College,0,0,67,0,Personal Auto,Four-Door Car,747
ZR32858,California,F,Bachelor,0,41252,109,0,Personal Auto,SUV,514
FC68244,Oregon,M,High School or Below,0,61139,76,0,Personal Auto,Four-Door Car,364
VS86041,Arizona,F,Bachelor,0,26744,68,0,Corporate Auto,Two-Door Car,326
EQ82942,California,F,Bachelor,0,0,132,0,Personal Auto,SUV,950
ZE82255,California,F,College,0,74640,66,0,Corporate Auto,Four-Door Car,375
DA79544,Oregon,M,Bachelor,0,88126,64,0,Personal Auto,Four-Door Car,151
WG33213,California,F,Bachelor,0,55005,70,0,Personal Auto,Four-Door Car,336
DP97298,California,M,High School or Below,0,33190,123,0,Personal Auto,Sports Car,40
JH73645,California,M,High School or Below,0,0,71,0,Personal Auto,Four-Door Car,839
SK98708,Oregon,F,College,0,0,117,0,Corporate Auto,Four-Door Car,609
ZZ62245,Oregon,F,High School or Below,0,0,97,0,Personal Auto,Four-Door Car,669
AU46604,California,M,Bachelor,0,0,64,0,Personal Auto,Four-Door Car,731
HD44279,Arizona,F,Bachelor,0,25226,71,0,Personal Auto,Four-Door Car,340
LS99940,California,F,Master,0,63398,83,0,Personal Auto,Four-Door Car,292
EY27917,Oregon,M,Master,0,30092,108,0,Personal Auto,SUV,192
ZJ22033,Washington,M,College,0,37876,69,0,Corporate Auto,Four-Door Car,300
TZ60132,Oregon,F,High School or Below,0,12201,84,0,Corporate Auto,Four-Door Car,604
XG74199,Oregon,M,College,0,37970,115,0,Personal Auto,SUV,124
YM74115,Nevada,M,Bachelor,0,28898,67,0,Corporate Auto,Four-Door Car,82
LO48126,Oregon,F,High School or Below,0,23845,61,0,Personal Auto,Four-Door Car,292
NM37561,California,M,High School or Below,0,62810,187,0,Corporate Auto,Luxury Car,32
HW19141,Oregon,F,Bachelor,0,65773,89,0,Corporate Auto,Four-Door Car,245
OD21455,California,M,Bachelor,0,0,69,0,Personal Auto,Four-Door Car,232
WN14477,California,M,Bachelor,0,0,86,0,Personal Auto,Four-Door Car,568
YK88644,Nevada,M,Master,0,0,95,0,Personal Auto,Four-Door Car,476
YO41331,Oregon,F,College,0,41479,94,0,Personal Auto,Two-Door Car,19
PB39857,California,M,Master,0,72433,126,0,Personal Auto,SUV,343
NW67881,Oregon,M,Bachelor,0,74586,103,0,Personal Auto,SUV,494
BN13780,California,F,Bachelor,0,0,234,0,Personal Auto,Luxury SUV,1135
EZ70847,Washington,F,College,0,67326,69,0,Corporate Auto,Four-Door Car,331
YR75102,Arizona,M,College,0,25285,114,0,Personal Auto,SUV,547
RS30611,Arizona,M,High School or Below,0,15871,89,0,Personal Auto,Four-Door Car,427
QT61438,Oregon,M,Master,0,38795,82,0,Corporate Auto,Two-Door Car,393
MD44130,Oregon,M,High School or Below,0,24882,72,0,Corporate Auto,Two-Door Car,345
MS78828,Nevada,F,College,0,33169,128,0,Personal Auto,SUV,614
DG31826,California,M,Bachelor,0,86305,62,0,Corporate Auto,Four-Door Car,80
WW67905,Oregon,M,High School or Below,0,0,112,0,Corporate Auto,SUV,537
LS92540,California,F,College,0,32210,103,0,Corporate Auto,SUV,494
RP92511,Nevada,M,Bachelor,0,69090,139,0,Personal Auto,Sports Car,387
LK63879,California,F,High School or Below,0,0,63,0,Personal Auto,Four-Door Car,523
BT20606,Arizona,M,Doctor,0,83308,73,0,Personal Auto,Four-Door Car,419
WW31823,Oregon,F,High School or Below,0,39034,68,0,Personal Auto,Four-Door Car,466
MN79082,Oregon,M,College,0,46750,82,0,Corporate Auto,Two-Door Car,672
ID89933,Oregon,F,Doctor,0,39786,91,0,Personal Auto,Four-Door Car,365
NM77390,Nevada,M,High School or Below,0,56788,108,0,Special Auto,SUV,579
NN79124,Nevada,M,Bachelor,0,90156,114,0,Personal Auto,SUV,388
DF97701,Oregon,F,Bachelor,0,63867,89,0,Corporate Auto,Four-Door Car,432
EJ73184,California,F,Bachelor,0,83413,118,0,Personal Auto,SUV,134
GE43335,Nevada,M,College,0,0,118,0,Personal Auto,SUV,566
HB68898,Oregon,F,Bachelor,0,36116,171,0,Corporate Auto,SUV,158
UP80657,Washington,M,College,0,56342,69,0,Corporate Auto,Four-Door Car,331
PR13091,Oregon,F,College,0,55542,117,0,Personal Auto,Sports Car,310
YV73432,Oregon,M,College,0,58466,66,0,Personal Auto,Two-Door Car,316
CG90504,Oregon,F,College,0,12964,65,0,Personal Auto,Two-Door Car,362
SH12501,Washington,M,High School or Below,0,43412,94,0,Personal Auto,Two-Door Car,509
ZR58728,Nevada,M,Master,0,82611,74,0,Personal Auto,Four-Door Car,355
NS57426,Arizona,M,Bachelor,0,28915,76,0,Personal Auto,Four-Door Car,364
HU99414,Oregon,M,High School or Below,0,0,207,0,Personal Auto,Luxury Car,1490
LP86596,Arizona,F,High School or Below,0,0,70,0,Personal Auto,Four-Door Car,336
HR92775,California,F,College,0,91774,81,0,Personal Auto,Four-Door Car,285
DQ69331,Washington,M,High School or Below,0,27972,61,0,Personal Auto,Four-Door Car,292
SP41790,California,M,Bachelor,0,0,96,0,Personal Auto,Four-Door Car,460
YA52900,Oregon,M,College,0,0,122,0,Corporate Auto,SUV,681
RQ88363,California,F,College,0,77857,64,0,Personal Auto,Four-Door Car,160
OZ37864,Oregon,F,Bachelor,0,0,62,0,Personal Auto,Four-Door Car,114
EH27304,California,F,Doctor,0,56502,74,0,Personal Auto,Four-Door Car,355
CR37971,Oregon,M,Bachelor,0,95018,97,0,Personal Auto,Four-Door Car,315
KL54950,Oregon,M,Bachelor,0,23705,122,0,Personal Auto,SUV,585
DS75515,California,M,Bachelor,0,72333,70,0,Personal Auto,Two-Door Car,177
YW72997,Arizona,M,High School or Below,0,0,107,0,Personal Auto,SUV,770
MR13691,Arizona,M,Bachelor,0,47622,80,0,Personal Auto,Four-Door Car,305
PP20957,Nevada,F,Bachelor,0,0,105,0,Personal Auto,SUV,504
KJ41153,Oregon,M,College,0,79632,106,0,Personal Auto,SUV,344
WX49215,Oregon,M,Master,0,16154,62,0,Personal Auto,Four-Door Car,91
CH78309,Oregon,M,College,0,72211,73,0,Personal Auto,Four-Door Car,44
UF54329,California,M,College,0,70892,76,0,Corporate Auto,Two-Door Car,206
CQ59706,Washington,F,College,0,49367,63,0,Personal Auto,Four-Door Car,69
KP77095,Arizona,F,Bachelor,0,68086,194,0,Corporate Auto,SUV,218
PP14656,Washington,M,Master,0,90353,70,0,Personal Auto,Two-Door Car,72
QM74025,Oregon,F,High School or Below,0,49558,115,0,Personal Auto,SUV,552
RW67951,Washington,M,Bachelor,0,93485,72,0,Personal Auto,Four-Door Car,127
ED13353,Oregon,M,High School or Below,0,10629,74,0,Personal Auto,Four-Door Car,532
LG49010,California,M,Bachelor,0,10237,72,0,Personal Auto,Two-Door Car,253
UA74474,Oregon,F,College,0,87517,112,0,Corporate Auto,Four-Door Car,802
AC79024,Nevada,M,Bachelor,0,23241,70,0,Personal Auto,Two-Door Car,504
SD61306,Arizona,M,High School or Below,0,60861,66,0,Personal Auto,Four-Door Car,65
PF88939,Nevada,M,Doctor,0,21726,104,0,Personal Auto,SUV,697
FG64765,Arizona,M,Bachelor,0,36313,67,0,Personal Auto,Four-Door Car,300
DC79319,California,F,Bachelor,0,29160,87,0,Personal Auto,Two-Door Car,417
HS45195,California,M,High School or Below,0,0,99,0,Personal Auto,Two-Door Car,712
VN73653,Oregon,M,College,0,0,188,0,Corporate Auto,Luxury SUV,1621
WL72919,California,F,College,0,48139,63,0,Personal Auto,Four-Door Car,329
DO31181,Oregon,F,College,0,0,76,0,Personal Auto,Two-Door Car,38
WY23230,Oregon,F,College,0,13688,84,0,Personal Auto,Two-Door Car,403
SK89479,California,M,College,0,0,73,0,Corporate Auto,Four-Door Car,525
BM30720,Nevada,F,High School or Below,0,27649,63,0,Personal Auto,Four-Door Car,302
XG92008,Arizona,F,Master,0,24191,80,0,Personal Auto,Four-Door Car,103
CJ46674,Oregon,M,High School or Below,0,0,71,0,Corporate Auto,Four-Door Car,517
UJ31096,Oregon,F,High School or Below,0,58493,67,0,Personal Auto,Four-Door Car,321
GS44464,California,F,High School or Below,0,82477,90,0,Personal Auto,Two-Door Car,432
XP35430,Oregon,F,College,0,88663,79,0,Special Auto,Four-Door Car,379
QI51950,Nevada,F,High School or Below,0,74057,109,0,Personal Auto,SUV,523
PL88841,Arizona,M,Bachelor,0,0,63,0,Corporate Auto,Two-Door Car,302
ZW51790,Arizona,F,College,0,52342,66,0,Personal Auto,Two-Door Car,316
MY80820,California,M,Bachelor,0,42012,63,0,Corporate Auto,Four-Door Car,40
NE13752,Arizona,M,Bachelor,0,56021,69,0,Personal Auto,Four-Door Car,279
VL51487,California,M,High School or Below,0,35124,137,0,Personal Auto,SUV,986
DD97473,Oregon,F,High School or Below,0,0,62,0,Personal Auto,Four-Door Car,439
QJ89807,Nevada,F,High School or Below,0,0,125,0,Personal Auto,SUV,900
GK24074,Arizona,F,College,0,37202,93,0,Personal Auto,Two-Door Car,322
DL61016,Oregon,M,College,0,65985,71,0,Special Auto,Four-Door Car,42
EV60177,California,F,High School or Below,0,87771,74,0,Personal Auto,Four-Door Car,355
OS96036,Arizona,F,College,0,63624,115,0,Personal Auto,SUV,306
AF37776,California,F,Bachelor,0,80192,129,0,Personal Auto,SUV,200
NC78961,Oregon,M,Bachelor,0,35945,105,0,Personal Auto,SUV,756
YA15471,Oregon,M,College,0,93004,63,0,Corporate Auto,Four-Door Car,205
KX80728,Washington,M,High School or Below,0,0,89,0,Personal Auto,Four-Door Car,941
VV47792,California,F,College,0,71210,214,0,Personal Auto,Luxury Car,1027
GE80842,Oregon,F,College,0,99159,190,0,Personal Auto,Luxury SUV,912
QA93530,Nevada,F,College,0,81491,72,0,Personal Auto,Four-Door Car,61
GA27295,California,F,Master,0,99875,108,0,Personal Auto,SUV,114
EL55611,California,F,High School or Below,0,51705,139,0,Personal Auto,SUV,545
TL39050,Arizona,F,Bachelor,0,39837,201,0,Corporate Auto,Luxury SUV,381
ZQ96022,Oregon,F,College,0,31421,81,0,Personal Auto,Two-Door Car,388
OM69210,Arizona,M,Bachelor,0,81531,135,0,Personal Auto,SUV,420
VU72280,California,F,Bachelor,0,25134,67,0,Corporate Auto,Four-Door Car,321
WC21189,California,F,College,0,37386,97,0,Corporate Auto,Four-Door Car,465
JX50334,California,F,College,0,0,66,0,Corporate Auto,Four-Door Car,316
GB70736,Oregon,F,College,0,99553,68,0,Corporate Auto,Four-Door Car,111
PU21485,Arizona,F,Bachelor,0,0,161,0,Corporate Auto,SUV,1159
MF49636,Arizona,M,High School or Below,0,70705,69,0,Personal Auto,Two-Door Car,272
TG29325,Nevada,F,College,0,22724,69,0,Personal Auto,Four-Door Car,9
MW83318,Oregon,F,College,0,26320,111,0,Corporate Auto,SUV,603
LM54297,Nevada,M,Bachelor,0,0,69,0,Personal Auto,Four-Door Car,806
NI78185,California,M,College,0,0,70,0,Personal Auto,Four-Door Car,425
HL14274,California,F,College,0,88218,99,0,Personal Auto,Two-Door Car,50
SF86727,Nevada,M,Master,0,25180,70,0,Personal Auto,Four-Door Car,235
EM89554,Oregon,F,Bachelor,0,48091,108,0,Personal Auto,SUV,132
XP50892,Oregon,M,High School or Below,0,92539,100,0,Corporate Auto,SUV,25
VH77056,Arizona,F,Bachelor,0,40658,61,0,Personal Auto,Four-Door Car,38
JF19701,Arizona,M,Bachelor,0,75453,112,0,Special Auto,SUV,163
JN49891,Oregon,M,College,0,94003,64,0,Personal Auto,Four-Door Car,307
CX65318,Arizona,M,Master,0,31737,218,0,Personal Auto,Luxury SUV,1046
HL35876,Washington,M,College,0,0,70,0,Personal Auto,Four-Door Car,425
RD87161,Washington,F,High School or Below,0,0,71,0,Personal Auto,Four-Door Car,340
CF50291,California,F,College,0,0,114,0,Personal Auto,Four-Door Car,1343
VF35858,California,M,Bachelor,0,48885,190,0,Personal Auto,Luxury Car,1090
XG55762,Nevada,F,Bachelor,0,0,79,0,Corporate Auto,Four-Door Car,379
EC28314,California,M,Bachelor,0,86305,62,0,Personal Auto,Four-Door Car,80
GR53936,Oregon,F,Bachelor,0,28909,66,0,Corporate Auto,Two-Door Car,456
DV51398,California,M,High School or Below,0,0,123,0,Personal Auto,SUV,1088
YF81002,Oregon,M,College,0,26140,84,0,Personal Auto,Two-Door Car,403
YM20358,Oregon,M,Bachelor,0,35095,73,0,Personal Auto,Two-Door Car,525
AZ75509,Arizona,F,Bachelor,0,31678,63,0,Personal Auto,Two-Door Car,76
No93155,Arizona,M,Master,0,28245,62,0,Personal Auto,Two-Door Car,297
FG21322,Oregon,F,Bachelor,0,0,72,0,Personal Auto,Four-Door Car,345
GO44613,Nevada,F,High School or Below,0,19168,106,0,Personal Auto,SUV,508
ZW93288,California,F,Master,0,22705,239,0,Personal Auto,Luxury SUV,1294
MS67230,Nevada,F,College,0,86481,65,0,Corporate Auto,Two-Door Car,189
FQ32742,Arizona,M,Doctor,0,38008,68,0,Personal Auto,Four-Door Car,321
YF30946,California,M,College,0,63032,61,0,Personal Auto,Four-Door Car,404
TH69908,Washington,F,College,0,27228,129,0,Personal Auto,Sports Car,238
QA78691,Nevada,F,Bachelor,0,0,68,0,Personal Auto,Four-Door Car,483
NL44360,Oregon,F,Bachelor,0,13424,71,0,Personal Auto,Four-Door Car,340
HO77809,Oregon,F,College,0,59098,110,0,Personal Auto,SUV,665
MC30750,Oregon,F,Master,0,16181,181,0,Personal Auto,SUV,1261
HU41273,Oregon,M,High School or Below,0,95697,107,0,Personal Auto,Sports Car,178
VS73599,Arizona,M,College,0,26806,63,0,Personal Auto,Four-Door Car,302
TO74000,Oregon,M,High School or Below,0,30595,69,0,Corporate Auto,Four-Door Car,446
MS45259,Nevada,M,College,0,88079,61,0,Personal Auto,Two-Door Car,121
LI45265,Oregon,F,Bachelor,0,99803,71,0,Personal Auto,Four-Door Car,189
LK70293,Nevada,F,High School or Below,0,0,118,0,Personal Auto,Four-Door Car,1118
FY24370,Oregon,M,Bachelor,0,0,191,0,Personal Auto,Luxury Car,1375
YE64125,Oregon,F,College,0,36283,68,0,Personal Auto,Four-Door Car,291
QT39025,Arizona,F,Bachelor,0,66991,115,0,Personal Auto,SUV,399
LO15516,California,M,Bachelor,0,34322,70,0,Corporate Auto,Four-Door Car,336
FM47139,Oregon,F,College,0,44855,63,0,Personal Auto,Four-Door Car,103
LW59140,Arizona,M,Bachelor,0,97729,115,0,Personal Auto,Four-Door Car,221
JA26024,Oregon,F,High School or Below,0,48263,104,0,Personal Auto,Two-Door Car,674
YF16441,California,F,Bachelor,0,68343,79,0,Personal Auto,Two-Door Car,379
QT43282,Oregon,M,Master,0,76847,118,0,Corporate Auto,SUV,31
NL17964,Oregon,M,High School or Below,0,35795,65,0,Personal Auto,Four-Door Car,312
CD27895,California,F,Bachelor,0,0,71,0,Personal Auto,Four-Door Car,340
CF62992,Oregon,F,High School or Below,0,53074,61,0,Personal Auto,Two-Door Car,268
QK23742,California,F,College,0,0,63,0,Corporate Auto,Four-Door Car,732
UV64489,Arizona,F,Bachelor,0,28743,112,0,Personal Auto,SUV,537
ED65109,California,F,College,0,81839,65,0,Personal Auto,Four-Door Car,74
SC40169,Oregon,F,College,0,14030,72,0,Personal Auto,Two-Door Car,345
PW88443,Oregon,F,College,0,32764,61,0,Personal Auto,Two-Door Car,292
YZ38778,Oregon,M,Master,0,74775,95,0,Personal Auto,Four-Door Car,676
EO77382,Arizona,F,Bachelor,0,53503,114,0,Personal Auto,Four-Door Car,547
SM42728,California,M,College,0,34455,135,0,Personal Auto,SUV,648
PX31667,Washington,M,High School or Below,0,52198,74,0,Personal Auto,Two-Door Car,355
NC35008,Oregon,F,College,0,64429,133,0,Personal Auto,SUV,222
XC77244,Oregon,M,High School or Below,0,44788,61,0,Personal Auto,Four-Door Car,386
UM52895,California,F,Bachelor,0,30130,110,0,Personal Auto,SUV,528
WV39838,Arizona,F,College,0,0,65,0,Personal Auto,Two-Door Car,149
IT92328,Nevada,M,High School or Below,0,0,275,0,Corporate Auto,Luxury SUV,1980
QD86074,Oregon,F,High School or Below,0,34337,113,0,Corporate Auto,Four-Door Car,542
WH80404,California,M,High School or Below,0,22276,111,0,Personal Auto,SUV,783
XH20787,California,M,College,0,52980,64,0,Personal Auto,Four-Door Car,191
ZU50513,California,F,Bachelor,0,97736,74,0,Personal Auto,Four-Door Car,60
TW42649,Washington,F,College,0,0,67,0,Corporate Auto,Two-Door Car,222
QH46481,Washington,F,High School or Below,0,0,73,0,Corporate Auto,Four-Door Car,792
MQ73697,Nevada,F,College,0,68727,94,0,Corporate Auto,Two-Door Car,386
UG48681,Nevada,M,Bachelor,0,71391,67,0,Personal Auto,Four-Door Car,284
ID58230,California,F,College,0,62271,63,0,Personal Auto,Four-Door Car,25
DY35486,California,M,High School or Below,0,0,187,0,Personal Auto,Luxury Car,1346
EP64833,California,F,High School or Below,0,0,86,0,Corporate Auto,Four-Door Car,412
MC69755,Washington,F,Bachelor,0,0,76,0,Personal Auto,Four-Door Car,364
ZZ41158,Washington,M,College,0,28506,104,0,Personal Auto,SUV,499
QM59790,Arizona,F,High School or Below,0,0,86,0,Personal Auto,Four-Door Car,412
LL67008,California,F,Bachelor,0,0,94,0,Corporate Auto,Four-Door Car,676
ZU69163,California,F,Doctor,0,94161,69,0,Personal Auto,Four-Door Car,108
EB72052,Oregon,M,College,0,33345,102,0,Personal Auto,SUV,694
WA60547,California,F,College,0,64195,158,0,Personal Auto,SUV,618
RV97631,Oregon,F,College,0,0,138,0,Corporate Auto,SUV,688
SS20130,Oregon,F,Bachelor,0,67414,68,0,Personal Auto,Four-Door Car,148
ZI72165,Arizona,M,High School or Below,0,33176,63,0,Corporate Auto,Four-Door Car,302
HD29166,Oregon,F,Bachelor,0,0,139,0,Personal Auto,SUV,667
NP30139,Oregon,M,College,0,56779,86,0,Corporate Auto,Four-Door Car,435
FV54537,California,M,College,0,40810,114,0,Personal Auto,SUV,780
SG62327,Nevada,M,High School or Below,0,30622,68,0,Corporate Auto,Four-Door Car,326
FX26050,Oregon,M,Doctor,0,14119,67,0,Special Auto,Two-Door Car,68
DU50092,Oregon,F,College,0,77237,283,0,Personal Auto,Luxury SUV,1358
EU48798,Nevada,F,College,0,24980,71,0,Personal Auto,Two-Door Car,511
WE93328,Nevada,F,High School or Below,0,66676,97,0,Corporate Auto,Four-Door Car,558
KP83069,California,F,High School or Below,0,0,69,0,Personal Auto,Four-Door Car,669
GO56075,Oregon,M,High School or Below,0,0,69,0,Personal Auto,Four-Door Car,331
DI19952,Arizona,F,Bachelor,0,0,82,0,Personal Auto,Four-Door Car,157
SV58690,California,M,Bachelor,0,41853,71,0,Personal Auto,Two-Door Car,155
RF35142,Nevada,F,Bachelor,0,23815,73,0,Personal Auto,Four-Door Car,424
CU69816,California,M,Bachelor,0,22885,73,0,Corporate Auto,Four-Door Car,386
JM67025,Nevada,M,High School or Below,0,32630,66,0,Personal Auto,Four-Door Car,202
OB69329,California,F,College,0,18577,86,0,Personal Auto,Four-Door Car,412
GF19726,Oregon,M,High School or Below,0,75952,73,0,Personal Auto,Two-Door Car,350
FH39427,Nevada,M,Bachelor,0,96390,73,0,Corporate Auto,Two-Door Car,316
VM69145,California,F,College,0,25680,73,0,Personal Auto,Two-Door Car,332
GN76399,Nevada,M,Bachelor,0,0,112,0,Personal Auto,Four-Door Car,806
IV94496,Nevada,M,High School or Below,0,51504,220,0,Personal Auto,Luxury SUV,2552
NM91640,Oregon,M,High School or Below,0,0,74,0,Personal Auto,Four-Door Car,532
DS46955,California,F,Master,0,41456,73,0,Personal Auto,Four-Door Car,257
LU82585,Nevada,M,High School or Below,0,44368,80,0,Personal Auto,Two-Door Car,384
QX31376,Oregon,F,Master,0,70961,85,0,Corporate Auto,Four-Door Car,408
SQ36805,Oregon,F,Doctor,0,21986,63,0,Personal Auto,Two-Door Car,333
UY57856,Oregon,F,College,0,0,83,0,Corporate Auto,Four-Door Car,708
OG84541,Arizona,F,Master,0,33514,105,0,Personal Auto,Sports Car,265
NT66759,Arizona,F,College,0,60230,98,0,Personal Auto,Four-Door Car,8
PR74307,California,M,High School or Below,0,0,70,0,Corporate Auto,Four-Door Car,494
PW15144,Washington,M,College,0,40818,66,0,Personal Auto,Four-Door Car,316
KS89479,Oregon,M,College,0,37937,116,0,Personal Auto,SUV,556
QA22158,Arizona,F,College,0,64571,89,0,Corporate Auto,Four-Door Car,452
MK32733,California,M,Bachelor,0,0,126,0,Corporate Auto,SUV,421
WL85494,California,M,College,0,21988,209,0,Personal Auto,Luxury Car,1003
RZ79717,Arizona,M,High School or Below,0,0,95,0,Corporate Auto,Four-Door Car,684
NS12730,Oregon,M,Bachelor,0,24672,93,0,Personal Auto,Two-Door Car,669
YK32760,Oregon,M,High School or Below,0,0,74,0,Corporate Auto,Four-Door Car,355
SS77718,California,M,Bachelor,0,0,96,0,Personal Auto,Four-Door Car,460
QP62600,Oregon,M,Bachelor,0,72878,61,0,Corporate Auto,Two-Door Car,45
ET47892,Oregon,M,College,0,88340,102,0,Personal Auto,Two-Door Car,489
PS78418,Oregon,M,Bachelor,0,52278,73,0,Personal Auto,Two-Door Car,234
SK32629,California,F,College,0,12902,139,0,Personal Auto,Sports Car,667
LQ79472,Arizona,M,College,0,99816,86,0,Corporate Auto,Two-Door Car,172
AI58500,Arizona,F,College,0,26554,68,0,Personal Auto,Two-Door Car,391
ME47990,California,M,High School or Below,0,77485,77,0,Corporate Auto,Four-Door Car,355
KU25309,Oregon,M,College,0,22537,64,0,Corporate Auto,Four-Door Car,307
RW66792,California,F,High School or Below,0,76522,71,0,Personal Auto,Four-Door Car,340
MN32305,Oregon,F,College,0,0,64,0,Personal Auto,Four-Door Car,602
XS98744,Oregon,F,Master,0,22886,65,0,Special Auto,Four-Door Car,312
SL19130,Oregon,M,High School or Below,0,0,115,0,Personal Auto,Two-Door Car,552
JG66653,Oregon,M,High School or Below,0,25506,65,0,Personal Auto,Two-Door Car,312
GQ17441,Nevada,M,High School or Below,0,0,110,0,Personal Auto,SUV,1265
WL67313,California,F,College,0,0,98,0,Personal Auto,Two-Door Car,705
LX33054,Oregon,M,High School or Below,0,0,191,0,Personal Auto,Luxury Car,2042
HN97052,Oregon,F,College,0,0,72,0,Personal Auto,Two-Door Car,345
EB12732,Oregon,F,High School or Below,0,96357,71,0,Personal Auto,Four-Door Car,238
KA29693,California,M,College,0,16266,100,0,Special Auto,SUV,1177
KE41602,Arizona,M,High School or Below,0,76516,95,0,Personal Auto,Two-Door Car,661
QF17193,Arizona,F,College,0,20484,61,0,Personal Auto,Four-Door Car,181
IQ63581,California,F,Master,0,40215,64,0,Personal Auto,Four-Door Car,98
MR39613,California,M,Bachelor,0,22854,122,0,Special Auto,Sports Car,878
RQ22171,California,F,High School or Below,0,0,118,0,Corporate Auto,SUV,264
QV89791,California,F,High School or Below,0,55217,107,0,Personal Auto,Two-Door Car,696
MD15300,California,M,College,0,76276,86,0,Corporate Auto,Two-Door Car,93
OW33876,Washington,F,College,0,47918,62,0,Corporate Auto,Two-Door Car,246
SK12752,California,F,Bachelor,0,0,73,0,Corporate Auto,Two-Door Car,350
BW65176,Arizona,M,College,0,43499,80,0,Personal Auto,Four-Door Car,529
XV31269,Oregon,M,High School or Below,0,0,72,0,Corporate Auto,Two-Door Car,518
NV94455,Arizona,F,College,0,0,71,0,Personal Auto,Two-Door Car,476
QA32784,Oregon,M,Bachelor,0,21497,128,0,Personal Auto,Sports Car,614
UH41125,Arizona,M,High School or Below,0,27972,61,0,Personal Auto,Four-Door Car,292
VS28690,Nevada,F,Master,0,20942,84,0,Personal Auto,Four-Door Car,403
SD63822,Oregon,F,Bachelor,0,0,71,0,Corporate Auto,Four-Door Car,511
QE50648,Washington,F,High School or Below,0,74298,177,0,Corporate Auto,Sports Car,161
EL77795,California,F,College,0,23339,138,0,Corporate Auto,SUV,666
VK98184,Arizona,F,College,0,77031,125,0,Personal Auto,SUV,600
BR69566,Oregon,M,College,0,31739,71,0,Personal Auto,Two-Door Car,469
AI16519,Nevada,M,High School or Below,0,0,66,0,Personal Auto,Two-Door Car,420
SN67992,Washington,F,Bachelor,0,25236,89,0,Personal Auto,Four-Door Car,427
BE31382,Oregon,F,College,0,0,103,0,Personal Auto,SUV,685
ZP49970,Oregon,M,Bachelor,0,40964,74,0,Special Auto,Two-Door Car,355
OA23108,Oregon,F,Doctor,0,40896,109,0,Personal Auto,Sports Car,319
LY90785,Oregon,M,Bachelor,0,95733,72,0,Corporate Auto,Two-Door Car,475
ZR66788,California,F,High School or Below,0,39161,71,0,Personal Auto,Four-Door Car,340
BL12371,Arizona,M,Master,0,84551,72,0,Personal Auto,Four-Door Car,28
GB68813,Nevada,F,Bachelor,0,12843,111,0,Corporate Auto,Four-Door Car,1143
IG90926,Arizona,F,College,0,71551,62,0,Personal Auto,Four-Door Car,297
CT86614,Arizona,M,Bachelor,0,0,71,0,Corporate Auto,Four-Door Car,511
BL13393,Oregon,F,High School or Below,0,77835,74,0,Personal Auto,Four-Door Car,43
TU33850,Washington,F,Bachelor,0,16764,61,0,Personal Auto,Four-Door Car,292
IL25109,Nevada,M,High School or Below,0,39007,105,0,Personal Auto,Two-Door Car,1023
OP67672,Washington,F,Master,0,20290,113,0,Personal Auto,SUV,766
NW73460,Arizona,F,High School or Below,0,46182,65,0,Corporate Auto,Two-Door Car,2
LW57693,Oregon,F,College,0,11920,74,0,Personal Auto,Four-Door Car,355
JD81426,Arizona,M,High School or Below,0,97162,86,0,Personal Auto,Four-Door Car,32
AM99192,Arizona,M,College,0,42743,117,0,Personal Auto,SUV,101
LQ31287,Oregon,F,College,0,0,64,0,Personal Auto,Two-Door Car,40
ZU25563,California,F,College,0,0,87,0,Personal Auto,Four-Door Car,420
RU75949,Oregon,M,College,0,85789,105,0,Personal Auto,Sports Car,122
DV85764,California,M,High School or Below,0,0,82,0,Personal Auto,Four-Door Car,588
VU33725,Oregon,M,High School or Below,0,31349,93,0,Corporate Auto,Four-Door Car,446
SV43220,Oregon,M,College,0,37256,62,0,Personal Auto,Four-Door Car,128
WL61717,Arizona,F,Bachelor,0,0,69,0,Personal Auto,Four-Door Car,331
IW17510,California,F,High School or Below,0,0,102,0,Personal Auto,Sports Car,848
ZS35830,Oregon,F,College,0,58166,67,0,Personal Auto,Four-Door Car,91
TY95197,Washington,F,College,0,0,63,0,Personal Auto,Four-Door Car,453
PU73501,Arizona,M,Bachelor,0,97361,73,0,Personal Auto,Four-Door Car,350
FP65563,Washington,M,High School or Below,0,51937,193,0,Personal Auto,Luxury Car,850
IC44995,Oregon,F,College,0,75921,106,0,Personal Auto,SUV,609
AY55759,California,F,High School or Below,0,92766,71,0,Personal Auto,Two-Door Car,379
GO94903,Oregon,F,College,0,12964,65,0,Personal Auto,Two-Door Car,362
TF35512,Oregon,F,College,0,48117,88,0,Corporate Auto,Four-Door Car,422
HY43263,California,F,Bachelor,0,0,77,0,Corporate Auto,Two-Door Car,554
WP34496,Washington,M,High School or Below,0,0,118,0,Personal Auto,SUV,966
QE73187,Oregon,M,High School or Below,0,66152,111,0,Corporate Auto,SUV,532
WL13766,Arizona,M,High School or Below,0,31093,64,0,Personal Auto,Four-Door Car,274
VT44999,Arizona,F,High School or Below,0,0,107,0,Personal Auto,SUV,513
RZ14993,California,F,High School or Below,0,0,166,0,Special Auto,Sports Car,1195
XI14610,California,F,College,0,19121,95,0,Personal Auto,Four-Door Car,915
VE31268,Oregon,M,Bachelor,0,0,65,0,Personal Auto,Four-Door Car,468
ZD13262,Oregon,F,High School or Below,0,68563,131,0,Personal Auto,SUV,350
OJ58066,Nevada,M,High School or Below,0,24726,92,0,Personal Auto,Four-Door Car,150
RK81706,Arizona,F,College,0,0,97,0,Personal Auto,Four-Door Car,638
NI18835,California,M,Bachelor,0,51991,73,0,Personal Auto,Four-Door Car,124
RA87395,California,M,Bachelor,0,0,118,0,Personal Auto,SUV,153
QN13323,Oregon,M,High School or Below,0,89096,111,0,Personal Auto,SUV,64
BC53363,Oregon,F,High School or Below,0,23031,148,0,Special Auto,SUV,710
VB26229,Arizona,M,Bachelor,0,29540,73,0,Personal Auto,Four-Door Car,350
AD28535,California,F,Master,0,58557,88,0,Personal Auto,Four-Door Car,55
SE50560,Oregon,M,College,0,88816,70,0,Personal Auto,Two-Door Car,164
YL65673,California,F,Bachelor,0,0,61,0,Personal Auto,Four-Door Car,439
WK65741,California,F,High School or Below,0,61809,72,0,Personal Auto,Two-Door Car,328
GZ77449,California,M,College,0,58452,186,0,Corporate Auto,Luxury Car,892
OF49789,Oregon,F,College,0,57161,127,0,Personal Auto,Sports Car,609
YX54093,Arizona,M,College,0,0,65,0,Personal Auto,Four-Door Car,111
TD19026,California,F,High School or Below,0,90083,71,0,Personal Auto,Two-Door Car,181
XT67997,California,F,High School or Below,0,57693,76,0,Personal Auto,Four-Door Car,547
WP65749,Nevada,M,College,0,0,69,0,Personal Auto,Four-Door Car,331
YT91759,California,M,High School or Below,0,44368,80,0,Personal Auto,Two-Door Car,384
YH20696,Oregon,M,College,0,68727,72,0,Personal Auto,Four-Door Car,171
NS14955,Oregon,F,Master,0,40564,97,0,Personal Auto,Four-Door Car,85
UH79028,Nevada,M,High School or Below,0,51066,74,0,Personal Auto,Four-Door Car,787
JM89095,Oregon,M,High School or Below,0,0,92,0,Personal Auto,Two-Door Car,640
NK26146,Washington,F,College,0,90551,61,0,Corporate Auto,Four-Door Car,374
HE99696,Washington,F,College,0,0,67,0,Personal Auto,Four-Door Car,321
HH15953,California,M,Bachelor,0,21353,80,0,Personal Auto,Four-Door Car,576
ZO30377,California,M,High School or Below,0,0,102,0,Personal Auto,Four-Door Car,976
VZ23007,Oregon,F,College,0,55350,67,0,Personal Auto,Four-Door Car,321
DF74270,Nevada,M,Bachelor,0,80321,105,0,Corporate Auto,SUV,166
SE47384,California,F,Bachelor,0,94230,137,0,Special Auto,SUV,657
CS84396,Arizona,M,Bachelor,0,53305,63,0,Corporate Auto,Two-Door Car,302
OQ20827,California,M,College,0,55593,182,0,Corporate Auto,Luxury Car,677
VU47281,Oregon,F,Bachelor,0,0,165,0,Personal Auto,Sports Car,1853
BN62219,Arizona,F,College,0,0,94,0,Personal Auto,Two-Door Car,676
TP39671,Arizona,M,Bachelor,0,0,87,0,Personal Auto,Four-Door Car,132
HX33134,Arizona,M,High School or Below,0,22158,74,0,Personal Auto,Four-Door Car,355
UR49989,Oregon,F,Bachelor,0,81605,67,0,Personal Auto,Two-Door Car,424
VU48786,Washington,M,Master,0,62219,69,0,Personal Auto,Two-Door Car,243
QM46642,California,M,Bachelor,0,15587,71,0,Special Auto,Two-Door Car,136
TG60853,Nevada,F,Doctor,0,0,84,0,Corporate Auto,Four-Door Car,481
CV40610,California,M,College,0,0,116,0,Personal Auto,Two-Door Car,835
HI98447,Oregon,M,High School or Below,0,28505,88,0,Personal Auto,Four-Door Car,422
QD86271,Arizona,M,High School or Below,0,25918,104,0,Personal Auto,SUV,996
ZD75163,Nevada,M,High School or Below,0,0,261,0,Corporate Auto,Luxury Car,2759
LB98130,Oregon,M,Bachelor,0,34137,62,0,Personal Auto,Two-Door Car,297
VZ16820,Washington,M,Bachelor,0,21839,137,0,Personal Auto,Sports Car,657
YE24562,California,M,College,0,20978,98,0,Personal Auto,Four-Door Car,1176
IH78357,Oregon,F,College,0,83392,71,0,Personal Auto,Four-Door Car,125
TH96263,Nevada,F,High School or Below,0,73661,128,0,Personal Auto,SUV,404
DC31768,Arizona,M,Bachelor,0,49793,121,0,Personal Auto,SUV,640
YO81676,Oregon,M,Bachelor,0,0,65,0,Corporate Auto,Two-Door Car,686
MQ79612,California,M,Doctor,0,91890,107,0,Personal Auto,SUV,156
ZZ77357,Nevada,M,High School or Below,0,0,65,0,Corporate Auto,Two-Door Car,468
OE88763,California,F,Bachelor,0,11885,101,0,Corporate Auto,Four-Door Car,484
XP39695,Arizona,F,Bachelor,0,43000,109,0,Personal Auto,SUV,676
QC28119,Oregon,M,High School or Below,0,90043,63,0,Personal Auto,Four-Door Car,203
AZ29426,California,M,College,0,0,72,0,Special Auto,Four-Door Car,345
RI46607,California,F,Bachelor,0,48567,130,0,Corporate Auto,SUV,624
OJ63606,Arizona,F,High School or Below,0,27510,159,0,Corporate Auto,SUV,871
TQ89058,Nevada,F,Master,0,59124,70,0,Personal Auto,Four-Door Car,173
IW78492,Arizona,F,College,0,0,119,0,Personal Auto,Sports Car,856
WE88728,Arizona,F,High School or Below,0,56531,170,0,Corporate Auto,SUV,816
PJ74689,Nevada,F,Bachelor,0,0,139,0,Personal Auto,SUV,667
ZI86917,Nevada,M,Bachelor,0,45277,191,0,Special Auto,Luxury SUV,916
IJ71609,Washington,F,Bachelor,0,0,65,0,Personal Auto,Four-Door Car,368
FP17993,Arizona,F,Bachelor,0,0,73,0,Personal Auto,Four-Door Car,350
EC28398,Oregon,F,Master,0,22886,65,0,Corporate Auto,Four-Door Car,312
ZX85480,Washington,F,High School or Below,0,66685,67,0,Personal Auto,Two-Door Car,38
JP27787,Oregon,F,College,0,65775,72,0,Personal Auto,Four-Door Car,171
NH24429,Arizona,M,Doctor,0,52972,74,0,Special Auto,Four-Door Car,355
QU58523,Arizona,M,Master,0,52979,72,0,Personal Auto,Two-Door Car,345
EZ39383,Arizona,F,Bachelor,0,55436,67,0,Personal Auto,Four-Door Car,321
IR74017,Oregon,F,College,0,32116,132,0,Personal Auto,SUV,277
DH68234,California,M,Master,0,56070,74,0,Personal Auto,Two-Door Car,87
TZ37274,Arizona,M,High School or Below,0,0,62,0,Personal Auto,Four-Door Car,690
QG67362,California,F,Bachelor,0,0,116,0,Personal Auto,SUV,835
TN36916,California,F,Bachelor,0,93621,100,0,Personal Auto,SUV,59
FL74984,Oregon,M,Bachelor,0,79192,70,0,Personal Auto,Two-Door Car,336
FV15346,Arizona,M,College,0,96853,98,0,Personal Auto,Two-Door Car,565
JV12632,Washington,F,Master,0,0,83,0,Corporate Auto,Four-Door Car,355
TF64196,California,F,College,0,75121,73,0,Corporate Auto,Two-Door Car,171
PC27174,Oregon,F,College,0,0,117,0,Personal Auto,Four-Door Car,842
RL28880,Nevada,F,Bachelor,0,69959,63,0,Personal Auto,Two-Door Car,401
FG46631,Oregon,F,Bachelor,0,81400,104,0,Special Auto,Four-Door Car,499
PB29715,California,M,High School or Below,0,0,98,0,Corporate Auto,Two-Door Car,705
ZV42323,California,M,Bachelor,0,67523,72,0,Corporate Auto,Two-Door Car,345
YS49138,California,F,High School or Below,0,62366,108,0,Personal Auto,Four-Door Car,51
XJ34057,California,M,Bachelor,0,67134,131,0,Personal Auto,Sports Car,277
NJ54277,California,F,College,0,41479,94,0,Personal Auto,Two-Door Car,19
RL64888,California,F,College,0,29697,66,0,Personal Auto,Four-Door Car,316
UM28580,Oregon,F,High School or Below,0,58577,110,0,Personal Auto,SUV,303
TO87218,California,F,High School or Below,0,0,106,0,Personal Auto,Sports Car,508
YQ79307,Washington,M,Bachelor,0,51144,61,0,Personal Auto,Two-Door Car,223
KZ80383,Arizona,F,High School or Below,0,29587,76,0,Personal Auto,Four-Door Car,422
TS78649,Arizona,M,High School or Below,0,0,157,0,Personal Auto,Sports Car,753
QX84389,California,M,Master,0,71499,112,0,Corporate Auto,Sports Car,537
WC26700,California,F,Bachelor,0,0,106,0,Corporate Auto,Four-Door Car,763
JR26812,Nevada,M,College,0,0,126,0,Personal Auto,SUV,907
QD17769,Oregon,M,High School or Below,0,75740,64,0,Corporate Auto,Two-Door Car,128
VA89404,California,M,Master,0,53262,62,0,Corporate Auto,Four-Door Car,223
ZR41880,Nevada,F,College,0,75180,77,0,Corporate Auto,Four-Door Car,154
XK49057,California,M,High School or Below,0,31196,62,0,Corporate Auto,Two-Door Car,342
ZM52280,Arizona,M,Bachelor,0,0,186,0,Personal Auto,Luxury SUV,1441
UX93878,Oregon,F,Bachelor,0,34505,106,0,Personal Auto,SUV,359
WY65854,Oregon,F,Bachelor,0,0,82,0,Personal Auto,Four-Door Car,146
ES97823,Oregon,F,Bachelor,0,0,97,0,Personal Auto,Four-Door Car,1154
CX34236,Oregon,M,College,0,37937,116,0,Personal Auto,SUV,556
CQ81839,Oregon,F,College,0,21897,139,0,Personal Auto,SUV,667
ES97399,Nevada,M,High School or Below,0,55994,92,0,Corporate Auto,Four-Door Car,441
GL44478,Oregon,M,High School or Below,0,24067,132,0,Corporate Auto,Sports Car,633
ML79788,Arizona,F,College,0,43630,99,0,Corporate Auto,Four-Door Car,475
KZ67768,Nevada,M,College,0,23811,130,0,Personal Auto,SUV,624
XU67970,Washington,M,College,0,0,62,0,Personal Auto,Two-Door Car,446
IQ40799,Washington,M,Bachelor,0,0,100,0,Personal Auto,SUV,648
BV80674,Oregon,F,Bachelor,0,0,124,0,Personal Auto,SUV,595
TH72397,California,M,Bachelor,0,50562,79,0,Personal Auto,Four-Door Car,545
EC13382,Oregon,F,Master,0,21514,62,0,Corporate Auto,Two-Door Car,257
LE30774,California,M,College,0,80355,187,0,Corporate Auto,Luxury Car,897
RA14734,Arizona,F,High School or Below,0,64125,108,0,Personal Auto,SUV,369
IY31142,Oregon,M,College,0,83800,62,0,Personal Auto,Four-Door Car,196
CK29372,California,F,College,0,23840,64,0,Personal Auto,Four-Door Car,307
KD70601,Washington,F,College,0,54834,72,0,Corporate Auto,Four-Door Car,186
QN76596,California,M,Bachelor,0,80277,112,0,Corporate Auto,SUV,36
XI62151,Oregon,M,College,0,88430,66,0,Personal Auto,Four-Door Car,316
ZQ37702,California,F,High School or Below,0,26255,88,0,Personal Auto,Four-Door Car,52
GE13332,Nevada,M,High School or Below,0,0,95,0,Personal Auto,Four-Door Car,684
LZ84227,Arizona,M,College,0,95715,119,0,Personal Auto,Four-Door Car,148
EX97404,Oregon,F,High School or Below,0,0,70,0,Personal Auto,Four-Door Car,336
RQ99149,California,M,Master,0,32437,69,0,Corporate Auto,Two-Door Car,473
UP57305,California,M,Bachelor,0,22726,65,0,Personal Auto,Four-Door Car,312
IC82877,Arizona,M,Bachelor,0,58092,72,0,Personal Auto,Two-Door Car,202
JO63956,California,M,College,0,83365,109,0,Personal Auto,SUV,523
MD47500,California,M,College,0,12153,69,0,Personal Auto,Four-Door Car,438
OW31837,California,F,Bachelor,0,74028,118,0,Corporate Auto,SUV,53
OY20177,Oregon,M,High School or Below,0,52707,90,0,Corporate Auto,Four-Door Car,432
LZ10377,California,M,High School or Below,0,47451,87,0,Personal Auto,Four-Door Car,417
UB17669,Nevada,F,Bachelor,0,19864,63,0,Personal Auto,Four-Door Car,352
DP77737,Oregon,F,High School or Below,0,28513,100,0,Personal Auto,SUV,480
QT39597,Arizona,M,High School or Below,0,26242,74,0,Personal Auto,Four-Door Car,347
MQ74051,Arizona,F,Bachelor,0,55067,110,0,Personal Auto,SUV,353
MN98042,California,M,College,0,62291,100,0,Personal Auto,Sports Car,480
XJ60303,California,F,Bachelor,0,25048,167,0,Personal Auto,SUV,801
GU42671,Arizona,F,Bachelor,0,16654,79,0,Personal Auto,Four-Door Car,379
DK26322,Washington,M,High School or Below,0,26887,113,0,Special Auto,SUV,542
NT75612,Oregon,F,College,0,22784,70,0,Personal Auto,Four-Door Car,224
AX28231,Washington,M,High School or Below,0,49345,69,0,Personal Auto,Two-Door Car,251
GA89827,Oregon,M,College,0,0,70,0,Personal Auto,Four-Door Car,622
UX91266,California,M,Bachelor,0,34307,92,0,Personal Auto,Four-Door Car,186
UC10048,Oregon,F,College,0,0,95,0,Corporate Auto,Four-Door Car,629
CY90231,Nevada,M,Master,0,44096,72,0,Personal Auto,Four-Door Car,345
QD26729,California,M,College,0,43204,64,0,Personal Auto,Four-Door Car,246
RZ98310,Nevada,F,Bachelor,0,0,92,0,Personal Auto,Four-Door Car,441
VJ73478,Oregon,M,Bachelor,0,0,117,0,Personal Auto,Sports Car,842
KR29524,Oregon,F,Bachelor,0,78596,118,0,Personal Auto,SUV,133
ID58813,California,M,Bachelor,0,38925,112,0,Personal Auto,Sports Car,241
SL98898,Nevada,M,High School or Below,0,0,119,0,Personal Auto,Sports Car,571
LH90819,California,M,Master,0,21885,108,0,Corporate Auto,SUV,52
OL55220,California,F,Bachelor,0,48345,67,0,Personal Auto,Four-Door Car,212
YU90693,California,F,High School or Below,0,77993,62,0,Personal Auto,Four-Door Car,297
NM70181,Oregon,M,Master,0,25748,90,0,Personal Auto,Four-Door Car,117
ZU30804,California,M,College,0,22520,73,0,Personal Auto,Four-Door Car,350
ZT31931,Oregon,M,High School or Below,0,0,95,0,Personal Auto,Two-Door Car,579
BS29584,Oregon,F,College,0,0,73,0,Personal Auto,Four-Door Car,350
SX63814,Arizona,M,High School or Below,0,75986,115,0,Personal Auto,Four-Door Car,89
YL81070,Oregon,M,High School or Below,0,0,205,0,Personal Auto,Luxury Car,1476
RW24925,Oregon,F,College,0,58542,114,0,Personal Auto,SUV,129
FB84409,Arizona,M,Bachelor,0,43640,64,0,Personal Auto,Four-Door Car,1
YP38413,Oregon,F,College,0,86901,72,0,Personal Auto,Two-Door Car,313
ZE53116,Arizona,M,High School or Below,0,94115,74,0,Personal Auto,Four-Door Car,409
SU95720,California,M,High School or Below,0,0,125,0,Personal Auto,SUV,900
UM94104,Oregon,M,High School or Below,0,65375,65,0,Personal Auto,Four-Door Car,6
ET64307,California,F,Bachelor,0,44341,105,0,Personal Auto,Sports Car,355
XD32841,Oregon,M,Bachelor,0,24378,188,0,Corporate Auto,SUV,902
SI90461,Washington,F,High School or Below,0,93489,84,0,Corporate Auto,Four-Door Car,104
RV75918,California,F,College,0,69161,97,0,Personal Auto,Four-Door Car,341
DZ64604,California,M,High School or Below,0,60774,154,0,Personal Auto,SUV,739
WF98532,California,M,Bachelor,0,0,101,0,Personal Auto,SUV,960
GQ15613,Arizona,F,High School or Below,0,54008,67,0,Personal Auto,Four-Door Car,370
XU63766,Oregon,F,Bachelor,0,0,74,0,Personal Auto,Four-Door Car,232
VU35401,Nevada,F,High School or Below,0,44619,68,0,Corporate Auto,Four-Door Car,283
NH95163,Oregon,F,College,0,16476,101,0,Personal Auto,Four-Door Car,313
CD55111,California,M,Master,0,73359,94,0,Corporate Auto,Two-Door Car,107
TQ73797,California,M,Bachelor,0,25949,104,0,Personal Auto,SUV,499
CC43119,California,F,Bachelor,0,62018,73,0,Corporate Auto,Two-Door Car,90
CD38665,California,M,High School or Below,0,41433,183,0,Personal Auto,Luxury Car,1317
JM30137,Washington,F,College,0,0,238,0,Personal Auto,Luxury Car,1142
CJ29883,Arizona,F,Doctor,0,68931,66,0,Personal Auto,Four-Door Car,309
LJ35581,Washington,F,Bachelor,0,0,141,0,Personal Auto,SUV,1015
DL11519,Oregon,M,College,0,0,104,0,Special Auto,SUV,748
AK11719,California,M,Master,0,0,64,0,Corporate Auto,Four-Door Car,286
YL91288,California,F,Master,0,98044,73,0,Personal Auto,Four-Door Car,347
XV53746,California,F,High School or Below,0,91354,68,0,Special Auto,Two-Door Car,361
HU57895,Washington,F,College,0,0,109,0,Corporate Auto,Sports Car,605
MI95708,Arizona,F,High School or Below,0,15083,115,0,Personal Auto,Four-Door Car,552
AX45422,California,F,High School or Below,0,0,61,0,Personal Auto,Four-Door Car,370
KT92231,Oregon,M,Bachelor,0,0,107,0,Personal Auto,Sports Car,1267
BM53580,Oregon,F,Bachelor,0,0,80,0,Personal Auto,Four-Door Car,69
ZB32409,California,F,Bachelor,0,0,67,0,Personal Auto,Four-Door Car,618
XA21742,California,F,Bachelor,0,22955,92,0,Personal Auto,Four-Door Car,441
RD22761,Washington,M,Bachelor,0,0,69,0,Personal Auto,Four-Door Car,566
PZ10136,Oregon,M,Master,0,51641,63,0,Personal Auto,Four-Door Car,137
OG62048,California,F,Master,0,10211,119,0,Personal Auto,SUV,571
IH23596,California,F,Bachelor,0,0,68,0,Corporate Auto,Four-Door Car,296
HE72629,Arizona,F,Bachelor,0,0,80,0,Personal Auto,Two-Door Car,16
KW52549,Arizona,F,Bachelor,0,33806,89,0,Personal Auto,Four-Door Car,395
OZ82391,California,M,Master,0,50269,80,0,Personal Auto,Two-Door Car,32
HH22446,Nevada,M,Bachelor,0,18375,103,0,Personal Auto,Sports Car,535
HW16019,Oregon,M,Bachelor,0,24133,68,0,Personal Auto,Two-Door Car,76
IS30186,California,F,College,0,88375,77,0,Personal Auto,Four-Door Car,0
HN45134,Arizona,M,Master,0,88997,72,0,Personal Auto,Four-Door Car,174
XI79589,California,F,High School or Below,0,0,125,0,Personal Auto,SUV,600
LK57294,Oregon,M,High School or Below,0,23402,61,0,Personal Auto,Four-Door Car,292
JM88889,California,F,High School or Below,0,46396,103,0,Corporate Auto,Four-Door Car,384
EZ51276,Arizona,F,College,0,0,96,0,Personal Auto,Four-Door Car,460
JF16295,Oregon,F,High School or Below,0,0,102,0,Personal Auto,Four-Door Car,489
XU76821,California,F,College,0,33175,66,0,Corporate Auto,Two-Door Car,84
KR62128,California,F,Master,0,63885,114,0,Personal Auto,SUV,86
TG70775,California,F,High School or Below,0,92766,71,0,Personal Auto,Two-Door Car,379
XR75319,Arizona,M,College,0,45515,61,0,Personal Auto,Two-Door Car,236
QB26845,Oregon,M,Bachelor,0,0,115,0,Personal Auto,SUV,1163
No94161,California,M,High School or Below,0,37703,70,0,Corporate Auto,Two-Door Car,83
SQ87105,Oregon,F,Bachelor,0,0,68,0,Corporate Auto,Four-Door Car,489
XM14899,Oregon,M,College,0,0,122,0,Personal Auto,SUV,684
QQ51185,Nevada,F,College,0,64987,66,0,Personal Auto,Four-Door Car,182
XW51700,Arizona,F,High School or Below,0,73180,64,0,Personal Auto,Four-Door Car,132
YK60829,Oregon,F,High School or Below,0,92766,71,0,Corporate Auto,Two-Door Car,379
FB68802,Arizona,M,College,0,0,119,0,Personal Auto,SUV,571
ON67674,California,F,College,0,50071,71,0,Personal Auto,Two-Door Car,18
MS20849,California,M,College,0,53058,91,0,Personal Auto,Four-Door Car,209
VK94354,Oregon,M,Master,0,0,127,0,Special Auto,SUV,22
PZ53130,California,F,College,0,16370,74,0,Personal Auto,Two-Door Car,296
HV75704,California,F,Bachelor,0,70521,63,0,Corporate Auto,Four-Door Car,302
GU18646,Oregon,M,Bachelor,0,58007,81,0,Special Auto,Two-Door Car,518
LI77073,Oregon,M,College,0,31670,179,0,Corporate Auto,Sports Car,1288
FW43809,Oregon,F,High School or Below,0,0,112,0,Personal Auto,Sports Car,537
WC11515,Arizona,F,Bachelor,0,0,70,0,Corporate Auto,Four-Door Car,491
ZT52415,Oregon,F,Bachelor,0,62534,68,0,Personal Auto,Two-Door Car,326
PH83205,Oregon,M,Bachelor,0,26790,71,0,Corporate Auto,Two-Door Car,340
GI46001,California,F,Bachelor,0,0,95,0,Personal Auto,Two-Door Car,456
DY27653,Oregon,F,High School or Below,0,56178,94,0,Personal Auto,Four-Door Car,451
GB70718,Arizona,F,High School or Below,0,28646,61,0,Personal Auto,Four-Door Car,355
YE12395,Oregon,M,High School or Below,0,31267,129,0,Personal Auto,Sports Car,619
MA94219,Nevada,M,College,0,78250,114,0,Personal Auto,Four-Door Car,547
FJ28407,California,M,High School or Below,0,0,153,0,Personal Auto,SUV,1027
CJ72056,California,M,Bachelor,0,65636,67,0,Personal Auto,Four-Door Car,321
QU52713,California,M,Bachelor,0,43177,103,0,Corporate Auto,SUV,420
FE20514,Oregon,M,College,0,26733,66,0,Personal Auto,Four-Door Car,218
RY43586,Oregon,F,Master,0,12590,73,0,Personal Auto,Two-Door Car,132
SK66747,Washington,M,Bachelor,0,33481,188,0,Personal Auto,Luxury SUV,1194
SC31713,California,F,College,0,0,80,0,Personal Auto,Four-Door Car,384
TH72420,Oregon,M,Doctor,0,25752,73,0,Personal Auto,Two-Door Car,378
FD75102,California,F,College,0,27982,87,0,Personal Auto,Two-Door Car,14
LW75453,California,M,Bachelor,0,29445,68,0,Personal Auto,Four-Door Car,334
BS96517,Washington,F,College,0,47455,61,0,Personal Auto,Four-Door Car,278
SO55284,Nevada,F,High School or Below,0,64125,108,0,Personal Auto,SUV,369
SD83603,Oregon,F,College,0,56830,83,0,Personal Auto,Two-Door Car,319
JQ68425,California,M,College,0,58236,108,0,Corporate Auto,SUV,67
VM51572,Washington,M,Bachelor,0,54289,62,0,Personal Auto,Four-Door Car,430
JH58282,California,F,College,0,0,66,0,Personal Auto,Four-Door Car,316
WP23743,California,M,College,0,47482,93,0,Corporate Auto,Four-Door Car,594
DS47984,Arizona,M,Master,0,60244,83,0,Personal Auto,Four-Door Car,326
UV52613,Arizona,M,College,0,20867,71,0,Personal Auto,Four-Door Car,340
XM96138,California,M,Master,0,98138,93,0,Personal Auto,Four-Door Car,427
HF95739,California,M,High School or Below,0,0,81,0,Personal Auto,Four-Door Car,583
HG81101,Washington,F,Bachelor,0,20327,74,0,Personal Auto,Four-Door Car,824
VN27419,Oregon,F,High School or Below,0,11828,90,0,Personal Auto,Four-Door Car,571
VZ59523,Arizona,M,Doctor,0,50695,71,0,Personal Auto,Two-Door Car,110
UF91715,Nevada,M,High School or Below,0,0,107,0,Personal Auto,Four-Door Car,770
JV13438,Oregon,M,High School or Below,0,98693,61,0,Personal Auto,Four-Door Car,292
MN82687,Oregon,F,Bachelor,0,54507,138,0,Personal Auto,SUV,702
MR50410,Nevada,M,College,0,89703,126,0,Personal Auto,SUV,601
DT53270,Washington,F,College,0,0,71,0,Personal Auto,Four-Door Car,421
DA79098,California,M,Bachelor,0,0,67,0,Personal Auto,Two-Door Car,357
FY86121,Oregon,M,College,0,70882,69,0,Personal Auto,Four-Door Car,124
AA69265,Nevada,F,Bachelor,0,60817,103,0,Personal Auto,Four-Door Car,494
ZT86224,Nevada,M,Bachelor,0,72257,90,0,Personal Auto,Four-Door Car,408
GW89148,California,M,Doctor,0,90008,137,0,Personal Auto,SUV,406
EJ97834,Nevada,F,High School or Below,0,93987,65,0,Personal Auto,Two-Door Car,251
VM66678,Oregon,F,High School or Below,0,81872,115,0,Personal Auto,Four-Door Car,256
OY34553,Nevada,F,Bachelor,0,60221,67,0,Personal Auto,Four-Door Car,238
JL49772,Arizona,F,Bachelor,0,33651,69,0,Personal Auto,Four-Door Car,328
ZO44848,California,F,College,0,0,61,0,Special Auto,Four-Door Car,216
TW66679,Oregon,M,High School or Below,0,75741,109,0,Corporate Auto,SUV,217
RP98585,Arizona,M,Master,0,38086,96,0,Personal Auto,Two-Door Car,243
XK83294,California,F,High School or Below,0,38725,64,0,Corporate Auto,Two-Door Car,307
VZ43707,Nevada,M,High School or Below,0,20132,86,0,Corporate Auto,Four-Door Car,412
RO89767,Arizona,M,Master,0,0,105,0,Personal Auto,Sports Car,451
UN49741,Oregon,M,High School or Below,0,44299,106,0,Personal Auto,SUV,754
SY46862,Arizona,M,High School or Below,0,98917,139,0,Corporate Auto,Sports Car,336
ZY60545,California,F,College,0,91535,67,0,Personal Auto,Four-Door Car,126
WP62115,Washington,F,College,0,53484,70,0,Corporate Auto,Two-Door Car,333
NK16909,Oregon,M,Doctor,0,45318,103,0,Personal Auto,SUV,494
BQ41371,Oregon,F,Bachelor,0,46897,70,0,Personal Auto,Four-Door Car,344
QF29828,Arizona,F,Master,0,40135,80,0,Personal Auto,Four-Door Car,78
LP59331,Arizona,M,College,0,38606,68,0,Personal Auto,Four-Door Car,413
NJ46471,Oregon,F,Bachelor,0,56550,73,0,Corporate Auto,Four-Door Car,162
KX53892,Oregon,F,College,0,61146,65,0,Personal Auto,Four-Door Car,273
YP37291,Nevada,M,High School or Below,0,36409,66,0,Personal Auto,Four-Door Car,316
RX93631,Arizona,F,Bachelor,0,90035,80,0,Personal Auto,Four-Door Car,141
GS26763,California,F,Bachelor,0,39669,98,0,Personal Auto,Two-Door Car,492
SK74843,Arizona,F,Master,0,57963,61,0,Personal Auto,Four-Door Car,42
AG47947,Washington,F,High School or Below,0,81872,115,0,Personal Auto,Four-Door Car,256
LQ23049,California,F,High School or Below,0,25965,65,0,Personal Auto,Four-Door Car,329
VF10088,Arizona,F,High School or Below,0,59662,85,0,Personal Auto,Four-Door Car,10
OJ65428,Nevada,M,College,0,27906,102,0,Personal Auto,Four-Door Car,489
ZF48094,Oregon,F,High School or Below,0,51032,83,0,Personal Auto,Four-Door Car,349
TN56613,Arizona,F,Bachelor,0,83771,133,0,Personal Auto,Sports Car,482
IA33339,Oregon,F,Bachelor,0,57052,115,0,Corporate Auto,SUV,483
UB28078,California,M,Master,0,51510,106,0,Personal Auto,Four-Door Car,688
ZK60855,Oregon,F,College,0,34819,61,0,Corporate Auto,Four-Door Car,185
CM73149,California,F,Bachelor,0,31189,122,0,Personal Auto,Sports Car,585
SC81807,California,F,College,0,32180,103,0,Special Auto,Sports Car,558
DS57918,California,M,Bachelor,0,27500,114,0,Corporate Auto,SUV,472
TN29644,California,F,College,0,67018,94,0,Personal Auto,Four-Door Car,104
UL17918,Arizona,M,Bachelor,0,0,77,0,Corporate Auto,Two-Door Car,436
MJ25422,Oregon,F,College,0,0,199,0,Personal Auto,Luxury SUV,1062
FG21377,California,F,Bachelor,0,33588,62,0,Corporate Auto,Four-Door Car,419
BQ15946,Oregon,M,Doctor,0,56270,83,0,Personal Auto,Four-Door Car,398
CO53249,Arizona,M,College,0,82800,70,0,Corporate Auto,Four-Door Car,442
XS83731,Arizona,F,College,0,0,68,0,Personal Auto,Four-Door Car,425
VH41477,Oregon,M,High School or Below,0,63891,119,0,Corporate Auto,Two-Door Car,7
AT13963,Washington,F,Master,0,43946,133,0,Corporate Auto,Sports Car,415
XU49878,Washington,M,Bachelor,0,62039,68,0,Personal Auto,Four-Door Car,265
RY10920,Oregon,M,College,0,60475,107,0,Personal Auto,Four-Door Car,513
OC32181,Nevada,F,High School or Below,0,70279,71,0,Special Auto,Four-Door Car,331
OE19653,Oregon,F,High School or Below,0,0,93,0,Personal Auto,Two-Door Car,446
WG39961,Oregon,F,High School or Below,0,66676,97,0,Personal Auto,Four-Door Car,558
QY78671,Arizona,M,High School or Below,0,12048,77,0,Corporate Auto,Four-Door Car,369
SY48591,Arizona,F,College,0,0,68,0,Personal Auto,Four-Door Car,326
SM16060,Arizona,F,College,0,0,68,0,Personal Auto,Two-Door Car,619
FW53453,California,F,Master,0,36094,99,0,Personal Auto,Two-Door Car,456
KU42210,Arizona,M,Bachelor,0,0,61,0,Corporate Auto,Four-Door Car,439
XR74789,Washington,F,College,0,63328,89,0,Personal Auto,Two-Door Car,427
GB39602,Nevada,M,High School or Below,0,0,112,0,Corporate Auto,Sports Car,587
SK93727,Washington,F,High School or Below,0,36121,118,0,Personal Auto,Four-Door Car,1107
OM37845,California,M,Master,0,56005,68,0,Personal Auto,Four-Door Car,326
VR45143,Arizona,F,High School or Below,0,48597,71,0,Corporate Auto,Four-Door Car,305
GF35623,California,F,High School or Below,0,0,81,0,Personal Auto,Four-Door Car,583
AF47139,Oregon,F,College,0,42540,70,0,Personal Auto,Four-Door Car,43
IS48950,California,M,College,0,87544,109,0,Corporate Auto,SUV,523
NC98544,Nevada,M,High School or Below,0,26292,80,0,Personal Auto,Two-Door Car,384
AD12500,California,F,High School or Below,0,42696,228,0,Personal Auto,Luxury Car,1273
ZE59681,Nevada,M,College,0,88009,71,0,Corporate Auto,Two-Door Car,266
JQ91314,Washington,M,College,0,0,97,0,Personal Auto,Four-Door Car,1026
WX92260,Washington,F,College,0,0,66,0,Corporate Auto,Four-Door Car,316
MO21402,Oregon,F,Master,0,16181,181,0,Personal Auto,SUV,1261
QY41319,Oregon,M,College,0,0,62,0,Personal Auto,Two-Door Car,446
WE90911,Arizona,F,Bachelor,0,75438,136,0,Personal Auto,SUV,438
KB90888,Oregon,F,High School or Below,0,0,73,0,Corporate Auto,Two-Door Car,842
NN87570,Oregon,M,Bachelor,0,27681,83,0,Corporate Auto,Two-Door Car,398
PD94315,Arizona,F,Bachelor,0,23444,196,0,Corporate Auto,SUV,940
IN65727,Washington,F,Master,0,63684,68,0,Personal Auto,Two-Door Car,343
FB76635,Oregon,F,College,0,61737,107,0,Personal Auto,Sports Car,495
RF58958,California,M,High School or Below,0,0,113,0,Personal Auto,Four-Door Car,813
AZ15952,Oregon,M,Bachelor,0,52373,111,0,Personal Auto,Four-Door Car,186
KP22549,Oregon,M,Bachelor,0,58213,79,0,Personal Auto,Four-Door Car,39
QC34927,California,M,High School or Below,0,74142,83,0,Personal Auto,Two-Door Car,398
WD87578,Nevada,F,High School or Below,0,0,109,0,Personal Auto,Four-Door Car,784
ER51965,Washington,M,College,0,49746,111,0,Corporate Auto,Four-Door Car,589
LA53648,California,F,High School or Below,0,0,129,0,Personal Auto,SUV,1059
FX73249,Oregon,M,Bachelor,0,0,104,0,Personal Auto,Four-Door Car,499
WF53890,Arizona,F,Bachelor,0,39854,66,0,Personal Auto,Two-Door Car,261
QL35310,Nevada,F,Master,0,36650,69,0,Corporate Auto,Four-Door Car,56
FY30870,California,F,High School or Below,0,32756,93,0,Personal Auto,Two-Door Car,381
JF73533,Nevada,M,College,0,36268,86,0,Personal Auto,Four-Door Car,531
IW70308,Oregon,F,Bachelor,0,23815,73,0,Personal Auto,Four-Door Car,424
ZS50183,Arizona,F,College,0,0,107,0,Corporate Auto,SUV,513
EU38033,Nevada,M,High School or Below,0,39188,74,0,Personal Auto,Four-Door Car,355
ZJ86769,Nevada,M,College,0,58089,118,0,Personal Auto,SUV,566
JZ90556,Oregon,F,High School or Below,0,62120,74,0,Corporate Auto,Four-Door Car,28
OQ43721,Oregon,F,High School or Below,0,26540,69,0,Personal Auto,Four-Door Car,378
NI71089,California,M,College,0,28215,65,0,Personal Auto,Two-Door Car,468
ZF84966,Nevada,F,Doctor,0,61675,123,0,Corporate Auto,SUV,482
LN11802,California,M,Master,0,0,100,0,Personal Auto,Sports Car,480
CG92708,Nevada,F,College,0,69600,74,0,Personal Auto,Four-Door Car,341
TH59993,California,F,College,0,40982,62,0,Corporate Auto,Four-Door Car,106
WH76688,Oregon,M,Bachelor,0,74015,72,0,Personal Auto,Four-Door Car,471
NK82261,California,M,High School or Below,0,0,94,0,Personal Auto,Two-Door Car,1121
FI93397,Oregon,F,Bachelor,0,0,79,0,Personal Auto,Four-Door Car,509
FO33051,Arizona,M,College,0,29439,146,0,Personal Auto,SUV,700
ZE40223,Oregon,M,College,0,0,108,0,Personal Auto,Sports Car,518
II49996,Arizona,M,Bachelor,0,74015,72,0,Personal Auto,Four-Door Car,471
AX71707,Arizona,F,College,0,67881,79,0,Personal Auto,Two-Door Car,391
GF38306,Nevada,F,High School or Below,0,96162,97,0,Corporate Auto,Four-Door Car,376
TN54884,California,F,College,0,39049,63,0,Personal Auto,Two-Door Car,294
DD27635,Oregon,M,Doctor,0,29808,105,0,Personal Auto,SUV,52
NX84287,California,F,Master,0,65727,134,0,Corporate Auto,SUV,363
EO38569,Washington,F,High School or Below,0,0,62,0,Personal Auto,Four-Door Car,446
FF77476,California,F,High School or Below,0,22283,65,0,Corporate Auto,Four-Door Car,572
CW92156,Washington,F,College,0,37435,105,0,Personal Auto,SUV,314
XA53408,Oregon,M,College,0,27756,71,0,Corporate Auto,Two-Door Car,735
CV86445,Arizona,M,High School or Below,0,86876,68,0,Personal Auto,Four-Door Car,118
TK32843,California,M,Bachelor,0,0,114,0,Personal Auto,Four-Door Car,863
EV14053,California,F,High School or Below,0,34062,91,0,Corporate Auto,Four-Door Car,603
IY38767,Oregon,M,High School or Below,0,0,73,0,Personal Auto,Two-Door Car,496
VJ34494,Washington,F,College,0,0,69,0,Corporate Auto,Four-Door Car,331
SN36487,Arizona,F,College,0,78358,128,0,Corporate Auto,SUV,614
SW88021,California,F,Bachelor,0,12222,67,0,Corporate Auto,Two-Door Car,321
US43945,California,F,Bachelor,0,41247,64,0,Personal Auto,Two-Door Car,307
QC93181,California,F,College,0,13663,97,0,Corporate Auto,Four-Door Car,465
XS89049,Nevada,F,College,0,25531,74,0,Personal Auto,Two-Door Car,355
QR79788,Nevada,M,College,0,58643,74,0,Personal Auto,Four-Door Car,329
WG51244,Oregon,M,Bachelor,0,48107,190,0,Corporate Auto,Luxury SUV,912
BF56053,Washington,F,Bachelor,0,18643,119,0,Corporate Auto,Four-Door Car,571
AN97123,Nevada,F,College,0,0,102,0,Personal Auto,Two-Door Car,401
VS30147,Oregon,M,Master,0,58645,110,0,Personal Auto,SUV,427
FY70464,Oregon,F,Bachelor,0,95058,177,0,Personal Auto,SUV,89
BG19572,Washington,F,Bachelor,0,0,87,0,Corporate Auto,Four-Door Car,1032
LR43989,Oregon,F,High School or Below,0,19715,66,0,Personal Auto,Four-Door Car,475
ER10834,Nevada,F,Master,0,68787,66,0,Personal Auto,Four-Door Car,105
WL46620,Nevada,M,Bachelor,0,29056,66,0,Personal Auto,Two-Door Car,355
MO27230,Oregon,F,College,0,47829,117,0,Personal Auto,SUV,561
HD32695,Arizona,F,Bachelor,0,13128,118,0,Personal Auto,Four-Door Car,771
ED89934,California,F,College,0,58946,121,0,Personal Auto,SUV,486
WU63862,Oregon,M,College,0,31614,71,0,Personal Auto,Four-Door Car,234
EW27959,California,F,Bachelor,0,44667,65,0,Personal Auto,Four-Door Car,245
IG15771,Oregon,M,College,0,0,111,0,Personal Auto,Four-Door Car,937
PJ84431,California,M,High School or Below,0,91512,189,0,Personal Auto,Luxury Car,907
RW46214,Oregon,F,High School or Below,0,26540,69,0,Personal Auto,Four-Door Car,331
VP91482,Oregon,M,Bachelor,0,0,103,0,Personal Auto,SUV,741
DZ48278,Nevada,M,High School or Below,0,38798,72,0,Personal Auto,Four-Door Car,332
HC37968,Oregon,F,Bachelor,0,0,117,0,Personal Auto,Sports Car,561
CQ15251,Oregon,F,Bachelor,0,65629,64,0,Personal Auto,Four-Door Car,89
QD36906,Nevada,F,Master,0,33291,73,0,Personal Auto,Four-Door Car,172
BG95711,California,F,College,0,57264,84,0,Personal Auto,Four-Door Car,129
HR44460,California,F,Bachelor,0,60970,110,0,Personal Auto,SUV,94
NE57101,Oregon,M,College,0,34220,109,0,Corporate Auto,SUV,523
UQ34669,Arizona,M,Master,0,88997,72,0,Personal Auto,Four-Door Car,174
BL42392,Arizona,M,Doctor,0,18779,63,0,Personal Auto,Four-Door Car,215
WC52068,Oregon,M,College,0,50825,102,0,Corporate Auto,SUV,369
GB20532,Arizona,M,High School or Below,0,0,86,0,Personal Auto,Four-Door Car,569
XS74432,California,F,High School or Below,0,29218,72,0,Personal Auto,Four-Door Car,502
YA10507,California,M,High School or Below,0,95697,61,0,Special Auto,Two-Door Car,114
NL59273,Oregon,F,Doctor,0,61486,70,0,Personal Auto,Two-Door Car,334
BZ81849,Arizona,F,Bachelor,0,0,68,0,Personal Auto,Four-Door Car,326
MF83904,Oregon,F,Bachelor,0,17723,72,0,Personal Auto,Two-Door Car,345
MH14039,California,M,High School or Below,0,72421,65,0,Personal Auto,Four-Door Car,312
XJ26467,California,F,College,0,36510,84,0,Personal Auto,Four-Door Car,286
BC53546,Oregon,M,Bachelor,0,35396,70,0,Personal Auto,Two-Door Car,336
KB58189,Oregon,F,College,0,69230,63,0,Special Auto,Four-Door Car,283
FF31523,Washington,F,Master,0,28054,195,0,Corporate Auto,SUV,571
EE98024,California,F,College,0,25866,109,0,Personal Auto,Four-Door Car,523
QA50777,Oregon,F,Bachelor,0,23675,117,0,Personal Auto,Four-Door Car,707
HW36182,California,M,Master,0,0,71,0,Personal Auto,Two-Door Car,340
SB64064,Nevada,F,Bachelor,0,0,66,0,Personal Auto,Four-Door Car,433
MY60905,California,F,Bachelor,0,0,68,0,Personal Auto,Two-Door Car,326
FB77856,Nevada,M,College,0,28142,105,0,Personal Auto,Sports Car,701
XQ93931,Oregon,M,College,0,23706,68,0,Corporate Auto,Four-Door Car,326
WA74455,Arizona,M,College,0,0,131,0,Personal Auto,SUV,628
GK98989,Washington,M,Bachelor,0,0,85,0,Corporate Auto,Four-Door Car,872
VA35421,Nevada,F,Master,0,83527,64,0,Personal Auto,Two-Door Car,39
BB41401,Arizona,M,High School or Below,0,26876,76,0,Personal Auto,Four-Door Car,364
RQ16234,Arizona,F,High School or Below,0,55099,122,0,Corporate Auto,Sports Car,260
DO83789,Arizona,F,College,0,71661,65,0,Personal Auto,Four-Door Car,312
AK46006,Oregon,M,Bachelor,0,18047,242,0,Personal Auto,Luxury SUV,1350
CJ59481,Washington,M,College,0,90893,70,0,Personal Auto,Two-Door Car,70
JL86651,Nevada,M,College,0,90016,102,0,Personal Auto,Four-Door Car,20
AN32867,California,M,Bachelor,0,81285,81,0,Personal Auto,Four-Door Car,441
AC67315,Nevada,F,Bachelor,0,96950,115,0,Personal Auto,Sports Car,633
XN90444,California,M,Doctor,0,24814,69,0,Special Auto,Two-Door Car,331
CZ72326,Oregon,F,High School or Below,0,0,90,0,Corporate Auto,Two-Door Car,648
FG18525,Nevada,M,Bachelor,0,0,61,0,Personal Auto,Two-Door Car,60
HC25359,Oregon,F,Master,0,52572,113,0,Personal Auto,Four-Door Car,441
SM39580,Arizona,M,Doctor,0,0,85,0,Corporate Auto,Two-Door Car,595
UU81720,California,F,High School or Below,0,41701,68,0,Corporate Auto,Four-Door Car,64
WO53546,Oregon,M,College,0,0,104,0,Personal Auto,Sports Car,499
UH76249,Arizona,M,High School or Below,0,0,80,0,Corporate Auto,Four-Door Car,384
YP79029,California,M,Bachelor,0,34179,107,0,Corporate Auto,Sports Car,770
HS79851,Oregon,M,Bachelor,0,27681,83,0,Personal Auto,Two-Door Car,398
YR49519,Arizona,M,Bachelor,0,0,73,0,Corporate Auto,Four-Door Car,359
AN21193,Washington,F,Bachelor,0,0,70,0,Personal Auto,Four-Door Car,504
TS98462,Washington,F,High School or Below,0,78494,69,0,Personal Auto,Two-Door Car,78
OB11898,Nevada,F,College,0,0,66,0,Personal Auto,Two-Door Car,316
RS85283,Oregon,M,Bachelor,0,56044,182,0,Personal Auto,SUV,952
NW19960,Oregon,M,College,0,37937,116,0,Personal Auto,SUV,556
AI11191,Arizona,F,High School or Below,0,77853,106,0,Personal Auto,SUV,165
PF24757,Arizona,F,College,0,72608,82,0,Personal Auto,Four-Door Car,393
NY20756,California,M,High School or Below,0,36568,128,0,Personal Auto,SUV,978
EU98982,Arizona,M,High School or Below,0,0,110,0,Personal Auto,SUV,796
GL54755,Washington,F,Bachelor,0,59578,98,0,Corporate Auto,Four-Door Car,403
UF13251,Oregon,M,High School or Below,0,26032,109,0,Personal Auto,SUV,638
HK16676,Oregon,M,High School or Below,0,39618,68,0,Corporate Auto,Four-Door Car,326
KF80571,Arizona,M,High School or Below,0,0,65,0,Personal Auto,Four-Door Car,625
XB43418,California,M,College,0,59438,124,0,Special Auto,SUV,562
IA78643,Washington,F,High School or Below,0,0,112,0,Personal Auto,Sports Car,537
RI97135,Washington,M,Bachelor,0,0,87,0,Personal Auto,Four-Door Car,401
HZ52656,Washington,F,Bachelor,0,89451,63,0,Personal Auto,Four-Door Car,61
BM71358,Arizona,M,High School or Below,0,44695,91,0,Personal Auto,Four-Door Car,147
DJ42087,California,F,High School or Below,0,24581,101,0,Personal Auto,Four-Door Car,484
NV98267,Arizona,M,Bachelor,0,0,73,0,Personal Auto,Four-Door Car,194
YD27780,Arizona,F,Bachelor,0,72334,129,0,Corporate Auto,SUV,412
DZ38951,Oregon,M,High School or Below,0,19831,83,0,Personal Auto,Four-Door Car,398
VO84133,California,M,High School or Below,0,40361,98,0,Personal Auto,Four-Door Car,71
FP86246,California,M,Bachelor,0,74656,111,0,Personal Auto,Four-Door Car,504
YA37626,Oregon,M,Master,0,25358,126,0,Personal Auto,SUV,750
XW54288,California,M,Bachelor,0,35461,95,0,Corporate Auto,Four-Door Car,9
ET81343,California,M,Doctor,0,59047,76,0,Personal Auto,Four-Door Car,364
CW57351,Nevada,F,College,0,62409,89,0,Personal Auto,Four-Door Car,392
EV39201,California,F,College,0,93272,95,0,Personal Auto,Four-Door Car,281
YV40022,California,F,College,0,0,135,0,Personal Auto,Sports Car,970
IX44049,Oregon,M,Bachelor,0,20166,83,0,Personal Auto,Two-Door Car,398
DI51103,Washington,F,High School or Below,0,0,74,0,Personal Auto,Four-Door Car,355
AS78838,California,M,Bachelor,0,29735,69,0,Personal Auto,Four-Door Car,331
YJ16399,California,M,High School or Below,0,0,64,0,Corporate Auto,Four-Door Car,772
LH52773,California,F,High School or Below,0,97460,114,0,Personal Auto,SUV,660
XF99212,Arizona,M,College,0,57564,63,0,Personal Auto,Two-Door Car,302
CL52383,Arizona,F,Bachelor,0,33232,94,0,Special Auto,Four-Door Car,435
DD28380,Arizona,F,College,0,11854,113,0,Personal Auto,Four-Door Car,807
CP87192,California,F,College,0,23843,79,0,Personal Auto,Four-Door Car,344
MH43755,Arizona,F,College,0,17961,181,0,Personal Auto,Sports Car,476
KT38145,California,F,College,0,0,64,0,Personal Auto,Four-Door Car,360
FU65756,Arizona,F,College,0,54695,103,0,Personal Auto,SUV,494
YG92601,California,M,College,0,85632,82,0,Personal Auto,Two-Door Car,7
MZ63755,California,F,Bachelor,0,0,139,0,Personal Auto,SUV,667
BI33231,California,F,High School or Below,0,0,76,0,Personal Auto,Four-Door Car,277
ZD71862,Oregon,F,High School or Below,0,39895,160,0,Personal Auto,SUV,765
VT87641,Washington,F,Bachelor,0,95815,82,0,Personal Auto,Four-Door Car,393
TN61016,California,F,High School or Below,0,37224,74,0,Personal Auto,Four-Door Car,355
PX27645,California,M,Bachelor,0,0,122,0,Personal Auto,SUV,1100
IS53899,Nevada,F,College,0,94652,86,0,Personal Auto,Four-Door Car,412
KC69320,Arizona,F,Bachelor,0,28582,112,0,Personal Auto,Sports Car,537
WR86431,Nevada,F,High School or Below,0,91123,138,0,Corporate Auto,SUV,103
TY27229,Arizona,M,Bachelor,0,85942,116,0,Personal Auto,Four-Door Car,79
LC42182,Nevada,F,High School or Below,0,64321,253,0,Personal Auto,Luxury SUV,422
SZ64974,Arizona,M,Doctor,0,77025,64,0,Personal Auto,Two-Door Car,380
AH89786,Oregon,M,High School or Below,0,16997,65,0,Personal Auto,Two-Door Car,468
QO70290,California,M,Bachelor,0,52408,125,0,Personal Auto,Sports Car,179
IR78670,California,M,Bachelor,0,0,116,0,Personal Auto,Four-Door Car,556
OU24549,Nevada,M,Bachelor,0,37573,112,0,Corporate Auto,SUV,537
OO96263,Nevada,F,High School or Below,0,45893,97,0,Personal Auto,Two-Door Car,465
SY86059,California,F,High School or Below,0,0,96,0,Corporate Auto,Four-Door Car,460
JZ76788,Nevada,M,College,0,29385,88,0,Personal Auto,Two-Door Car,422
AB23825,California,M,College,0,21509,81,0,Personal Auto,Two-Door Car,413
BH61137,Arizona,F,Bachelor,0,68144,70,0,Personal Auto,Four-Door Car,336
QW21716,Nevada,M,Bachelor,0,31093,63,0,Personal Auto,Four-Door Car,302
IU95336,Arizona,M,High School or Below,0,24350,73,0,Corporate Auto,Four-Door Car,350
TY22591,Washington,M,College,0,32823,100,0,Personal Auto,SUV,480
VR18539,Washington,M,College,0,44843,105,0,Personal Auto,SUV,391
GD89605,Oregon,F,Master,0,59364,67,0,Corporate Auto,Four-Door Car,321
RD47708,Oregon,M,College,0,39101,99,0,Personal Auto,Four-Door Car,167
XH47201,California,M,High School or Below,0,0,90,0,Personal Auto,Two-Door Car,432
TW62773,Washington,F,High School or Below,0,27604,92,0,Corporate Auto,Two-Door Car,441
QP77560,California,F,High School or Below,0,91603,64,0,Personal Auto,Four-Door Car,307
QV66305,Washington,F,Master,0,59828,104,0,Personal Auto,SUV,499
WC83676,Nevada,M,College,0,33247,72,0,Special Auto,Four-Door Car,284
QD98396,California,M,College,0,45867,126,0,Personal Auto,Sports Car,604
AM36670,California,F,College,0,54827,64,0,Personal Auto,Four-Door Car,132
CJ78727,California,F,Bachelor,0,0,64,0,Corporate Auto,Two-Door Car,307
GN61665,Arizona,M,Bachelor,0,47170,139,0,Corporate Auto,Sports Car,667
HY49431,California,F,Bachelor,0,21947,83,0,Personal Auto,Four-Door Car,366
IK82336,Oregon,F,College,0,39018,117,0,Personal Auto,SUV,561
WA16954,Arizona,M,Master,0,20252,71,0,Personal Auto,Four-Door Car,198
QD69852,Oregon,M,Bachelor,0,0,88,0,Personal Auto,Four-Door Car,633
XG47945,Oregon,M,Master,0,48602,70,0,Corporate Auto,Two-Door Car,487
UV57184,California,F,Bachelor,0,97849,62,0,Special Auto,Four-Door Car,183
JU55710,Oregon,F,College,0,41479,94,0,Personal Auto,Two-Door Car,19
PT50287,Oregon,F,Bachelor,0,69746,74,0,Personal Auto,Four-Door Car,225
AB73565,California,M,Bachelor,0,96748,96,0,Personal Auto,Two-Door Car,460
PK20739,Oregon,M,Bachelor,0,25074,112,0,Personal Auto,Two-Door Car,537
XI85062,Nevada,M,Master,0,66463,68,0,Personal Auto,Two-Door Car,326
KA77514,Washington,M,High School or Below,0,34865,69,0,Corporate Auto,Four-Door Car,255
ND80148,California,M,College,0,37399,116,0,Personal Auto,Four-Door Car,392
AK72422,California,M,College,0,21070,195,0,Corporate Auto,Sports Car,1404
LN49978,Oregon,F,Bachelor,0,31562,66,0,Personal Auto,Four-Door Car,316
RZ80299,California,F,Master,0,54684,71,0,Personal Auto,Four-Door Car,487
QU53781,Oregon,M,High School or Below,0,37388,117,0,Corporate Auto,SUV,561
MD70013,Nevada,F,Bachelor,0,84981,96,0,Personal Auto,Four-Door Car,4
QD97878,Nevada,M,Master,0,24046,116,0,Personal Auto,Two-Door Car,556
WK24299,California,M,High School or Below,0,20993,133,0,Personal Auto,SUV,638
RJ45123,Oregon,M,College,0,48029,116,0,Personal Auto,SUV,556
HM33037,Arizona,M,Bachelor,0,16233,197,0,Personal Auto,Luxury Car,1418
QY70905,Arizona,M,College,0,30718,67,0,Personal Auto,Two-Door Car,321
YL86561,Oregon,M,High School or Below,0,60277,65,0,Personal Auto,Four-Door Car,146
LK40971,California,M,Bachelor,0,0,107,0,Personal Auto,SUV,770
UI44314,Arizona,M,Bachelor,0,31911,68,0,Personal Auto,Four-Door Car,245
NN44612,Nevada,F,Bachelor,0,61402,62,0,Personal Auto,Two-Door Car,252
MA37431,California,F,College,0,34335,101,0,Corporate Auto,Two-Door Car,484
DP57381,Nevada,M,College,0,71467,86,0,Personal Auto,Two-Door Car,324
PX45824,Washington,M,College,0,0,74,0,Personal Auto,Four-Door Car,532
OG17838,Washington,M,High School or Below,0,36168,90,0,Personal Auto,Four-Door Car,432
WG37485,Oregon,F,College,0,58357,137,0,Personal Auto,Sports Car,708
RV95842,California,M,College,0,29692,77,0,Personal Auto,Four-Door Car,449
NG13451,Oregon,M,High School or Below,0,29215,67,0,Personal Auto,Four-Door Car,327
UQ82778,Oregon,F,High School or Below,0,0,61,0,Personal Auto,Two-Door Car,486
ZG16710,Washington,M,High School or Below,0,26841,74,0,Personal Auto,Four-Door Car,418
OT53330,Arizona,F,Bachelor,0,34837,139,0,Personal Auto,SUV,667
LZ12396,Arizona,F,Bachelor,0,33068,61,0,Personal Auto,Four-Door Car,213
UU77151,Washington,F,College,0,44820,133,0,Personal Auto,Sports Car,336
CD71877,Nevada,F,Bachelor,0,49564,193,0,Corporate Auto,Sports Car,286
PA95799,Arizona,M,College,0,19581,61,0,Personal Auto,Four-Door Car,377
FK28721,Oregon,M,High School or Below,0,0,74,0,Corporate Auto,Two-Door Car,532
CM42637,Oregon,M,Bachelor,0,23129,70,0,Personal Auto,Four-Door Car,491
CI47242,Washington,M,Bachelor,0,0,138,0,Personal Auto,SUV,1376
FE46445,Arizona,F,High School or Below,0,25411,86,0,Personal Auto,Four-Door Car,242
PD32854,Arizona,F,High School or Below,0,28513,100,0,Personal Auto,SUV,480
GV35061,Oregon,M,High School or Below,0,69346,63,0,Special Auto,Two-Door Car,246
BG44829,Oregon,F,High School or Below,0,74835,133,0,Corporate Auto,SUV,107
RH83684,Oregon,F,Master,0,43282,72,0,Personal Auto,Two-Door Car,166
SB82356,Nevada,F,Bachelor,0,11276,91,0,Corporate Auto,Four-Door Car,436
TW49116,Nevada,M,College,0,0,62,0,Personal Auto,Four-Door Car,311
RJ39700,Oregon,M,Bachelor,0,10037,71,0,Personal Auto,Four-Door Car,292
LO40410,Oregon,F,Doctor,0,21986,63,0,Personal Auto,Two-Door Car,333
SX85653,Arizona,F,Doctor,0,85609,136,0,Personal Auto,SUV,652
PH91033,Oregon,M,College,0,86347,130,0,Personal Auto,Sports Car,593
LC69427,Oregon,F,College,0,20368,72,0,Corporate Auto,Four-Door Car,345
MZ85889,California,F,Master,0,25778,68,0,Corporate Auto,Two-Door Car,20
GL82358,Nevada,F,High School or Below,0,43860,65,0,Corporate Auto,Four-Door Car,156
AM94127,Oregon,M,College,0,93303,65,0,Corporate Auto,Four-Door Car,40
TO19482,Oregon,M,High School or Below,0,67467,61,0,Personal Auto,Two-Door Car,365
WA68850,Arizona,M,High School or Below,0,30598,106,0,Personal Auto,SUV,508
ER97256,Arizona,F,College,0,55350,67,0,Personal Auto,Four-Door Car,321
CK85904,California,F,High School or Below,0,11432,119,0,Corporate Auto,SUV,571
GH30325,Oregon,M,College,0,27093,61,0,Personal Auto,Four-Door Car,292
LG98245,Nevada,M,Bachelor,0,0,108,0,Personal Auto,SUV,777
KW31376,Oregon,F,High School or Below,0,0,197,0,Corporate Auto,Luxury Car,1418
XZ45224,Oregon,F,College,0,38961,62,0,Corporate Auto,Two-Door Car,297
HD56196,Oregon,F,Doctor,0,51840,94,0,Corporate Auto,Two-Door Car,33
EM39400,Nevada,M,Bachelor,0,79181,72,0,Personal Auto,Four-Door Car,241
FP39090,Oregon,M,Bachelor,0,14072,71,0,Special Auto,Four-Door Car,511
CE17166,California,M,College,0,56225,97,0,Personal Auto,Four-Door Car,465
HF67477,Washington,M,High School or Below,0,14909,199,0,Personal Auto,Luxury Car,1238
GJ79432,Nevada,M,High School or Below,0,26876,76,0,Personal Auto,Four-Door Car,364
ZE17448,Oregon,M,College,0,68401,88,0,Personal Auto,Four-Door Car,242
SK65854,Nevada,F,College,0,29730,72,0,Personal Auto,Four-Door Car,463
RT23641,Oregon,F,High School or Below,0,35577,130,0,Personal Auto,SUV,574
PY79113,California,M,Master,0,41958,66,0,Corporate Auto,Four-Door Car,206
EP61197,Oregon,F,Master,0,77915,115,0,Personal Auto,Four-Door Car,552
IL12516,Oregon,F,Bachelor,0,15514,74,0,Corporate Auto,Four-Door Car,355
BF55854,Nevada,F,College,0,29505,284,0,Personal Auto,Luxury Car,1979
GP19791,California,F,College,0,31356,68,0,Personal Auto,Two-Door Car,326
II16403,California,F,College,0,31456,199,0,Personal Auto,Luxury SUV,436
SS28002,Arizona,F,High School or Below,0,95284,69,0,Personal Auto,Four-Door Car,327
VT97066,Nevada,M,High School or Below,0,0,98,0,Personal Auto,Two-Door Car,931
FH97700,Washington,F,Bachelor,0,62864,104,0,Personal Auto,Two-Door Car,171
NB96938,Oregon,M,College,0,22842,65,0,Personal Auto,Four-Door Car,468
HY32811,California,F,Bachelor,0,67186,66,0,Personal Auto,Four-Door Car,184
MB69465,Arizona,M,High School or Below,0,0,87,0,Personal Auto,Four-Door Car,417
LE12086,Oregon,F,College,0,68946,71,0,Personal Auto,Four-Door Car,309
IO89174,Oregon,F,Bachelor,0,56680,100,0,Personal Auto,SUV,480
DB26077,Arizona,F,High School or Below,0,18866,126,0,Personal Auto,SUV,604
NB98740,California,F,High School or Below,0,82875,70,0,Personal Auto,Four-Door Car,455
EL82767,Arizona,F,College,0,0,109,0,Personal Auto,SUV,523
AK54675,California,F,Bachelor,0,84863,138,0,Corporate Auto,SUV,691
EW67766,California,F,College,0,0,127,0,Personal Auto,SUV,609
JS36743,California,M,Bachelor,0,54753,61,0,Personal Auto,Four-Door Car,292
TV20901,California,F,College,0,76381,116,0,Special Auto,Two-Door Car,556
LQ20969,California,M,Bachelor,0,59523,78,0,Personal Auto,Four-Door Car,343
BZ33435,Arizona,F,Bachelor,0,56017,71,0,Corporate Auto,Four-Door Car,51
OA55110,Arizona,M,Master,0,14306,74,0,Corporate Auto,Four-Door Car,355
YJ42538,Arizona,F,Bachelor,0,21359,101,0,Personal Auto,Sports Car,484
XB64207,Arizona,F,Bachelor,0,86101,102,0,Personal Auto,SUV,344
KZ80424,Washington,M,Bachelor,0,25998,71,0,Personal Auto,Four-Door Car,791
BC34309,California,F,Master,0,64341,61,0,Personal Auto,Four-Door Car,79
JC34468,California,F,High School or Below,0,36060,165,0,Special Auto,Sports Car,774
ON34922,Oregon,M,High School or Below,0,61894,67,0,Personal Auto,Four-Door Car,266
MQ93707,Oregon,M,High School or Below,0,26721,65,0,Personal Auto,Four-Door Car,312
SY28542,Nevada,F,Bachelor,0,59940,94,0,Personal Auto,Four-Door Car,303
RA29518,Washington,M,Master,0,45971,138,0,Special Auto,SUV,139
No34698,Oregon,M,Bachelor,0,80055,100,0,Corporate Auto,SUV,121
VK37392,Arizona,M,College,0,58345,98,0,Personal Auto,Four-Door Car,346
LJ43082,Oregon,F,College,0,0,71,0,Personal Auto,Two-Door Car,143
FI90697,Oregon,M,Bachelor,0,76549,132,0,Personal Auto,SUV,616
DR93103,Arizona,F,Master,0,36212,73,0,Personal Auto,Two-Door Car,119
XR37151,California,F,Bachelor,0,0,131,0,Personal Auto,Sports Car,628
ZZ43513,California,M,High School or Below,0,73597,114,0,Personal Auto,SUV,485
QW81912,California,F,High School or Below,0,63762,99,0,Personal Auto,Four-Door Car,108
AZ50087,California,M,Bachelor,0,32787,86,0,Personal Auto,Two-Door Car,568
HQ87008,California,F,Bachelor,0,94962,67,0,Personal Auto,Two-Door Car,321
FM30352,Oregon,F,High School or Below,0,0,256,0,Personal Auto,Luxury Car,1943
PD30266,California,F,College,0,73809,125,0,Special Auto,SUV,537
GA50461,Oregon,F,Bachelor,0,13037,124,0,Personal Auto,SUV,839
FY84962,California,M,High School or Below,0,0,88,0,Personal Auto,Four-Door Car,989
GT14584,Oregon,F,College,0,75272,103,0,Personal Auto,SUV,71
IA87250,Arizona,F,Master,0,39278,66,0,Personal Auto,Four-Door Car,65
MM67983,Oregon,M,Bachelor,0,36913,62,0,Personal Auto,Four-Door Car,90
MW40110,California,M,Bachelor,0,0,74,0,Personal Auto,Four-Door Car,407
SH93005,California,M,College,0,13528,86,0,Personal Auto,Four-Door Car,412
KD69941,California,M,Bachelor,0,0,137,0,Personal Auto,SUV,986
JV38934,Washington,F,Bachelor,0,0,65,0,Personal Auto,Four-Door Car,768
XI16714,Arizona,F,High School or Below,0,0,72,0,Corporate Auto,Four-Door Car,405
DG68667,Arizona,M,Doctor,0,12617,108,0,Personal Auto,SUV,648
AR40217,Oregon,F,High School or Below,0,42754,65,0,Personal Auto,Two-Door Car,279
IM73868,Oregon,M,College,0,0,155,0,Corporate Auto,Sports Car,1116
BR44176,California,F,High School or Below,0,76157,116,0,Personal Auto,Two-Door Car,556
MY51849,Oregon,F,Bachelor,0,0,66,0,Personal Auto,Four-Door Car,469
FQ61281,Oregon,M,High School or Below,0,58958,231,0,Personal Auto,Luxury Car,1108
NJ72300,Oregon,F,Bachelor,0,0,107,0,Personal Auto,SUV,740
YO81740,Oregon,F,Bachelor,0,0,98,0,Personal Auto,Four-Door Car,705
WM25415,Oregon,F,High School or Below,0,34430,65,0,Personal Auto,Two-Door Car,184
GU41036,Oregon,M,High School or Below,0,13411,127,0,Personal Auto,SUV,609
NN66592,California,M,Bachelor,0,73758,74,0,Personal Auto,Four-Door Car,301
TO29918,California,F,High School or Below,0,0,116,0,Personal Auto,Sports Car,1397
PF53601,Oregon,M,Bachelor,0,17130,198,0,Special Auto,Luxury SUV,950
TF61492,Washington,F,College,0,0,92,0,Personal Auto,Four-Door Car,662
PD52748,Oregon,F,High School or Below,0,0,134,0,Personal Auto,SUV,1353
TF68928,Arizona,M,Bachelor,0,10517,92,0,Personal Auto,Four-Door Car,441
VZ79366,California,M,College,0,58842,110,0,Personal Auto,Four-Door Car,528
SQ53118,California,M,College,0,22355,71,0,Personal Auto,Four-Door Car,340
QZ56257,Washington,F,High School or Below,0,0,223,0,Personal Auto,Luxury Car,1605
ZI34278,Arizona,F,Bachelor,0,21137,61,0,Personal Auto,Four-Door Car,292
ZB82406,Oregon,F,Bachelor,0,0,99,0,Personal Auto,Four-Door Car,712
OP93305,California,M,High School or Below,0,78255,95,0,Personal Auto,Four-Door Car,456
CK31454,Arizona,F,Bachelor,0,35625,65,0,Special Auto,Four-Door Car,288
FX81675,California,F,College,0,87957,61,0,Personal Auto,Four-Door Car,308
BK85520,Oregon,F,College,0,25915,64,0,Corporate Auto,Two-Door Car,317
KB18303,California,M,College,0,62464,109,0,Corporate Auto,Sports Car,400
GX47381,California,M,High School or Below,0,0,131,0,Corporate Auto,SUV,628
RX31862,California,M,High School or Below,0,49529,78,0,Personal Auto,Two-Door Car,234
YQ58965,California,F,Bachelor,0,23376,78,0,Personal Auto,Four-Door Car,374
HG60406,California,M,College,0,0,81,0,Personal Auto,Four-Door Car,583
BC52397,Arizona,M,College,0,67952,71,0,Personal Auto,Two-Door Car,167
AR69517,California,M,College,0,25251,66,0,Corporate Auto,Four-Door Car,316
JJ23168,Arizona,F,High School or Below,0,20497,65,0,Personal Auto,Four-Door Car,425
NB39218,California,M,High School or Below,0,68420,104,0,Personal Auto,Four-Door Car,499
FP95606,Arizona,F,College,0,24711,122,0,Personal Auto,Sports Car,259
YP27180,California,F,College,0,76530,119,0,Personal Auto,SUV,254
JK74110,California,M,High School or Below,0,98333,99,0,Personal Auto,Four-Door Car,459
MC85738,California,F,Bachelor,0,0,139,0,Personal Auto,SUV,667
CE78778,Oregon,F,College,0,0,106,0,Personal Auto,Four-Door Car,1116
LT72149,Nevada,M,High School or Below,0,0,153,0,Personal Auto,SUV,1027
ZC89812,Arizona,M,Bachelor,0,0,74,0,Personal Auto,Four-Door Car,532
GF68713,Oregon,M,Bachelor,0,24695,82,0,Personal Auto,Four-Door Car,393
HB23001,California,M,Bachelor,0,26287,111,0,Personal Auto,Two-Door Car,279
DH99299,California,M,College,0,83846,74,0,Personal Auto,Four-Door Car,355
RA61917,Washington,F,High School or Below,0,76081,68,0,Personal Auto,Four-Door Car,384
KM65135,Oregon,M,College,0,14957,66,0,Corporate Auto,Four-Door Car,316
RR37482,Washington,M,High School or Below,0,41727,117,0,Personal Auto,Four-Door Car,82
WM24870,Nevada,F,College,0,89092,68,0,Personal Auto,Two-Door Car,91
EC78254,Washington,F,College,0,53986,70,0,Corporate Auto,Four-Door Car,127
CQ19667,Oregon,F,Bachelor,0,49853,109,0,Personal Auto,Four-Door Car,679
AY43037,Oregon,M,High School or Below,0,36670,189,0,Corporate Auto,Luxury Car,907
GN36177,Nevada,M,Bachelor,0,43626,67,0,Personal Auto,Two-Door Car,321
VL36269,Washington,F,High School or Below,0,0,70,0,Special Auto,Four-Door Car,504
UA58104,California,F,College,0,76505,65,0,Personal Auto,Four-Door Car,144
GR12431,California,F,College,0,66216,103,0,Personal Auto,Sports Car,96
IV37346,Oregon,F,College,0,52497,63,0,Corporate Auto,Two-Door Car,302
VU99589,Arizona,F,High School or Below,0,20090,109,0,Personal Auto,Sports Car,523
VV61641,Oregon,F,High School or Below,0,0,185,0,Personal Auto,SUV,1543
ZY26831,California,F,Bachelor,0,37751,93,0,Corporate Auto,Four-Door Car,56
IP84574,Oregon,F,College,0,54840,72,0,Corporate Auto,Four-Door Car,468
XF33416,Oregon,F,College,0,31986,111,0,Personal Auto,Four-Door Car,532
PV62583,Nevada,M,College,0,22166,126,0,Personal Auto,SUV,604
QK29271,California,M,Bachelor,0,0,208,0,Corporate Auto,Luxury Car,2270
ZF58696,California,M,High School or Below,0,0,130,0,Personal Auto,Sports Car,1430
PK37320,Oregon,F,Master,0,83838,65,0,Personal Auto,Two-Door Car,281
EP35930,Oregon,F,Master,0,46061,65,0,Personal Auto,Two-Door Car,21
TS34391,Oregon,M,College,0,50825,102,0,Personal Auto,SUV,369
ST65635,Arizona,F,College,0,14030,72,0,Corporate Auto,Two-Door Car,345
AQ25590,Washington,F,High School or Below,0,20282,79,0,Personal Auto,Two-Door Car,507
QK37708,California,M,Bachelor,0,50146,116,0,Personal Auto,SUV,759
EY83434,Washington,M,High School or Below,0,0,121,0,Personal Auto,SUV,580
DQ55516,California,F,Bachelor,0,20472,139,0,Corporate Auto,SUV,667
KS72802,Oregon,F,Master,0,85751,93,0,Corporate Auto,Four-Door Car,391
PE32165,California,F,High School or Below,0,76912,116,0,Corporate Auto,Sports Car,169
XO78284,Arizona,M,Master,0,96335,97,0,Personal Auto,Four-Door Car,161
HS39343,Washington,F,Bachelor,0,29633,196,0,Corporate Auto,Luxury Car,534
ZF77631,California,M,Master,0,80540,63,0,Personal Auto,Four-Door Car,65
ZE60021,Nevada,F,High School or Below,0,14465,135,0,Corporate Auto,Sports Car,944
IU15885,Washington,F,Bachelor,0,0,66,0,Personal Auto,Four-Door Car,316
HI16116,Oregon,F,Master,0,29899,66,0,Personal Auto,Four-Door Car,419
WH41496,Washington,M,College,0,0,136,0,Personal Auto,SUV,652
IQ24777,Nevada,M,Bachelor,0,71391,67,0,Personal Auto,Four-Door Car,284
CA55066,Arizona,M,High School or Below,0,57449,103,0,Personal Auto,Four-Door Car,494
LG87047,California,M,High School or Below,0,14209,62,0,Personal Auto,Four-Door Car,297
TK38732,Oregon,M,High School or Below,0,47824,129,0,Personal Auto,SUV,546
KH94432,Arizona,F,Doctor,0,48696,66,0,Corporate Auto,Four-Door Car,48
ID21652,Washington,F,Bachelor,0,79189,71,0,Personal Auto,Two-Door Car,56
RV90030,California,F,High School or Below,0,0,116,0,Special Auto,Sports Car,1148
CK36026,Arizona,F,Bachelor,0,23870,91,0,Personal Auto,Two-Door Car,500
UR27848,California,M,College,0,0,73,0,Personal Auto,Two-Door Car,350
KP68957,California,F,Bachelor,0,41059,64,0,Corporate Auto,Four-Door Car,151
LC86277,Oregon,M,High School or Below,0,19447,89,0,Corporate Auto,Four-Door Car,640
UW55977,Washington,M,Bachelor,0,94392,65,0,Personal Auto,Four-Door Car,156
RE46032,Nevada,M,College,0,23203,132,0,Personal Auto,SUV,1158
CG69038,Washington,M,College,0,38157,61,0,Personal Auto,Two-Door Car,81
IR73545,Oregon,M,College,0,0,126,0,Personal Auto,SUV,604
CR85257,Oregon,M,High School or Below,0,99761,63,0,Corporate Auto,Two-Door Car,452
JX88012,Oregon,F,College,0,98350,101,0,Corporate Auto,SUV,289
ED44765,Oregon,F,High School or Below,0,25318,63,0,Personal Auto,Four-Door Car,302
TW81986,Arizona,F,Bachelor,0,51721,139,0,Personal Auto,SUV,625
HA56889,Nevada,F,Bachelor,0,0,114,0,Personal Auto,Sports Car,851
EB72669,California,M,Bachelor,0,0,78,0,Personal Auto,Four-Door Car,374
CH95772,California,M,College,0,68321,66,0,Personal Auto,Four-Door Car,198
OZ62735,Arizona,M,Bachelor,0,69161,129,0,Personal Auto,Sports Car,441
UN50538,Oregon,F,Bachelor,0,72667,80,0,Personal Auto,Four-Door Car,383
JS76871,Oregon,M,High School or Below,0,62082,72,0,Corporate Auto,Four-Door Car,91
UG42487,Arizona,F,High School or Below,0,0,87,0,Personal Auto,Four-Door Car,626
TB56369,California,F,Bachelor,0,36551,107,0,Personal Auto,Four-Door Car,53
ZN27753,Oregon,M,Bachelor,0,70524,73,0,Personal Auto,Four-Door Car,350
FH22442,California,F,High School or Below,0,60477,65,0,Corporate Auto,Four-Door Car,139
LV81383,Washington,F,High School or Below,0,0,96,0,Personal Auto,Four-Door Car,460
HI34993,Oregon,M,High School or Below,0,40376,69,0,Personal Auto,Four-Door Car,427
KW59167,Oregon,F,College,0,72608,82,0,Personal Auto,Four-Door Car,393
BL44722,Nevada,F,High School or Below,0,46587,119,0,Personal Auto,Four-Door Car,571
QV11152,Arizona,M,High School or Below,0,34398,61,0,Personal Auto,Two-Door Car,292
SG53084,California,F,Bachelor,0,70432,61,0,Personal Auto,Four-Door Car,6
EZ30537,Oregon,F,Doctor,0,79655,296,0,Personal Auto,Luxury Car,498
AY35050,Arizona,F,College,0,0,98,0,Personal Auto,Two-Door Car,470
UQ59692,California,F,Bachelor,0,73457,133,0,Personal Auto,SUV,198
JF11031,California,M,College,0,0,82,0,Personal Auto,Four-Door Car,393
DE53644,California,F,Bachelor,0,23059,66,0,Personal Auto,Two-Door Car,372
KR53335,Washington,F,Bachelor,0,0,66,0,Personal Auto,Four-Door Car,316
AJ89108,California,F,Bachelor,0,51643,283,0,Personal Auto,Luxury Car,1358
MZ10085,Nevada,M,High School or Below,0,72531,109,0,Personal Auto,Sports Car,523
EV68966,California,M,College,0,87840,118,0,Personal Auto,SUV,161
PS28082,Arizona,M,High School or Below,0,57563,66,0,Personal Auto,Four-Door Car,316
MX89333,Arizona,M,Bachelor,0,0,72,0,Personal Auto,Two-Door Car,345
OE14751,Oregon,M,Doctor,0,31278,92,0,Personal Auto,Two-Door Car,441
YI73667,Nevada,F,College,0,0,72,0,Personal Auto,Four-Door Car,345
AX70794,California,M,High School or Below,0,47122,62,0,Personal Auto,Two-Door Car,297
BF69918,Oregon,M,High School or Below,0,0,77,0,Personal Auto,Four-Door Car,534
KE61355,Oregon,F,High School or Below,0,60260,66,0,Corporate Auto,Four-Door Car,328
HG65194,Oregon,F,College,0,0,125,0,Personal Auto,SUV,600
GV68933,Arizona,M,High School or Below,0,12677,101,0,Personal Auto,SUV,500
LM76366,Nevada,M,High School or Below,0,28564,76,0,Corporate Auto,Two-Door Car,364
PS57128,California,F,Bachelor,0,41341,99,0,Personal Auto,Four-Door Car,240
AH55475,Arizona,M,College,0,44246,122,0,Personal Auto,SUV,585
LE91297,Oregon,M,Master,0,0,71,0,Personal Auto,Four-Door Car,340
IF18508,California,F,High School or Below,0,70610,99,0,Personal Auto,Four-Door Car,240
YE87442,Arizona,F,High School or Below,0,34831,124,0,Personal Auto,SUV,595
QD85803,California,F,Bachelor,0,30374,99,0,Personal Auto,Four-Door Car,304
SF25048,California,M,College,0,50825,102,0,Personal Auto,SUV,369
FH39423,Oregon,F,Master,0,80727,68,0,Personal Auto,Four-Door Car,98
LW43630,California,F,Bachelor,0,71269,80,0,Personal Auto,Four-Door Car,350
XO17798,Washington,M,High School or Below,0,45794,74,0,Personal Auto,Four-Door Car,449
IN15077,California,M,High School or Below,0,99874,119,0,Corporate Auto,Sports Car,307
NE16405,California,F,Bachelor,0,76731,64,0,Personal Auto,Four-Door Car,201
TU82820,California,M,Master,0,73019,112,0,Corporate Auto,SUV,537
FR26341,Oregon,M,Master,0,19112,62,0,Personal Auto,Four-Door Car,259
MT27589,Oregon,M,College,0,58414,210,0,Corporate Auto,Luxury SUV,1008
UG72692,Oregon,M,Bachelor,0,0,70,0,Personal Auto,Four-Door Car,734
MP95255,California,F,High School or Below,0,66676,97,0,Personal Auto,Four-Door Car,558
EM16179,Arizona,F,College,0,69011,70,0,Personal Auto,Four-Door Car,336
DR77208,California,M,Bachelor,0,0,85,0,Personal Auto,Two-Door Car,58
PR31509,Nevada,M,Bachelor,0,0,71,0,Personal Auto,Four-Door Car,340
SE33381,Arizona,F,Bachelor,0,0,126,0,Corporate Auto,SUV,907
BW43011,California,M,High School or Below,0,0,112,0,Personal Auto,SUV,806
YP96182,Oregon,M,Master,0,31385,69,0,Personal Auto,Four-Door Car,68
WI58274,Oregon,F,College,0,68261,102,0,Personal Auto,Sports Car,84
YF26585,Nevada,M,High School or Below,0,92324,119,0,Corporate Auto,Sports Car,603
UH76090,California,F,Bachelor,0,0,136,0,Personal Auto,SUV,1237
VF36700,Oregon,F,Master,0,20983,97,0,Personal Auto,Four-Door Car,451
CS32416,Oregon,M,Bachelor,0,68004,72,0,Corporate Auto,Two-Door Car,416
AT18041,California,F,High School or Below,0,63471,67,0,Personal Auto,Two-Door Car,387
TB54645,Oregon,F,Bachelor,0,27369,77,0,Personal Auto,Four-Door Car,331
LX11170,Oregon,F,High School or Below,0,36839,61,0,Personal Auto,Four-Door Car,152
RO43614,Washington,F,Bachelor,0,0,65,0,Personal Auto,Four-Door Car,312
QS36363,Arizona,F,High School or Below,0,26149,157,0,Personal Auto,SUV,753
FX72157,Oregon,F,High School or Below,0,52440,109,0,Corporate Auto,Four-Door Car,371
XC43591,Oregon,M,College,0,24571,109,0,Personal Auto,Four-Door Car,523
PJ71030,Oregon,M,High School or Below,0,0,90,0,Special Auto,Four-Door Car,432
JH14651,Washington,M,Master,0,60244,83,0,Personal Auto,Four-Door Car,326
YG42297,Arizona,M,College,0,0,72,0,Personal Auto,Four-Door Car,216
TY31217,Washington,F,Bachelor,0,51643,283,0,Personal Auto,Luxury Car,1358
KU69274,Arizona,F,High School or Below,0,17157,123,0,Personal Auto,SUV,770
MU53420,Oregon,M,High School or Below,0,0,73,0,Personal Auto,Two-Door Car,496
RE36747,Nevada,M,High School or Below,0,17308,82,0,Personal Auto,Four-Door Car,874
IN78205,Arizona,F,College,0,0,118,0,Personal Auto,SUV,849
AH39293,California,M,College,0,72302,66,0,Personal Auto,Two-Door Car,316
IF30418,California,F,Master,0,34990,65,0,Personal Auto,Four-Door Car,42
QH51455,Arizona,M,College,0,0,107,0,Personal Auto,Four-Door Car,513
UZ60774,Nevada,F,Bachelor,0,0,87,0,Personal Auto,Four-Door Car,626
AD63766,Oregon,M,Bachelor,0,0,81,0,Personal Auto,Two-Door Car,388
MN19541,Arizona,M,College,0,0,61,0,Personal Auto,Four-Door Car,393
SF38922,Oregon,M,College,0,33760,102,0,Personal Auto,SUV,123
ST91578,California,M,Master,0,0,90,0,Personal Auto,Four-Door Car,144
AP52565,Arizona,F,High School or Below,0,70328,84,0,Corporate Auto,Four-Door Car,293
BT68954,Oregon,M,Bachelor,0,0,99,0,Special Auto,Four-Door Car,712
NU93648,Arizona,M,Bachelor,0,0,63,0,Corporate Auto,Two-Door Car,243
OU60143,Oregon,F,Bachelor,0,60021,99,0,Corporate Auto,Four-Door Car,882
EC51047,California,F,Bachelor,0,31991,81,0,Personal Auto,Four-Door Car,548
EV46476,California,M,Bachelor,0,20169,112,0,Personal Auto,SUV,537
HB59616,Washington,F,College,0,0,64,0,Personal Auto,Two-Door Car,307
RA34556,California,M,High School or Below,0,20178,69,0,Corporate Auto,Four-Door Car,331
NB87421,Arizona,M,High School or Below,0,78189,103,0,Corporate Auto,Four-Door Car,99
HR64765,Washington,M,High School or Below,0,0,244,0,Personal Auto,Luxury Car,1756
FM70419,Oregon,M,College,0,0,72,0,Personal Auto,Four-Door Car,518
GX51965,California,M,High School or Below,0,95697,107,0,Personal Auto,Sports Car,178
OS75351,Oregon,M,College,0,0,70,0,Personal Auto,Four-Door Car,425
TU25694,Oregon,M,High School or Below,0,0,70,0,Personal Auto,Four-Door Car,504
JS90115,Nevada,F,High School or Below,0,64559,62,0,Personal Auto,Four-Door Car,107
KW93227,Washington,M,College,0,58149,61,0,Special Auto,Four-Door Car,292
SU41739,California,M,College,0,0,124,0,Personal Auto,SUV,473
TV75816,Oregon,M,High School or Below,0,70911,63,0,Corporate Auto,Two-Door Car,302
RS54064,Washington,M,High School or Below,0,78337,62,0,Corporate Auto,Two-Door Car,36
OB63331,Arizona,F,Doctor,0,50397,70,0,Corporate Auto,Four-Door Car,350
TI58610,Arizona,F,Master,0,51199,74,0,Corporate Auto,Four-Door Car,355
TJ82551,Nevada,F,Bachelor,0,46928,102,0,Personal Auto,Four-Door Car,631
ZO43755,Oregon,F,Master,0,23879,107,0,Corporate Auto,SUV,635
VG16827,California,F,Master,0,79487,114,0,Personal Auto,SUV,547
KJ48497,Oregon,F,High School or Below,0,0,106,0,Personal Auto,SUV,850
NA27429,Nevada,F,High School or Below,0,82477,90,0,Personal Auto,Two-Door Car,432
AZ38648,Washington,F,Master,0,21514,62,0,Personal Auto,Two-Door Car,257
SR53077,Nevada,F,High School or Below,0,57231,65,0,Personal Auto,Four-Door Car,305
UO12263,Oregon,F,High School or Below,0,0,69,0,Corporate Auto,Four-Door Car,331
BC86800,California,F,Bachelor,0,84598,89,0,Personal Auto,Two-Door Car,639
ZQ28996,Nevada,M,College,0,48895,68,0,Corporate Auto,Four-Door Car,325
JI42730,Arizona,M,High School or Below,0,84493,92,0,Personal Auto,Four-Door Car,441
VF21170,California,F,Bachelor,0,37277,109,0,Personal Auto,SUV,417
MP25903,Oregon,M,High School or Below,0,0,71,0,Personal Auto,Two-Door Car,497
YH24323,California,F,College,0,14906,66,0,Corporate Auto,Four-Door Car,421
XB86235,Arizona,M,Doctor,0,14710,112,0,Personal Auto,Sports Car,537
WR53191,California,F,Bachelor,0,20656,130,0,Corporate Auto,SUV,706
UM83813,Oregon,F,Bachelor,0,0,194,0,Personal Auto,Luxury SUV,1396
JW45704,California,M,Bachelor,0,0,64,0,Personal Auto,Four-Door Car,431
PV26437,California,F,Bachelor,0,57777,61,0,Corporate Auto,Four-Door Car,273
AX39008,Oregon,M,Bachelor,0,80409,74,0,Personal Auto,Two-Door Car,262
DJ52170,California,M,High School or Below,0,73168,70,0,Special Auto,Four-Door Car,425
RM34371,Nevada,F,Bachelor,0,0,64,0,Personal Auto,Two-Door Car,345
TZ65661,California,F,College,0,32437,69,0,Corporate Auto,Two-Door Car,331
YD74214,California,F,College,0,94903,94,0,Personal Auto,Two-Door Car,451
AR99766,Nevada,F,Bachelor,0,82534,118,0,Personal Auto,SUV,4
ZA30025,Arizona,M,Bachelor,0,0,121,0,Personal Auto,SUV,1215
IE85867,Arizona,F,High School or Below,0,46587,119,0,Personal Auto,Four-Door Car,571
XK52242,California,M,Bachelor,0,32245,124,0,Personal Auto,SUV,257
RP12388,Arizona,M,Bachelor,0,39886,64,0,Personal Auto,Two-Door Car,290
TP30316,California,M,College,0,79157,61,0,Corporate Auto,Two-Door Car,117
RS60249,Oregon,M,Bachelor,0,0,62,0,Personal Auto,Two-Door Car,446
AL50693,Oregon,M,Bachelor,0,0,102,0,Corporate Auto,SUV,660
SH36838,Arizona,M,High School or Below,0,0,74,0,Personal Auto,Four-Door Car,532
CV44550,Arizona,M,College,0,0,119,0,Corporate Auto,Four-Door Car,964
YO23637,Washington,M,College,0,0,64,0,Special Auto,Two-Door Car,759
AJ32539,Oregon,M,Bachelor,0,25860,72,0,Personal Auto,Four-Door Car,345
VQ48245,Washington,F,Master,0,77882,79,0,Personal Auto,Four-Door Car,379
ID15010,Oregon,M,Doctor,0,24164,137,0,Personal Auto,Sports Car,657
RH28799,Arizona,M,College,0,0,70,0,Personal Auto,Four-Door Car,341
WC72942,Oregon,M,High School or Below,0,66169,96,0,Personal Auto,Two-Door Car,156
HT92952,California,M,Bachelor,0,82664,114,0,Corporate Auto,SUV,133
LR82110,Nevada,F,Doctor,0,23638,102,0,Personal Auto,SUV,489
JE19783,Arizona,M,Bachelor,0,26436,83,0,Personal Auto,Two-Door Car,398
MX97096,Nevada,F,College,0,0,78,0,Personal Auto,Four-Door Car,374
TD51026,Arizona,M,Bachelor,0,13154,102,0,Personal Auto,SUV,489
SD75391,California,F,Master,0,24173,70,0,Personal Auto,Four-Door Car,181
CN29830,California,M,High School or Below,0,26689,64,0,Corporate Auto,Four-Door Car,424
RV52244,Arizona,F,Bachelor,0,31357,63,0,Personal Auto,Four-Door Car,2
WA59097,Oregon,F,College,0,40417,71,0,Personal Auto,Four-Door Car,130
TV23956,Washington,M,High School or Below,0,0,63,0,Personal Auto,Four-Door Car,453
XQ81794,Arizona,M,High School or Below,0,93872,64,0,Personal Auto,Four-Door Car,206
BB21794,Oregon,F,Bachelor,0,29853,69,0,Personal Auto,Four-Door Car,76
HC63693,Arizona,F,College,0,88049,92,0,Corporate Auto,Two-Door Car,567
KJ55021,Washington,F,College,0,29111,63,0,Personal Auto,Four-Door Car,302
HX45529,Oregon,M,Master,0,37282,79,0,Personal Auto,Four-Door Car,222
XY78443,Arizona,F,College,0,0,62,0,Personal Auto,Two-Door Car,297
KQ38375,California,F,Bachelor,0,0,133,0,Personal Auto,SUV,945
HC66205,Washington,M,High School or Below,0,58248,80,0,Corporate Auto,Four-Door Car,134
KF62288,Oregon,F,High School or Below,0,0,89,0,Special Auto,Two-Door Car,942
YE46109,Arizona,F,College,0,26367,139,0,Personal Auto,SUV,105
TT30338,Arizona,F,Master,0,89586,63,0,Personal Auto,Four-Door Car,302
MC22692,Washington,F,High School or Below,0,86642,87,0,Personal Auto,Two-Door Car,234
FW17421,Washington,F,High School or Below,0,24959,89,0,Corporate Auto,Four-Door Car,640
KE83023,Oregon,M,Bachelor,0,27279,137,0,Personal Auto,SUV,770
HT96569,Oregon,M,Bachelor,0,57117,67,0,Personal Auto,Four-Door Car,321
GO27855,Oregon,F,College,0,64600,86,0,Personal Auto,Four-Door Car,168
UX71974,California,M,College,0,42218,180,0,Personal Auto,Luxury Car,212
QT97406,Arizona,M,Bachelor,0,32869,85,0,Corporate Auto,Two-Door Car,117
QQ37605,Washington,F,Master,0,26047,64,0,Personal Auto,Four-Door Car,187
BL79888,Oregon,F,High School or Below,0,20090,109,0,Personal Auto,Sports Car,523
WF91295,Oregon,F,High School or Below,0,11904,61,0,Personal Auto,Two-Door Car,292
NQ92014,California,F,High School or Below,0,0,106,0,Personal Auto,SUV,763
RP33869,Washington,F,Bachelor,0,49467,65,0,Personal Auto,Two-Door Car,413
TS31001,Oregon,M,Bachelor,0,55705,113,0,Personal Auto,SUV,149
NE58217,Oregon,F,Bachelor,0,83560,113,0,Corporate Auto,Four-Door Car,276
BV57364,Arizona,M,College,0,50825,102,0,Personal Auto,SUV,369
FS84707,Nevada,F,Doctor,0,82108,67,0,Personal Auto,Four-Door Car,52
AN80983,Oregon,M,College,0,85721,65,0,Corporate Auto,Four-Door Car,312
UU84036,California,M,High School or Below,0,59597,69,0,Special Auto,Two-Door Car,222
XQ51968,California,M,High School or Below,0,0,79,0,Corporate Auto,Two-Door Car,407
CY59740,California,M,High School or Below,0,0,73,0,Corporate Auto,Four-Door Car,350
XT58648,Arizona,F,High School or Below,0,64125,108,0,Personal Auto,SUV,369
WZ63975,California,F,High School or Below,0,22319,63,0,Personal Auto,Two-Door Car,302
RQ72272,Arizona,M,College,0,94304,71,0,Personal Auto,Two-Door Car,182
FR34560,Oregon,F,Master,0,17193,66,0,Corporate Auto,Four-Door Car,316
EF99768,California,F,High School or Below,0,37800,112,0,Corporate Auto,SUV,662
LW50691,Nevada,F,College,0,96269,118,0,Personal Auto,Four-Door Car,58
EP34249,Oregon,M,College,0,28432,118,0,Corporate Auto,SUV,612
DQ54144,Arizona,F,High School or Below,0,0,118,0,Personal Auto,SUV,566
SE62920,California,M,Bachelor,0,63909,112,0,Personal Auto,SUV,206
PL54420,Arizona,F,Bachelor,0,33190,106,0,Personal Auto,SUV,508
QG22665,Arizona,M,College,0,43723,66,0,Personal Auto,Four-Door Car,316
LJ59940,Nevada,F,High School or Below,0,0,63,0,Corporate Auto,Four-Door Car,685
AV17528,Nevada,F,High School or Below,0,42600,115,0,Personal Auto,Sports Car,660
ZU88796,Arizona,F,Bachelor,0,87802,63,0,Personal Auto,Four-Door Car,173
SD96596,Washington,F,High School or Below,0,34087,235,0,Personal Auto,Luxury SUV,889
LT98784,Oregon,M,Master,0,18129,69,0,Personal Auto,Four-Door Car,364
OQ45659,Arizona,F,College,0,45431,116,0,Personal Auto,Four-Door Car,556
ZS66375,California,F,Bachelor,0,0,71,0,Personal Auto,Four-Door Car,511
EJ67407,Arizona,M,High School or Below,0,95191,101,0,Corporate Auto,Four-Door Car,316
JD19036,Arizona,F,Master,0,41671,136,0,Personal Auto,SUV,570
YO11701,Oregon,M,High School or Below,0,53231,101,0,Personal Auto,SUV,484
KO73340,Oregon,M,College,0,77299,66,0,Personal Auto,Four-Door Car,151
BV53716,Oregon,F,High School or Below,0,93348,65,0,Personal Auto,Four-Door Car,108
CV95479,California,M,Bachelor,0,0,107,0,Personal Auto,Four-Door Car,770
OZ97304,Arizona,F,High School or Below,0,0,78,0,Corporate Auto,Four-Door Car,374
RE63028,Nevada,F,High School or Below,0,87210,81,0,Personal Auto,Four-Door Car,353
LN37854,Arizona,F,College,0,0,73,0,Personal Auto,Four-Door Car,525
MU76701,Washington,F,College,0,62445,98,0,Personal Auto,Four-Door Car,681
VI66513,California,M,High School or Below,0,20009,87,0,Corporate Auto,Four-Door Car,987
EB30823,California,M,College,0,0,67,0,Personal Auto,Four-Door Car,482
DQ19343,California,F,High School or Below,0,57925,72,0,Corporate Auto,Two-Door Car,204
SB61617,California,M,Master,0,39910,112,0,Personal Auto,SUV,561
DY92795,Oregon,F,Bachelor,0,83252,80,0,Personal Auto,Four-Door Car,384
WZ92405,Nevada,F,College,0,31723,62,0,Personal Auto,Two-Door Car,242
WL21375,Arizona,F,High School or Below,0,0,112,0,Personal Auto,Four-Door Car,747
KL83882,Nevada,F,Bachelor,0,72661,83,0,Personal Auto,Four-Door Car,398
ET87938,Oregon,M,College,0,24711,62,0,Personal Auto,Two-Door Car,362
EQ87425,California,F,High School or Below,0,0,69,0,Corporate Auto,Four-Door Car,40
UM17151,California,M,Bachelor,0,0,67,0,Personal Auto,Two-Door Car,413
MS11057,Oregon,M,Bachelor,0,84539,119,0,Personal Auto,Four-Door Car,65
UU99893,Arizona,F,Master,0,42677,96,0,Personal Auto,Four-Door Car,1084
FE93665,Oregon,F,High School or Below,0,0,72,0,Personal Auto,Two-Door Car,518
AN53225,Washington,M,High School or Below,0,0,76,0,Personal Auto,Two-Door Car,364
RL12319,Oregon,F,High School or Below,0,51692,186,0,Special Auto,Luxury Car,892
AR25213,Arizona,M,High School or Below,0,40858,184,0,Personal Auto,Luxury SUV,883
JL15127,Nevada,M,College,0,37256,62,0,Personal Auto,Four-Door Car,128
SD42668,Washington,M,Bachelor,0,0,74,0,Personal Auto,Four-Door Car,532
ZG82127,California,F,Bachelor,0,73054,106,0,Corporate Auto,SUV,419
DW37404,California,F,Bachelor,0,20532,67,0,Personal Auto,Four-Door Car,282
XM87301,Oregon,M,Bachelor,0,0,66,0,Personal Auto,Four-Door Car,596
TJ46491,Oregon,F,College,0,22946,76,0,Personal Auto,Four-Door Car,377
KA98111,Washington,M,Bachelor,0,22475,64,0,Personal Auto,Four-Door Car,307
IM15816,Oregon,F,High School or Below,0,79440,117,0,Personal Auto,SUV,500
ZT63368,Arizona,M,College,0,0,74,0,Personal Auto,Four-Door Car,470
VU79621,Oregon,M,Master,0,0,108,0,Personal Auto,Sports Car,518
HP20623,California,F,High School or Below,0,70988,65,0,Personal Auto,Four-Door Car,312
RY44996,Oregon,F,High School or Below,0,56536,67,0,Special Auto,Four-Door Car,301
YS71471,Arizona,M,High School or Below,0,45754,69,0,Personal Auto,Two-Door Car,333
VW74085,Oregon,F,High School or Below,0,48278,74,0,Personal Auto,Two-Door Car,98
YD76280,Oregon,M,High School or Below,0,22087,61,0,Personal Auto,Two-Door Car,292
TL67005,California,F,High School or Below,0,0,136,0,Corporate Auto,SUV,569
MO65595,Nevada,F,Bachelor,0,0,92,0,Personal Auto,Two-Door Car,571
RX96438,Washington,F,High School or Below,0,24400,62,0,Corporate Auto,Two-Door Car,297
VA65117,Oregon,M,High School or Below,0,0,110,0,Personal Auto,SUV,1138
KG16176,Washington,F,College,0,0,66,0,Personal Auto,Four-Door Car,167
NT79981,Nevada,F,High School or Below,0,13199,93,0,Personal Auto,Four-Door Car,582
ES88339,California,M,Master,0,60607,83,0,Corporate Auto,Four-Door Car,379
AD33971,California,M,Doctor,0,0,68,0,Personal Auto,Four-Door Car,326
JR84006,Washington,M,High School or Below,0,74624,62,0,Personal Auto,Four-Door Car,297
FN66436,California,F,College,0,54311,90,0,Personal Auto,Two-Door Car,385
YX84828,Oregon,F,Bachelor,0,0,68,0,Personal Auto,Two-Door Car,326
JH94846,California,F,Bachelor,0,19240,99,0,Personal Auto,Four-Door Car,475
TX73398,Nevada,M,Bachelor,0,0,113,0,Personal Auto,Two-Door Car,813
RX45809,California,M,College,0,37899,187,0,Personal Auto,Luxury SUV,246
US36532,Arizona,F,High School or Below,0,76283,61,0,Corporate Auto,Four-Door Car,292
RN86953,California,F,High School or Below,0,69674,62,0,Personal Auto,Two-Door Car,297
RZ50353,California,M,High School or Below,0,57734,78,0,Personal Auto,Four-Door Car,374
QP32003,Arizona,F,College,0,0,93,0,Personal Auto,Four-Door Car,669
WN91943,California,M,College,0,30763,111,0,Personal Auto,Four-Door Car,1072
BR24590,Arizona,M,Bachelor,0,0,70,0,Personal Auto,Four-Door Car,522
UI57491,California,M,Bachelor,0,0,72,0,Personal Auto,Two-Door Car,518
UJ70796,Oregon,F,College,0,52130,62,0,Personal Auto,Four-Door Car,124
NX32730,California,F,High School or Below,0,77041,74,0,Personal Auto,Two-Door Car,475
OH98172,California,F,High School or Below,0,81081,79,0,Personal Auto,Two-Door Car,224
AQ30231,California,F,Bachelor,0,0,78,0,Personal Auto,Four-Door Car,374
MU97512,Oregon,M,Bachelor,0,27383,188,0,Corporate Auto,Luxury Car,902
CO75086,Arizona,M,College,0,20407,95,0,Corporate Auto,Four-Door Car,36
WW52683,California,F,Bachelor,0,61067,64,0,Personal Auto,Four-Door Car,86
XO38850,Arizona,M,College,0,0,94,0,Personal Auto,Four-Door Car,676
DB50188,California,M,College,0,23006,113,0,Personal Auto,SUV,792
DG23204,California,F,Doctor,0,27734,65,0,Personal Auto,Four-Door Car,193
JS64688,Oregon,M,High School or Below,0,48608,67,0,Personal Auto,Four-Door Car,321
PU81096,Arizona,M,Bachelor,0,43947,61,0,Personal Auto,Four-Door Car,291
IW56740,Oregon,M,High School or Below,0,23402,82,0,Personal Auto,Two-Door Car,393
AK44985,California,F,College,0,0,110,0,Personal Auto,SUV,792
FX55409,Oregon,F,Master,0,0,109,0,Personal Auto,SUV,298
BK76107,Oregon,F,High School or Below,0,81872,115,0,Personal Auto,Four-Door Car,256
AY26056,Arizona,F,College,0,63892,66,0,Personal Auto,Four-Door Car,90
QR36329,Washington,F,Bachelor,0,11822,70,0,Corporate Auto,Two-Door Car,285
GF70857,Nevada,M,College,0,0,83,0,Personal Auto,Four-Door Car,199
QE46704,Nevada,M,College,0,94178,72,0,Personal Auto,Four-Door Car,226
PD22502,California,F,Bachelor,0,0,65,0,Personal Auto,Two-Door Car,312
XF94560,Washington,F,High School or Below,0,0,62,0,Corporate Auto,Four-Door Car,297
HZ64168,California,M,Bachelor,0,0,129,0,Personal Auto,SUV,1191
FT79229,Washington,F,Bachelor,0,83761,111,0,Personal Auto,SUV,532
EI17753,Oregon,F,High School or Below,0,58577,110,0,Personal Auto,SUV,303
EV15646,California,M,College,0,46573,94,0,Personal Auto,Four-Door Car,77
FF38892,California,F,High School or Below,0,49889,118,0,Personal Auto,Two-Door Car,201
PP35705,California,M,High School or Below,0,26376,121,0,Personal Auto,SUV,580
FQ24781,Oregon,F,Master,0,34990,65,0,Personal Auto,Four-Door Car,42
CR20811,California,F,Bachelor,0,60642,133,0,Personal Auto,SUV,428
XT55646,Arizona,M,Bachelor,0,18263,117,0,Personal Auto,SUV,758
JH30819,California,F,Bachelor,0,66550,107,0,Corporate Auto,SUV,513
YV88022,Washington,M,High School or Below,0,56980,84,0,Personal Auto,Two-Door Car,599
VF57165,California,F,High School or Below,0,21206,136,0,Corporate Auto,Sports Car,98
AZ36763,Arizona,F,Bachelor,0,0,85,0,Personal Auto,Four-Door Car,612
FL50532,Arizona,M,Master,0,48866,103,0,Personal Auto,Sports Car,494
JP88955,Oregon,M,High School or Below,0,30525,115,0,Personal Auto,Sports Car,368
QF69163,Washington,F,College,0,25676,113,0,Personal Auto,Two-Door Car,542
OA26316,Arizona,F,College,0,0,62,0,Personal Auto,Four-Door Car,699
FL55134,Nevada,M,High School or Below,0,20228,101,0,Personal Auto,SUV,523
OL48469,Nevada,M,High School or Below,0,0,67,0,Personal Auto,Four-Door Car,321
CR86548,Nevada,F,Master,0,67248,102,0,Personal Auto,SUV,489
XO11574,California,M,High School or Below,0,28928,87,0,Personal Auto,Four-Door Car,192
DM34321,California,F,Master,0,11652,89,0,Personal Auto,Two-Door Car,526
WH56217,Washington,M,College,0,29136,118,0,Corporate Auto,SUV,566
BV55733,Nevada,M,College,0,67696,97,0,Corporate Auto,Two-Door Car,17
PK37121,Washington,F,High School or Below,0,91775,108,0,Personal Auto,SUV,256
EO87464,Oregon,M,High School or Below,0,31383,99,0,Corporate Auto,Four-Door Car,475
UF49068,California,M,College,0,0,117,0,Corporate Auto,SUV,918
CH20044,California,F,Bachelor,0,0,65,0,Corporate Auto,Four-Door Car,312
NU57274,California,M,Bachelor,0,0,135,0,Personal Auto,SUV,972
CV63337,Oregon,F,Bachelor,0,37273,88,0,Personal Auto,Two-Door Car,422
GY87675,Oregon,M,College,0,26952,76,0,Corporate Auto,Four-Door Car,364
OH93496,Arizona,M,Bachelor,0,0,109,0,Personal Auto,SUV,784
AY99324,Oregon,M,College,0,21853,86,0,Personal Auto,Four-Door Car,412
MR27647,Washington,F,High School or Below,0,27431,85,0,Personal Auto,Four-Door Car,457
VQ82774,California,F,Master,0,19614,85,0,Personal Auto,Two-Door Car,574
WT38706,Oregon,F,Bachelor,0,0,139,0,Personal Auto,SUV,667
UI89243,California,F,Bachelor,0,77646,71,0,Personal Auto,Four-Door Car,340
XP69351,California,M,College,0,0,69,0,Personal Auto,Four-Door Car,124
PY64219,California,M,Master,0,0,125,0,Personal Auto,SUV,900
QJ64737,California,F,High School or Below,0,60884,77,0,Personal Auto,Four-Door Car,491
IU14618,Oregon,M,High School or Below,0,81082,73,0,Personal Auto,Four-Door Car,281
HH61461,Nevada,F,Bachelor,0,57483,82,0,Personal Auto,Four-Door Car,540
JX10102,Arizona,F,High School or Below,0,0,91,0,Personal Auto,Four-Door Car,655
SG86615,Oregon,M,High School or Below,0,40260,73,0,Personal Auto,Four-Door Car,299
VE47660,Oregon,F,High School or Below,0,30004,112,0,Personal Auto,SUV,806
BZ36030,Oregon,M,College,0,62575,106,0,Personal Auto,Two-Door Car,508
KJ52520,Arizona,F,High School or Below,0,45270,70,0,Personal Auto,Two-Door Car,46
IK60267,Nevada,F,Bachelor,0,24967,69,0,Personal Auto,Two-Door Car,331
NX15614,Oregon,M,High School or Below,0,0,73,0,Personal Auto,Two-Door Car,525
JO64353,Oregon,F,High School or Below,0,20269,66,0,Personal Auto,Two-Door Car,475
BL89983,California,F,High School or Below,0,34337,113,0,Special Auto,Four-Door Car,542
SE64365,California,M,High School or Below,0,35830,118,0,Corporate Auto,Four-Door Car,597
JW16295,California,F,High School or Below,0,55510,89,0,Personal Auto,Two-Door Car,427
IC61020,Oregon,F,High School or Below,0,88360,185,0,Personal Auto,Luxury Car,929
WB73140,Arizona,F,High School or Below,0,0,73,0,Personal Auto,Four-Door Car,350
JP52554,California,F,Bachelor,0,17449,71,0,Corporate Auto,Four-Door Car,268
QZ24527,California,F,Bachelor,0,33190,106,0,Personal Auto,SUV,508
VB53090,California,M,Master,0,43196,66,0,Personal Auto,Four-Door Car,1
LR49580,Oregon,F,Bachelor,0,59216,64,0,Personal Auto,Four-Door Car,200
LH66741,Arizona,M,Bachelor,0,23158,63,0,Personal Auto,Four-Door Car,302
IS79761,Oregon,M,High School or Below,0,38651,98,0,Personal Auto,Two-Door Car,470
PM11577,Oregon,F,Bachelor,0,74001,108,0,Corporate Auto,Two-Door Car,254
ZB84321,Washington,F,College,0,36032,70,0,Personal Auto,Four-Door Car,336
QO26846,Oregon,F,Master,0,16891,88,0,Personal Auto,Four-Door Car,633
YU55375,Oregon,M,College,0,0,67,0,Personal Auto,Two-Door Car,499
YU83697,Nevada,F,Bachelor,0,0,110,0,Corporate Auto,SUV,528
LQ24783,Oregon,F,Doctor,0,80590,76,0,Corporate Auto,Four-Door Car,104
KL27226,California,M,Bachelor,0,58776,83,0,Personal Auto,Four-Door Car,478
MR84659,Oregon,F,College,0,35482,129,0,Personal Auto,SUV,619
GU92938,Nevada,F,Bachelor,0,25612,61,0,Personal Auto,Two-Door Car,292
OE56979,Oregon,F,High School or Below,0,57016,119,0,Personal Auto,SUV,341
QT13680,California,M,High School or Below,0,25385,65,0,Corporate Auto,Four-Door Car,458
FG35165,Washington,F,College,0,50516,62,0,Personal Auto,Four-Door Car,179
MS41043,Arizona,F,College,0,0,199,0,Personal Auto,Luxury SUV,1956
BB19609,California,M,College,0,29977,133,0,Personal Auto,SUV,255
QW44027,Oregon,M,College,0,89384,285,0,Corporate Auto,Luxury Car,2052
AS60178,Nevada,F,Bachelor,0,54655,70,0,Corporate Auto,Four-Door Car,186
AP89323,Nevada,F,College,0,40516,70,0,Personal Auto,Four-Door Car,336
TY30683,Oregon,F,College,0,26156,96,0,Corporate Auto,Four-Door Car,460
MP16820,Arizona,M,College,0,70047,71,0,Personal Auto,Two-Door Car,107
ZT60102,Arizona,M,College,0,26000,256,0,Personal Auto,Luxury SUV,1228
QX24179,Oregon,M,Bachelor,0,41878,71,0,Personal Auto,Four-Door Car,161
RL21492,Arizona,M,Bachelor,0,86305,62,0,Corporate Auto,Four-Door Car,80
JW44963,Arizona,F,College,0,55483,70,0,Personal Auto,Four-Door Car,230
IT37924,Oregon,F,College,0,37345,82,0,Personal Auto,Four-Door Car,31
XC49176,California,F,Bachelor,0,93405,79,0,Corporate Auto,Four-Door Car,202
JK30153,Oregon,F,Master,0,99652,106,0,Personal Auto,SUV,406
MH50997,California,F,Bachelor,0,33901,84,0,Personal Auto,Four-Door Car,145
YJ53102,Oregon,F,Master,0,0,99,0,Corporate Auto,Four-Door Car,378
EX80215,California,F,College,0,0,77,0,Personal Auto,Four-Door Car,138
NI46290,Oregon,F,College,0,39429,62,0,Corporate Auto,Four-Door Car,102
CJ78860,Oregon,M,High School or Below,0,0,104,0,Personal Auto,SUV,748
WR88041,Washington,M,High School or Below,0,35832,65,0,Personal Auto,Four-Door Car,177
YI70563,California,M,Bachelor,0,88704,69,0,Personal Auto,Two-Door Car,259
XB91559,Washington,M,College,0,44051,67,0,Personal Auto,Four-Door Car,321
LT80200,Oregon,F,High School or Below,0,0,74,0,Personal Auto,Four-Door Car,355
DJ71217,Washington,M,College,0,0,110,0,Personal Auto,SUV,792
PI79725,Oregon,F,Bachelor,0,79297,64,0,Corporate Auto,Four-Door Car,164
YV23210,Oregon,M,High School or Below,0,23617,189,0,Personal Auto,Luxury Car,907
BP49831,Washington,F,Bachelor,0,23656,80,0,Corporate Auto,Four-Door Car,384
OF20965,Nevada,F,Bachelor,0,67780,92,0,Personal Auto,Four-Door Car,601
RX25695,Arizona,M,Bachelor,0,26900,97,0,Personal Auto,Four-Door Car,465
IO14680,Oregon,M,Bachelor,0,82664,114,0,Corporate Auto,SUV,133
WI52672,California,F,High School or Below,0,94153,111,0,Corporate Auto,SUV,4
YC45944,Arizona,M,College,0,0,105,0,Personal Auto,Four-Door Car,504
FV22585,Oregon,M,College,0,74487,88,0,Personal Auto,Four-Door Car,16
HP27902,Arizona,F,Bachelor,0,33747,199,0,Corporate Auto,Luxury Car,832
TP52309,California,M,High School or Below,0,0,131,0,Personal Auto,Sports Car,628
KU54022,Nevada,F,High School or Below,0,12762,86,0,Corporate Auto,Two-Door Car,412
FP67637,Nevada,M,Bachelor,0,93818,66,0,Personal Auto,Four-Door Car,248
SO43919,California,M,Bachelor,0,31650,121,0,Personal Auto,SUV,580
LH85364,Oregon,F,High School or Below,0,43922,83,0,Personal Auto,Four-Door Car,40
AP95078,Oregon,M,Bachelor,0,37229,67,0,Personal Auto,Four-Door Car,321
JC16991,Arizona,F,Master,0,36639,62,0,Personal Auto,Four-Door Car,297
GG24674,California,F,High School or Below,0,15520,66,0,Personal Auto,Two-Door Car,316
IA11038,Oregon,F,College,0,77077,112,0,Personal Auto,SUV,528
SA88518,Oregon,F,College,0,50296,65,0,Personal Auto,Two-Door Car,46
GO80206,Arizona,F,Bachelor,0,23737,62,0,Personal Auto,Four-Door Car,437
GB71156,California,M,College,0,59624,117,0,Corporate Auto,Four-Door Car,582
RU39880,California,F,Bachelor,0,58658,74,0,Personal Auto,Two-Door Car,355
ND77597,Oregon,M,Bachelor,0,25542,70,0,Personal Auto,Four-Door Car,448
RB70060,California,M,High School or Below,0,51408,62,0,Personal Auto,Four-Door Car,297
BH68769,Oregon,M,Bachelor,0,42259,81,0,Personal Auto,Two-Door Car,529
IO64256,Oregon,F,High School or Below,0,78889,68,0,Corporate Auto,Two-Door Car,51
XU98055,Arizona,M,College,0,15406,124,0,Personal Auto,SUV,892
HP68848,Arizona,F,High School or Below,0,53792,115,0,Corporate Auto,Four-Door Car,552
AW84946,Arizona,M,Bachelor,0,36349,117,0,Personal Auto,SUV,326
HE29300,California,M,College,0,41104,109,0,Corporate Auto,SUV,440
XK99408,California,F,High School or Below,0,29098,115,0,Personal Auto,SUV,683
RA38184,Arizona,F,Bachelor,0,0,93,0,Corporate Auto,Four-Door Car,7
TN79733,Oregon,F,High School or Below,0,0,63,0,Personal Auto,Four-Door Car,685
RU58277,California,F,Master,0,72026,191,0,Corporate Auto,Luxury SUV,554
LI10567,Oregon,M,High School or Below,0,0,169,0,Personal Auto,Sports Car,1312
JB29250,Oregon,F,High School or Below,0,87615,94,0,Personal Auto,Four-Door Car,451
VN57368,California,M,High School or Below,0,0,68,0,Corporate Auto,Four-Door Car,489
VT51874,Oregon,M,High School or Below,0,0,82,0,Personal Auto,Four-Door Car,393
BC48076,Washington,F,Master,0,48689,191,0,Personal Auto,Luxury Car,985
DX91931,Washington,M,College,0,0,150,0,Personal Auto,SUV,1080
BP74289,Oregon,M,College,0,0,103,0,Personal Auto,SUV,494
PS77478,Arizona,M,College,0,0,110,0,Personal Auto,SUV,792
DA10870,Arizona,M,Bachelor,0,40675,81,0,Personal Auto,Four-Door Car,563
TE60343,Oregon,M,High School or Below,0,25746,61,0,Corporate Auto,Four-Door Car,292
XJ40322,California,F,High School or Below,0,61687,67,0,Personal Auto,Two-Door Car,120
HJ57617,Oregon,M,Bachelor,0,31686,101,0,Corporate Auto,SUV,710
CD95333,California,M,Bachelor,0,20920,74,0,Personal Auto,Two-Door Car,14
CW98743,California,F,College,0,22538,64,0,Personal Auto,Four-Door Car,423
PA80607,Oregon,M,High School or Below,0,85483,67,0,Personal Auto,Two-Door Car,314
YC87263,Oregon,F,Master,0,70734,175,0,Corporate Auto,SUV,1200
EB52195,Oregon,F,College,0,40639,67,0,Personal Auto,Four-Door Car,301
VF33776,Nevada,F,High School or Below,0,90289,99,0,Corporate Auto,Four-Door Car,164
BP23267,California,F,Bachelor,0,39547,202,0,Personal Auto,Luxury SUV,969
OH80943,California,F,College,0,0,87,0,Special Auto,Four-Door Car,420
OA46321,Oregon,M,College,0,54833,198,0,Corporate Auto,Luxury Car,1396
CA22248,Oregon,F,Master,0,60546,63,0,Personal Auto,Four-Door Car,46
LK40273,Oregon,M,College,0,33938,64,0,Personal Auto,Four-Door Car,63
LI13735,Oregon,F,Bachelor,0,85586,77,0,Personal Auto,Two-Door Car,13
LK35963,California,F,Bachelor,0,89601,70,0,Personal Auto,Two-Door Car,117
YK36937,Washington,M,College,0,33799,74,0,Personal Auto,Four-Door Car,355
IY91183,Arizona,F,Master,0,0,100,0,Personal Auto,SUV,480
RA91280,Arizona,M,Doctor,0,30817,88,0,Personal Auto,Four-Door Car,91
LA78882,California,M,Bachelor,0,0,189,0,Personal Auto,Luxury Car,1823
RO26233,California,F,College,0,31056,63,0,Personal Auto,Four-Door Car,302
ZE79055,California,M,Bachelor,0,65017,81,0,Personal Auto,Four-Door Car,301
OI92280,Oregon,F,College,0,12180,113,0,Corporate Auto,SUV,675
UK62940,Oregon,M,College,0,0,64,0,Personal Auto,Four-Door Car,333
PU41916,Oregon,M,College,0,0,102,0,Personal Auto,SUV,489
QU75179,California,M,Bachelor,0,87454,89,0,Personal Auto,Four-Door Car,60
PB16956,Oregon,F,College,0,51001,99,0,Personal Auto,Four-Door Car,291
JX60415,Arizona,F,Master,0,58557,88,0,Personal Auto,Four-Door Car,55
CG39505,Oregon,M,Bachelor,0,18665,66,0,Personal Auto,Four-Door Car,583
GD59850,Oregon,F,College,0,21299,69,0,Corporate Auto,Four-Door Car,331
ME37450,Arizona,M,Bachelor,0,89781,66,0,Special Auto,Four-Door Car,37
EE24901,Arizona,M,Bachelor,0,0,83,0,Personal Auto,Two-Door Car,398
VY40793,Oregon,M,College,0,0,122,0,Personal Auto,SUV,725
ZB54635,California,F,Bachelor,0,0,68,0,Personal Auto,Two-Door Car,386
IF58637,California,F,High School or Below,0,22881,65,0,Personal Auto,Four-Door Car,312
RE95629,California,F,College,0,0,63,0,Personal Auto,Two-Door Car,453
XO67536,California,F,College,0,10860,66,0,Personal Auto,Four-Door Car,316
QY56887,Arizona,F,High School or Below,0,0,131,0,Corporate Auto,SUV,943
TB77524,Arizona,F,College,0,0,116,0,Personal Auto,SUV,1339
WM14507,Nevada,F,High School or Below,0,62582,95,0,Personal Auto,Four-Door Car,456
XL90594,California,F,College,0,87473,95,0,Personal Auto,Four-Door Car,448
CQ78705,Oregon,F,College,0,92681,91,0,Personal Auto,Four-Door Car,436
NY55083,Oregon,F,College,0,74916,62,0,Personal Auto,Two-Door Car,123
NJ28041,Oregon,M,High School or Below,0,58684,162,0,Personal Auto,SUV,1166
CF62430,Nevada,F,Bachelor,0,70973,114,0,Personal Auto,SUV,547
SM54927,Washington,F,Bachelor,0,0,93,0,Personal Auto,Four-Door Car,13
RV58659,Washington,F,College,0,21124,112,0,Corporate Auto,SUV,733
UZ42802,Oregon,M,Bachelor,0,0,135,0,Personal Auto,Sports Car,1516
KD63933,California,M,College,0,24030,194,0,Personal Auto,Luxury SUV,970
EG54606,California,M,Bachelor,0,21371,66,0,Personal Auto,Four-Door Car,590
OP73328,Arizona,F,High School or Below,0,71186,67,0,Personal Auto,Two-Door Car,29
QG61936,California,M,Master,0,0,124,0,Corporate Auto,SUV,595
UU22643,Oregon,F,High School or Below,0,25147,101,0,Personal Auto,SUV,694
MF65419,Oregon,M,Bachelor,0,0,116,0,Personal Auto,Sports Car,835
NT97069,Washington,M,Bachelor,0,53988,64,0,Personal Auto,Two-Door Car,206
OC50447,Nevada,M,Bachelor,0,38055,64,0,Personal Auto,Two-Door Car,39
FA39525,Oregon,M,High School or Below,0,72859,61,0,Personal Auto,Two-Door Car,49
XW18691,Washington,M,Doctor,0,67787,194,0,Personal Auto,SUV,469
UN98304,Oregon,M,High School or Below,0,0,66,0,Corporate Auto,Four-Door Car,475
ZW33889,California,F,Bachelor,0,44280,62,0,Corporate Auto,Two-Door Car,130
MQ80538,Oregon,M,College,0,0,78,0,Personal Auto,Four-Door Car,374
HZ28612,Washington,F,College,0,59782,70,0,Personal Auto,Four-Door Car,336
ZQ35017,California,M,College,0,28215,65,0,Personal Auto,Two-Door Car,468
AE30506,California,F,Bachelor,0,0,66,0,Personal Auto,Four-Door Car,433
LA16827,Arizona,M,Master,0,49919,134,0,Personal Auto,SUV,643
TB46243,Arizona,M,High School or Below,0,88294,108,0,Personal Auto,SUV,367
GI14815,Washington,M,College,0,55800,66,0,Personal Auto,Two-Door Car,473
LQ28707,Oregon,M,Bachelor,0,23665,67,0,Personal Auto,Four-Door Car,404
LC27380,Oregon,F,High School or Below,0,32224,72,0,Personal Auto,Four-Door Car,19
TJ32609,California,M,High School or Below,0,23860,114,0,Personal Auto,SUV,547
AU71562,Washington,F,High School or Below,0,27179,74,0,Personal Auto,Four-Door Car,355
JQ66292,Oregon,F,Master,0,35705,65,0,Personal Auto,Two-Door Car,312
BD66455,California,M,High School or Below,0,0,143,0,Personal Auto,SUV,1029
HS97484,California,F,College,0,0,99,0,Personal Auto,Four-Door Car,475
AB45325,Arizona,M,High School or Below,0,74215,64,0,Personal Auto,Two-Door Car,345
ML93514,California,M,Bachelor,0,63977,118,0,Personal Auto,Four-Door Car,32
EO56466,Oregon,M,College,0,22070,72,0,Special Auto,Four-Door Car,345
ZK52226,California,F,High School or Below,0,0,72,0,Corporate Auto,Two-Door Car,345
EK87467,Arizona,F,College,0,17576,71,0,Personal Auto,Four-Door Car,398
QT24496,California,F,College,0,13483,107,0,Personal Auto,SUV,556
NM44679,California,M,College,0,0,136,0,Personal Auto,SUV,979
SK47066,Washington,M,College,0,72297,87,0,Personal Auto,Four-Door Car,109
YB39959,Oregon,M,Master,0,60244,83,0,Personal Auto,Four-Door Car,326
OB97365,California,F,High School or Below,0,77237,102,0,Personal Auto,Four-Door Car,197
HX53470,California,F,College,0,0,129,0,Corporate Auto,SUV,1178
JA17689,Arizona,M,Bachelor,0,0,68,0,Personal Auto,Two-Door Car,436
CJ63667,Oregon,F,Master,0,25663,114,0,Corporate Auto,Sports Car,663
GI70759,California,M,Bachelor,0,0,71,0,Personal Auto,Four-Door Car,511
LT24477,California,M,High School or Below,0,47589,109,0,Personal Auto,SUV,110
LQ45358,Nevada,M,Bachelor,0,0,112,0,Personal Auto,Four-Door Car,537
WY58284,California,M,Bachelor,0,97361,73,0,Personal Auto,Four-Door Car,350
YD53564,California,F,College,0,26441,71,0,Personal Auto,Two-Door Car,152
NI66988,Oregon,F,High School or Below,0,0,128,0,Personal Auto,SUV,715
LW25030,Arizona,F,Bachelor,0,29957,65,0,Corporate Auto,Four-Door Car,312
KX47545,Oregon,M,High School or Below,0,40082,69,0,Personal Auto,Four-Door Car,331
XB27698,Oregon,M,Bachelor,0,97361,73,0,Personal Auto,Four-Door Car,350
BX45636,California,F,High School or Below,0,91763,113,0,Special Auto,SUV,441
IS85460,California,F,High School or Below,0,48993,74,0,Personal Auto,Two-Door Car,810
EG36536,Arizona,M,Bachelor,0,24031,109,0,Personal Auto,Sports Car,523
UZ95992,California,F,Bachelor,0,63774,111,0,Personal Auto,Four-Door Car,60
QL20148,Oregon,M,College,0,49078,97,0,Personal Auto,Four-Door Car,484
SV51174,Oregon,M,Master,0,28935,87,0,Personal Auto,Two-Door Car,119
WP10197,Nevada,M,High School or Below,0,25927,103,0,Personal Auto,SUV,674
VV81837,Oregon,M,High School or Below,0,52507,123,0,Personal Auto,SUV,590
GT41712,California,F,Bachelor,0,0,74,0,Personal Auto,Four-Door Car,78
VL59942,Arizona,F,Bachelor,0,94137,65,0,Personal Auto,Four-Door Car,43
LH53046,Nevada,F,High School or Below,0,69186,69,0,Personal Auto,Four-Door Car,192
OG36837,Arizona,F,Doctor,0,91071,94,0,Personal Auto,Four-Door Car,402
VO30155,Nevada,M,High School or Below,0,85447,71,0,Corporate Auto,Four-Door Car,509
WW19050,Oregon,M,High School or Below,0,0,79,0,Personal Auto,Two-Door Car,50
UY85263,Nevada,F,Bachelor,0,88858,93,0,Personal Auto,Four-Door Car,310
CS30372,Oregon,M,Bachelor,0,21881,69,0,Corporate Auto,Four-Door Car,133
TQ85537,Washington,M,College,0,72669,74,0,Personal Auto,Four-Door Car,332
PE72696,California,M,College,0,68025,91,0,Personal Auto,Four-Door Car,436
UV89077,Oregon,F,College,0,25370,102,0,Personal Auto,Sports Car,489
EI29901,Arizona,M,Bachelor,0,26849,62,0,Personal Auto,Four-Door Car,38
FD16853,Arizona,F,High School or Below,0,0,72,0,Personal Auto,Four-Door Car,427
FH81409,California,M,High School or Below,0,0,79,0,Personal Auto,Four-Door Car,568
ZF64287,California,M,High School or Below,0,89948,110,0,Special Auto,Sports Car,125
NT82538,Oregon,F,Bachelor,0,0,63,0,Personal Auto,Two-Door Car,419
HA56608,California,M,College,0,0,126,0,Special Auto,SUV,604
JZ61712,Nevada,M,Bachelor,0,97576,83,0,Personal Auto,Two-Door Car,544
SH55598,Arizona,F,High School or Below,0,23120,93,0,Personal Auto,Four-Door Car,446
TM43177,Oregon,F,High School or Below,0,97234,78,0,Personal Auto,Four-Door Car,317
WR90490,Nevada,M,High School or Below,0,25572,65,0,Personal Auto,Four-Door Car,312
WV57524,Oregon,F,College,0,35482,129,0,Personal Auto,SUV,619
LK73001,California,M,College,0,34614,114,0,Personal Auto,Four-Door Car,547
JQ29969,Oregon,F,Bachelor,0,59038,105,0,Personal Auto,Two-Door Car,588
GS50147,Oregon,M,High School or Below,0,0,73,0,Personal Auto,Two-Door Car,794
NB10500,California,F,Bachelor,0,60021,99,0,Personal Auto,Four-Door Car,882
NM77735,Oregon,F,Bachelor,0,47593,72,0,Personal Auto,Four-Door Car,344
CG36206,California,M,Bachelor,0,0,67,0,Personal Auto,Four-Door Car,321
UZ80048,Oregon,M,College,0,28001,83,0,Personal Auto,Two-Door Car,438
UM15297,California,F,Bachelor,0,30431,122,0,Corporate Auto,SUV,133
DW11738,California,M,Master,0,19834,64,0,Personal Auto,Four-Door Car,460
YK92080,California,F,College,0,30509,88,0,Personal Auto,Four-Door Car,442
TO39943,Washington,F,High School or Below,0,30503,63,0,Corporate Auto,Two-Door Car,257
JV29414,Oregon,M,Doctor,0,73339,89,0,Personal Auto,Four-Door Car,17
JQ22359,Oregon,F,College,0,0,93,0,Personal Auto,Two-Door Car,549
VW84170,Washington,F,High School or Below,0,88067,70,0,Personal Auto,Four-Door Car,336
DA84476,Oregon,M,College,0,26806,63,0,Corporate Auto,Four-Door Car,302
TV34024,Oregon,M,High School or Below,0,0,114,0,Personal Auto,SUV,820
UO32521,California,F,High School or Below,0,0,63,0,Corporate Auto,Two-Door Car,617
GR90142,Oregon,F,College,0,94903,94,0,Personal Auto,Two-Door Car,451
ZS73935,Washington,F,High School or Below,0,42862,65,0,Personal Auto,Four-Door Car,254
XH71839,Oregon,M,High School or Below,0,0,96,0,Personal Auto,Four-Door Car,1012
CM48429,California,M,High School or Below,0,31157,100,0,Personal Auto,SUV,444
FS56709,California,M,Doctor,0,44084,72,0,Personal Auto,Four-Door Car,243
IJ52285,Arizona,F,Master,0,43579,77,0,Personal Auto,Two-Door Car,452
UF36172,Oregon,F,High School or Below,0,0,92,0,Personal Auto,Two-Door Car,428
LQ71247,Arizona,F,High School or Below,0,0,65,0,Personal Auto,Four-Door Car,490
KB25170,Washington,F,Doctor,0,88059,63,0,Personal Auto,Four-Door Car,144
EY19523,Washington,M,Bachelor,0,25772,64,0,Personal Auto,Four-Door Car,307
CY30418,Washington,M,College,0,72354,73,0,Personal Auto,Four-Door Car,13
XP92021,Oregon,F,High School or Below,0,68009,110,0,Personal Auto,SUV,528
MQ64736,Washington,F,Bachelor,0,12287,99,0,Personal Auto,Four-Door Car,712
MT67399,Nevada,F,Bachelor,0,95025,81,0,Personal Auto,Four-Door Car,271
HG81172,Arizona,F,College,0,54665,97,0,Personal Auto,Four-Door Car,99
DB34757,Arizona,M,College,0,80129,66,0,Personal Auto,Four-Door Car,165
AM79057,Oregon,F,Bachelor,0,69024,61,0,Personal Auto,Four-Door Car,238
HJ21793,Oregon,F,Bachelor,0,0,121,0,Personal Auto,SUV,1080
QH61060,Arizona,F,High School or Below,0,31365,115,0,Special Auto,SUV,828
UR40795,Oregon,M,High School or Below,0,27849,119,0,Personal Auto,Sports Car,571
KR88393,California,F,High School or Below,0,19245,84,0,Personal Auto,Four-Door Car,604
YK65946,Oregon,F,Bachelor,0,46503,215,0,Personal Auto,Luxury SUV,1032
FD21881,Oregon,M,College,0,77912,76,0,Personal Auto,Two-Door Car,444
CG60089,Washington,M,Bachelor,0,37449,111,0,Personal Auto,Four-Door Car,170
AS48176,Oregon,M,Bachelor,0,14973,115,0,Personal Auto,SUV,828
MY55142,Washington,M,College,0,46043,70,0,Personal Auto,Four-Door Car,336
SN94425,Oregon,F,High School or Below,0,0,65,0,Special Auto,Four-Door Car,312
DY69629,Oregon,F,College,0,21604,79,0,Corporate Auto,Four-Door Car,379
UI73553,Nevada,F,Bachelor,0,19864,63,0,Personal Auto,Four-Door Car,352
CW63533,California,M,Bachelor,0,65876,63,0,Personal Auto,Two-Door Car,44
EY71418,Oregon,F,Bachelor,0,24695,168,0,Corporate Auto,SUV,806
SK47162,Oregon,M,Bachelor,0,0,102,0,Personal Auto,SUV,660
VK43303,Oregon,M,Bachelor,0,68658,77,0,Personal Auto,Two-Door Car,296
SB60942,Arizona,M,College,0,88082,61,0,Personal Auto,Two-Door Car,218
SX29898,California,F,Bachelor,0,54751,114,0,Personal Auto,SUV,721
ER29107,Oregon,M,High School or Below,0,34498,83,0,Personal Auto,Two-Door Car,398
QV13947,Oregon,M,College,0,63597,114,0,Personal Auto,SUV,183
UO54511,California,F,High School or Below,0,27400,63,0,Personal Auto,Four-Door Car,302
AD18174,California,F,High School or Below,0,0,65,0,Personal Auto,Four-Door Car,468
HB48518,Nevada,M,College,0,31409,100,0,Corporate Auto,SUV,116
LC12930,California,M,Master,0,0,64,0,Personal Auto,Four-Door Car,307
ZQ22116,Arizona,F,High School or Below,0,73102,66,0,Corporate Auto,Four-Door Car,117
XB35510,California,M,Bachelor,0,38072,113,0,Personal Auto,SUV,151
CV78865,Arizona,M,High School or Below,0,95399,68,0,Personal Auto,Two-Door Car,78
WF75492,Oregon,M,High School or Below,0,48521,105,0,Personal Auto,Sports Car,263
WH41844,Oregon,F,Bachelor,0,45856,67,0,Personal Auto,Two-Door Car,91
TU47984,Arizona,F,College,0,21542,97,0,Personal Auto,Four-Door Car,465
IO73222,Washington,F,Bachelor,0,22555,70,0,Personal Auto,Two-Door Car,336
NJ21108,Oregon,F,Bachelor,0,33832,67,0,Corporate Auto,Four-Door Car,321
OH91173,California,M,College,0,28142,105,0,Personal Auto,Sports Car,701
FT24768,California,M,Bachelor,0,60188,84,0,Personal Auto,Four-Door Car,333
OM92482,Arizona,M,Bachelor,0,11698,65,0,Personal Auto,Four-Door Car,468
IZ47097,Arizona,F,Master,0,76850,72,0,Personal Auto,Four-Door Car,345
KQ49890,Oregon,M,High School or Below,0,78387,74,0,Corporate Auto,Four-Door Car,204
XB15703,California,M,Bachelor,0,80757,128,0,Personal Auto,SUV,339
GR31499,Oregon,F,Master,0,23692,65,0,Personal Auto,Two-Door Car,312
No59551,California,F,College,0,12902,139,0,Personal Auto,Sports Car,667
KV17233,Arizona,F,Bachelor,0,23033,62,0,Personal Auto,Two-Door Car,500
OD75777,Oregon,F,College,0,19280,72,0,Personal Auto,Four-Door Car,345
LD68165,Arizona,F,High School or Below,0,18495,113,0,Corporate Auto,SUV,542
YO14199,Oregon,M,High School or Below,0,30825,68,0,Personal Auto,Four-Door Car,326
RR49534,Oregon,F,Bachelor,0,25820,82,0,Personal Auto,Four-Door Car,393
WL69218,Oregon,F,Bachelor,0,54105,73,0,Personal Auto,Two-Door Car,350
JF38079,California,M,High School or Below,0,69853,114,0,Personal Auto,SUV,244
GY64553,California,M,Bachelor,0,97017,115,0,Personal Auto,Two-Door Car,534
CT11176,California,F,Bachelor,0,24914,66,0,Personal Auto,Four-Door Car,138
WU95334,California,M,College,0,26806,63,0,Personal Auto,Four-Door Car,302
BK43823,Oregon,F,High School or Below,0,25419,101,0,Personal Auto,Four-Door Car,584
LK90215,Oregon,M,College,0,37876,69,0,Personal Auto,Four-Door Car,300
XH72888,Arizona,M,High School or Below,0,36354,202,0,Corporate Auto,Luxury SUV,1454
MY89889,Nevada,F,Bachelor,0,0,74,0,Personal Auto,Four-Door Car,355
CY33307,California,F,College,0,32403,71,0,Corporate Auto,Four-Door Car,97
BC51708,California,M,High School or Below,0,51659,64,0,Personal Auto,Four-Door Car,307
JX78176,California,F,Bachelor,0,55805,99,0,Personal Auto,Four-Door Car,425
GP20237,Nevada,F,Bachelor,0,29286,69,0,Personal Auto,Four-Door Car,496
OY68395,Oregon,F,High School or Below,0,40740,198,0,Personal Auto,Luxury SUV,950
GN18675,California,M,Bachelor,0,70784,64,0,Special Auto,Four-Door Car,107
EQ75249,Arizona,F,College,0,55419,72,0,Personal Auto,Four-Door Car,171
JV40853,California,F,High School or Below,0,61886,87,0,Personal Auto,Two-Door Car,417
OZ47099,Arizona,M,Master,0,0,71,0,Corporate Auto,Four-Door Car,340
RB16360,Oregon,M,High School or Below,0,84240,132,0,Personal Auto,SUV,633
JK26373,California,M,High School or Below,0,0,65,0,Personal Auto,Two-Door Car,468
GM88979,Oregon,F,College,0,54050,119,0,Personal Auto,Two-Door Car,571
XM57550,Washington,F,College,0,29958,90,0,Personal Auto,Four-Door Car,432
SD94067,California,F,Master,0,23616,83,0,Special Auto,Two-Door Car,229
OY96856,Oregon,M,Bachelor,0,71391,67,0,Personal Auto,Four-Door Car,284
FL76894,Washington,M,High School or Below,0,33488,110,0,Personal Auto,SUV,316
XH72278,Arizona,M,High School or Below,0,0,92,0,Personal Auto,Two-Door Car,441
YV49293,Arizona,F,College,0,36900,61,0,Corporate Auto,Two-Door Car,109
QV83172,Nevada,M,High School or Below,0,28311,134,0,Personal Auto,SUV,643
LU18867,Oregon,M,High School or Below,0,25075,86,0,Personal Auto,Four-Door Car,412
CZ25193,Arizona,M,Bachelor,0,57031,104,0,Personal Auto,Four-Door Car,13
VE87035,Oregon,M,Bachelor,0,25998,71,0,Personal Auto,Four-Door Car,791
VY27019,Oregon,F,College,0,0,69,0,Personal Auto,Four-Door Car,496
GP22382,Oregon,F,College,0,21685,127,0,Corporate Auto,Sports Car,609
FG15154,California,M,Bachelor,0,32818,93,0,Personal Auto,Four-Door Car,446
NK34682,Oregon,M,Bachelor,0,39492,68,0,Corporate Auto,Four-Door Car,326
YQ98465,California,F,High School or Below,0,18495,113,0,Personal Auto,SUV,542
TY86306,California,F,College,0,21564,61,0,Corporate Auto,Two-Door Car,49
CN19138,Arizona,F,Bachelor,0,0,65,0,Corporate Auto,Four-Door Car,312
LO14518,California,M,Bachelor,0,27835,81,0,Personal Auto,Two-Door Car,529
No73257,Nevada,F,Bachelor,0,64431,74,0,Personal Auto,Four-Door Car,48
RE80124,Arizona,F,College,0,0,84,0,Personal Auto,Two-Door Car,604
WU50951,Washington,F,Bachelor,0,0,95,0,Personal Auto,Two-Door Car,456
EV66951,Nevada,M,Master,0,0,191,0,Corporate Auto,Luxury Car,916
TO37423,Oregon,M,College,0,41463,74,0,Special Auto,Four-Door Car,355
XF92956,Oregon,M,High School or Below,0,0,68,0,Personal Auto,Four-Door Car,489
ZP64637,Arizona,M,High School or Below,0,0,110,0,Corporate Auto,Sports Car,792
JG74360,Arizona,M,College,0,37709,116,0,Corporate Auto,SUV,556
NZ81536,Washington,F,Doctor,0,73049,139,0,Personal Auto,SUV,284
KT26739,Nevada,F,Master,0,58557,88,0,Personal Auto,Four-Door Car,55
YU15037,Arizona,F,High School or Below,0,0,66,0,Personal Auto,Four-Door Car,475
YX91403,Arizona,F,High School or Below,0,88944,72,0,Personal Auto,Four-Door Car,113
KS46420,Washington,F,Master,0,26140,112,0,Personal Auto,SUV,229
TW11712,Arizona,M,Master,0,32906,115,0,Personal Auto,SUV,552
XY36764,California,F,College,0,50071,71,0,Personal Auto,Two-Door Car,18
LQ16286,Oregon,M,College,0,71982,103,0,Corporate Auto,Four-Door Car,494
XE86547,Oregon,M,College,0,58443,65,0,Personal Auto,Four-Door Car,312
QS83113,Oregon,M,Bachelor,0,30735,63,0,Personal Auto,Two-Door Car,307
PH97342,Arizona,F,High School or Below,0,18495,113,0,Personal Auto,SUV,542
VQ47100,Washington,F,High School or Below,0,67436,61,0,Personal Auto,Four-Door Car,292
BE17305,Nevada,M,Master,0,52653,81,0,Personal Auto,Two-Door Car,230
KZ11847,California,F,Master,0,22886,65,0,Personal Auto,Four-Door Car,312
EX73249,Arizona,F,College,0,0,73,0,Personal Auto,Four-Door Car,350
JS19054,Oregon,F,Bachelor,0,38821,87,0,Personal Auto,Two-Door Car,488
YH94097,Washington,M,College,0,0,134,0,Personal Auto,SUV,643
UQ19505,Oregon,F,College,0,39075,89,0,Personal Auto,Two-Door Car,142
YI95574,Arizona,M,High School or Below,0,16049,93,0,Personal Auto,Four-Door Car,446
JQ84105,Oregon,F,High School or Below,0,0,65,0,Corporate Auto,Four-Door Car,468
NU61528,Washington,M,Doctor,0,28383,81,0,Personal Auto,Four-Door Car,258
FQ20031,Oregon,M,High School or Below,0,29418,274,0,Personal Auto,Luxury SUV,1972
XX32359,California,M,High School or Below,0,0,73,0,Personal Auto,Two-Door Car,496
BP69529,Arizona,M,Bachelor,0,30604,131,0,Corporate Auto,SUV,984
LI60972,Arizona,F,College,0,91804,62,0,Special Auto,Four-Door Car,388
HQ60388,Oregon,F,High School or Below,0,50446,74,0,Personal Auto,Four-Door Car,355
KE66309,California,M,College,0,87728,70,0,Personal Auto,Four-Door Car,201
YT56442,California,M,College,0,58729,68,0,Corporate Auto,Four-Door Car,94
VH51235,Arizona,F,Bachelor,0,0,89,0,Personal Auto,Four-Door Car,427
SF18484,Oregon,F,Master,0,0,67,0,Personal Auto,Four-Door Car,321
HW99293,Arizona,M,Bachelor,0,21234,73,0,Personal Auto,Four-Door Car,378
QR57598,Oregon,M,Bachelor,0,0,73,0,Personal Auto,Four-Door Car,751
FY27460,California,M,College,0,47823,108,0,Personal Auto,Sports Car,518
YQ75801,Arizona,F,High School or Below,0,84731,110,0,Personal Auto,SUV,226
LP48634,California,F,High School or Below,0,59974,65,0,Corporate Auto,Four-Door Car,127
EI32190,Arizona,M,Doctor,0,67534,87,0,Personal Auto,Four-Door Car,104
WS68402,Oregon,M,Bachelor,0,0,70,0,Special Auto,Four-Door Car,716
ND43316,Oregon,M,High School or Below,0,27782,103,0,Personal Auto,SUV,517
HW94513,Nevada,M,High School or Below,0,67197,74,0,Personal Auto,Two-Door Car,275
ZS72533,Oregon,M,High School or Below,0,86451,65,0,Personal Auto,Two-Door Car,7
RZ97154,Arizona,M,Bachelor,0,56768,92,0,Personal Auto,Two-Door Car,441
LK73198,Washington,F,High School or Below,0,55593,61,0,Personal Auto,Four-Door Car,9
RS29507,Arizona,F,Bachelor,0,0,95,0,Personal Auto,Four-Door Car,337
XJ39660,Oregon,F,Bachelor,0,66203,66,0,Personal Auto,Four-Door Car,130
PK47936,Washington,F,High School or Below,0,25806,110,0,Personal Auto,Four-Door Car,528
EU95973,California,F,Bachelor,0,22978,190,0,Personal Auto,Luxury Car,912
OU40102,Oregon,F,High School or Below,0,22081,84,0,Special Auto,Two-Door Car,451
RC67125,Arizona,F,College,0,96506,124,0,Corporate Auto,SUV,504
NK53902,Oregon,M,High School or Below,0,23235,82,0,Personal Auto,Four-Door Car,483
RH70599,Arizona,M,Bachelor,0,40506,70,0,Personal Auto,Four-Door Car,113
RR64429,California,M,High School or Below,0,0,96,0,Personal Auto,Four-Door Car,460
IW99237,Oregon,M,Bachelor,0,0,65,0,Personal Auto,Two-Door Car,312
PZ94965,California,F,High School or Below,0,79955,71,0,Personal Auto,Four-Door Car,142
PV77228,Arizona,M,College,0,62873,81,0,Corporate Auto,Four-Door Car,207
EX63393,California,F,Master,0,66947,78,0,Personal Auto,Four-Door Car,374
QV26574,Washington,M,College,0,25646,83,0,Personal Auto,Four-Door Car,377
ZL29593,Arizona,F,College,0,0,64,0,Personal Auto,Four-Door Car,460
TU67471,Washington,F,High School or Below,0,92766,71,0,Personal Auto,Two-Door Car,379
FD45309,Oregon,M,High School or Below,0,0,79,0,Personal Auto,Two-Door Car,407
AH58807,Arizona,F,College,0,84650,185,0,Personal Auto,Luxury Car,660
CX58204,Nevada,F,High School or Below,0,13050,102,0,Personal Auto,SUV,734
TE35954,Arizona,M,College,0,56342,69,0,Personal Auto,Four-Door Car,331
XO70106,Oregon,M,Bachelor,0,58781,106,0,Personal Auto,SUV,502
OW20992,California,M,High School or Below,0,0,68,0,Personal Auto,Four-Door Car,489
JV44724,Arizona,M,Bachelor,0,0,102,0,Personal Auto,Sports Car,734
PI96349,California,M,College,0,0,102,0,Personal Auto,SUV,489
NA82031,Washington,F,College,0,71809,74,0,Corporate Auto,Four-Door Car,78
YH86106,Arizona,M,Bachelor,0,40238,73,0,Personal Auto,Four-Door Car,350
DI82448,California,M,Bachelor,0,0,70,0,Personal Auto,Four-Door Car,504
HL97125,Nevada,F,High School or Below,0,76157,116,0,Personal Auto,Two-Door Car,556
NB18234,Nevada,F,College,0,30514,72,0,Personal Auto,Four-Door Car,154
KH53118,California,F,Bachelor,0,44485,62,0,Special Auto,Four-Door Car,79
UX94928,Arizona,M,High School or Below,0,50941,69,0,Personal Auto,Four-Door Car,331
HO94329,Arizona,M,College,0,53105,110,0,Corporate Auto,SUV,365
LW64678,California,F,Master,0,25167,140,0,Personal Auto,SUV,422
CE11308,Washington,M,College,0,30244,92,0,Personal Auto,Four-Door Car,383
DC46685,California,F,College,0,25370,102,0,Corporate Auto,Sports Car,489
LM69036,Oregon,M,Master,0,0,73,0,Corporate Auto,Four-Door Car,350
MM83308,Arizona,M,High School or Below,0,69202,61,0,Personal Auto,Two-Door Car,292
GL33494,Oregon,F,Master,0,31530,69,0,Personal Auto,Two-Door Car,331
BH61054,California,F,College,0,61040,78,0,Personal Auto,Two-Door Car,391
OJ77448,Arizona,F,Bachelor,0,85185,107,0,Corporate Auto,SUV,166
IN10489,Nevada,F,Master,0,78772,62,0,Personal Auto,Four-Door Car,86
FY32647,California,M,College,0,0,63,0,Special Auto,Two-Door Car,577
YP17198,Oregon,M,Master,0,99241,70,0,Corporate Auto,Four-Door Car,48
RB79317,Arizona,F,Bachelor,0,0,83,0,Personal Auto,Two-Door Car,197
IE49043,Nevada,F,College,0,21114,180,0,Personal Auto,Luxury Car,864
ZL82075,Nevada,M,Master,0,56005,68,0,Corporate Auto,Four-Door Car,326
DV24592,Oregon,F,College,0,63860,62,0,Personal Auto,Four-Door Car,208
XF89906,Arizona,M,High School or Below,0,29295,219,0,Personal Auto,Luxury SUV,1328
AD71478,Arizona,M,High School or Below,0,54339,86,0,Personal Auto,Four-Door Car,10
SE15781,California,F,Bachelor,0,0,66,0,Corporate Auto,Four-Door Car,433
YG71375,Nevada,F,College,0,98078,73,0,Personal Auto,Four-Door Car,418
KH95802,Arizona,M,College,0,20592,71,0,Personal Auto,Two-Door Car,195
FW16824,Oregon,M,High School or Below,0,72805,62,0,Corporate Auto,Four-Door Car,365
FK17363,Washington,F,High School or Below,0,55645,129,0,Personal Auto,SUV,619
DK66277,California,M,High School or Below,0,98859,70,0,Personal Auto,Four-Door Car,504
FX67699,Oregon,F,High School or Below,0,0,61,0,Corporate Auto,Four-Door Car,292
LC92080,Oregon,M,College,0,23541,62,0,Personal Auto,Two-Door Car,98
CQ57225,California,M,Bachelor,0,0,73,0,Corporate Auto,Two-Door Car,350
AM53473,Arizona,F,Bachelor,0,60087,74,0,Special Auto,Four-Door Car,355
TE50227,Arizona,M,College,0,0,132,0,Personal Auto,SUV,1405
IS45756,Arizona,F,College,0,48938,121,0,Personal Auto,SUV,580
QA71190,California,F,Bachelor,0,31506,102,0,Personal Auto,Four-Door Car,601
LD53393,California,M,Bachelor,0,67454,185,0,Personal Auto,Luxury Car,1332
JO35068,Nevada,M,Bachelor,0,18608,71,0,Personal Auto,Four-Door Car,340
EC71857,Washington,F,Doctor,0,28519,61,0,Personal Auto,Four-Door Car,111
LB19360,Nevada,F,Master,0,29462,107,0,Personal Auto,SUV,513
RM70340,Oregon,M,High School or Below,0,0,74,0,Corporate Auto,Four-Door Car,532
YL34043,Nevada,F,Bachelor,0,58300,94,0,Personal Auto,Four-Door Car,24
BQ88033,Oregon,M,College,0,82554,132,0,Personal Auto,Sports Car,154
SG46572,California,F,High School or Below,0,0,102,0,Personal Auto,Sports Car,489
LT94367,California,M,College,0,0,111,0,Personal Auto,Sports Car,673
FV83989,Arizona,M,Bachelor,0,29735,69,0,Personal Auto,Four-Door Car,331
WO80705,Arizona,F,Bachelor,0,50738,71,0,Personal Auto,Four-Door Car,344
CT51200,Oregon,F,High School or Below,0,65709,72,0,Corporate Auto,Four-Door Car,12
IX65163,California,M,College,0,0,123,0,Personal Auto,SUV,885
AP32891,Arizona,M,High School or Below,0,0,95,0,Personal Auto,Four-Door Car,456
AY29281,Arizona,F,Bachelor,0,0,85,0,Corporate Auto,Four-Door Car,408
UK18731,California,F,Bachelor,0,19651,72,0,Personal Auto,Two-Door Car,345
JT32550,Washington,M,High School or Below,0,0,72,0,Personal Auto,Four-Door Car,744
MT91823,Arizona,F,College,0,69693,112,0,Special Auto,Sports Car,537
FI11096,Arizona,F,High School or Below,0,0,104,0,Special Auto,SUV,1114
QF13998,California,F,College,0,0,65,0,Personal Auto,Four-Door Car,294
BC35753,Arizona,F,College,0,45525,66,0,Personal Auto,Two-Door Car,316
LX74249,Oregon,F,Bachelor,0,96765,72,0,Personal Auto,Two-Door Car,216
VX43756,Oregon,M,College,0,32903,64,0,Personal Auto,Four-Door Car,98
JZ61928,California,M,College,0,22520,73,0,Corporate Auto,Four-Door Car,350
DT59560,California,F,High School or Below,0,67486,118,0,Personal Auto,Two-Door Car,529
CI99444,Nevada,F,College,0,92381,72,0,Special Auto,Four-Door Car,234
JF25129,California,M,Master,0,26057,74,0,Personal Auto,Four-Door Car,523
YB57848,Oregon,F,Doctor,0,75716,247,0,Personal Auto,Luxury Car,562
DJ27518,California,F,High School or Below,0,63657,128,0,Corporate Auto,Sports Car,614
DO95670,Arizona,M,Doctor,0,57709,125,0,Personal Auto,SUV,600
WV53830,Oregon,F,Master,0,19614,85,0,Personal Auto,Two-Door Car,574
LY30169,California,M,High School or Below,0,75216,84,0,Corporate Auto,Four-Door Car,65
AH41449,Nevada,M,College,0,24666,101,0,Personal Auto,Sports Car,151
GV21882,Nevada,F,High School or Below,0,20799,111,0,Personal Auto,Sports Car,388
FH14955,California,M,College,0,0,64,0,Corporate Auto,Four-Door Car,307
JA60749,Oregon,F,High School or Below,0,34337,113,0,Personal Auto,Four-Door Car,542
PB81005,Oregon,M,Bachelor,0,53562,135,0,Personal Auto,SUV,589
OY88200,Nevada,F,College,0,22664,73,0,Personal Auto,Two-Door Car,350
ZT72561,Arizona,M,High School or Below,0,27289,158,0,Personal Auto,Sports Car,758
ZF95586,Arizona,F,Master,0,54831,61,0,Personal Auto,Four-Door Car,136
LV44800,California,F,High School or Below,0,78310,76,0,Personal Auto,Four-Door Car,364
FC46260,California,F,Bachelor,0,39854,66,0,Corporate Auto,Two-Door Car,261
HY68437,Oregon,M,High School or Below,0,0,90,0,Personal Auto,Four-Door Car,547
XL50897,Arizona,F,Master,0,48096,131,0,Personal Auto,Sports Car,450
AR83514,Arizona,F,High School or Below,0,59522,89,0,Corporate Auto,Four-Door Car,427
NA43540,Washington,M,High School or Below,0,0,79,0,Corporate Auto,Two-Door Car,46
JP22499,California,M,Bachelor,0,43285,83,0,Corporate Auto,Two-Door Car,265
KW84736,California,M,College,0,33104,70,0,Personal Auto,Two-Door Car,336
EU21305,Arizona,M,College,0,56172,64,0,Personal Auto,Four-Door Car,307
YT96284,Oregon,M,Master,0,83632,94,0,Personal Auto,Four-Door Car,216
RH96816,Arizona,F,Bachelor,0,0,81,0,Personal Auto,Two-Door Car,388
JB20173,California,M,Bachelor,0,81439,90,0,Personal Auto,Two-Door Car,108
RR73059,California,F,College,0,55911,74,0,Personal Auto,Four-Door Car,187
CH38655,Oregon,M,Bachelor,0,90456,71,0,Personal Auto,Four-Door Car,165
IG12691,Arizona,F,Bachelor,0,0,64,0,Personal Auto,Two-Door Car,254
NZ60700,Washington,M,High School or Below,0,55687,276,0,Personal Auto,Luxury SUV,1324
JL21509,California,M,College,0,20978,98,0,Personal Auto,Four-Door Car,1176
GR76453,Oregon,M,High School or Below,0,82093,62,0,Personal Auto,Four-Door Car,266
US63915,Arizona,M,High School or Below,0,51944,156,0,Corporate Auto,Sports Car,748
VY30333,Nevada,M,College,0,78824,77,0,Personal Auto,Four-Door Car,267
AC42963,California,M,Bachelor,0,0,65,0,Special Auto,Two-Door Car,312
AT89553,California,M,College,0,23091,96,0,Personal Auto,Four-Door Car,460
DN76322,Oregon,F,College,0,24723,129,0,Corporate Auto,Sports Car,619
EZ48093,Arizona,M,Bachelor,0,31998,69,0,Corporate Auto,Four-Door Car,331
DA34555,California,F,College,0,80138,83,0,Personal Auto,Four-Door Car,209
RK63095,California,M,College,0,72916,80,0,Personal Auto,Two-Door Car,384
OG69038,Washington,F,High School or Below,0,0,65,0,Corporate Auto,Four-Door Car,468
SO98684,California,F,High School or Below,0,0,91,0,Personal Auto,Four-Door Car,681
BZ85306,California,F,Bachelor,0,0,170,0,Corporate Auto,SUV,1227
EV14479,California,M,Bachelor,0,44527,94,0,Personal Auto,Four-Door Car,286
YD71702,Oregon,M,Bachelor,0,46655,82,0,Personal Auto,Four-Door Car,336
UC69263,California,M,Bachelor,0,0,67,0,Personal Auto,Two-Door Car,445
DH25145,Arizona,F,High School or Below,0,26975,73,0,Personal Auto,Two-Door Car,548
KU94282,Oregon,F,Master,0,62900,62,0,Personal Auto,Two-Door Car,83
UT18598,California,F,Bachelor,0,14232,64,0,Personal Auto,Four-Door Car,307
DA40009,Washington,F,Bachelor,0,34200,70,0,Corporate Auto,Four-Door Car,167
HU87011,California,F,Bachelor,0,0,77,0,Personal Auto,Four-Door Car,369
EK40672,California,M,College,0,22981,69,0,Personal Auto,Four-Door Car,16
ZH92587,Oregon,F,College,0,14616,107,0,Personal Auto,SUV,513
EJ95100,California,F,Master,0,0,74,0,Personal Auto,Four-Door Car,355
WS56675,Oregon,F,High School or Below,0,88590,107,0,Personal Auto,Two-Door Car,41
UF28233,Washington,F,High School or Below,0,60445,65,0,Personal Auto,Four-Door Car,279
HQ76003,Nevada,F,High School or Below,0,40602,105,0,Personal Auto,Sports Car,459
SS90882,Oregon,F,College,0,66795,64,0,Personal Auto,Four-Door Car,238
ZN71189,Oregon,F,Doctor,0,37384,99,0,Personal Auto,Four-Door Car,475
VX85673,Arizona,F,High School or Below,0,0,61,0,Personal Auto,Four-Door Car,292
NP19156,Arizona,F,Master,0,28264,61,0,Corporate Auto,Four-Door Car,167
ZV43428,Arizona,F,Bachelor,0,33806,89,0,Special Auto,Four-Door Car,395
NK53911,California,M,High School or Below,0,79980,91,0,Personal Auto,Two-Door Car,629
BG73480,Oregon,F,High School or Below,0,64706,135,0,Corporate Auto,SUV,77
VY58444,Nevada,F,College,0,29660,112,0,Personal Auto,SUV,334
SJ15498,Oregon,F,Bachelor,0,26313,87,0,Corporate Auto,Two-Door Car,417
ZB71094,Oregon,M,Bachelor,0,19861,93,0,Corporate Auto,Four-Door Car,446
UI99818,Oregon,F,College,0,75648,108,0,Personal Auto,SUV,112
WS24655,Oregon,F,College,0,33992,194,0,Personal Auto,SUV,931
LZ98947,Nevada,F,Bachelor,0,0,109,0,Personal Auto,SUV,784
IC94523,California,F,College,0,25370,102,0,Personal Auto,Sports Car,489
TK59338,Arizona,M,College,0,98036,113,0,Personal Auto,SUV,662
BV36386,California,F,College,0,40864,109,0,Personal Auto,SUV,166
QT63794,California,F,Bachelor,0,21150,116,0,Personal Auto,SUV,833
LF36128,California,F,College,0,49057,63,0,Personal Auto,Two-Door Car,29
JK53304,California,F,High School or Below,0,97658,76,0,Personal Auto,Four-Door Car,364
HU76577,California,M,Bachelor,0,0,109,0,Personal Auto,SUV,765
JG81480,Oregon,F,Bachelor,0,25634,67,0,Personal Auto,Four-Door Car,144
CC88237,California,M,High School or Below,0,56154,67,0,Personal Auto,Two-Door Car,386
OV64984,Arizona,M,Bachelor,0,90892,61,0,Personal Auto,Two-Door Car,102
VG45203,Nevada,F,College,0,0,68,0,Personal Auto,Four-Door Car,326
YQ42353,Oregon,M,Doctor,0,72960,68,0,Personal Auto,Four-Door Car,143
AP46166,California,F,High School or Below,0,0,73,0,Personal Auto,Two-Door Car,525
UI36374,Oregon,F,Bachelor,0,54507,138,0,Corporate Auto,SUV,702
ZR76229,Arizona,F,College,0,81190,92,0,Corporate Auto,Two-Door Car,356
ZD65365,Oregon,F,College,0,28204,73,0,Personal Auto,Four-Door Car,486
XI84293,Oregon,M,High School or Below,0,0,66,0,Personal Auto,Two-Door Car,475
MT97446,California,F,Master,0,26441,66,0,Corporate Auto,Two-Door Car,210
GM48223,Oregon,F,Bachelor,0,42650,69,0,Personal Auto,Four-Door Car,35
YQ42614,Washington,M,High School or Below,0,29195,68,0,Personal Auto,Two-Door Car,448
ZK56389,Arizona,F,High School or Below,0,22283,65,0,Special Auto,Four-Door Car,572
MK19833,Arizona,M,College,0,15383,61,0,Corporate Auto,Two-Door Car,292
TO12347,California,M,Bachelor,0,16101,74,0,Personal Auto,Four-Door Car,437
KE63160,Oregon,M,Bachelor,0,27681,83,0,Personal Auto,Two-Door Car,398
SR49919,Arizona,F,Bachelor,0,72540,88,0,Personal Auto,Two-Door Car,631
CI38171,Washington,F,Bachelor,0,42780,181,0,Personal Auto,Luxury SUV,868
VK42108,Washington,F,Bachelor,0,57882,115,0,Corporate Auto,SUV,552
NB86692,Nevada,F,College,0,60060,67,0,Personal Auto,Four-Door Car,320
YN15967,California,M,College,0,61160,96,0,Corporate Auto,Two-Door Car,354
KU56071,Oregon,F,College,0,93416,62,0,Personal Auto,Two-Door Car,246
LN47910,Arizona,F,College,0,83220,110,0,Personal Auto,Four-Door Car,528
CY80935,Oregon,M,High School or Below,0,31226,93,0,Personal Auto,Four-Door Car,446
SA84892,California,F,High School or Below,0,66982,121,0,Corporate Auto,SUV,871
LY93301,Oregon,M,Bachelor,0,0,61,0,Corporate Auto,Two-Door Car,292
FG63647,Nevada,M,Bachelor,0,0,117,0,Personal Auto,Four-Door Car,561
VX79712,Washington,M,Doctor,0,27354,86,0,Personal Auto,Two-Door Car,412
UH59257,Washington,M,Doctor,0,61726,96,0,Personal Auto,Two-Door Car,689
ME84824,Arizona,M,College,0,66839,154,0,Personal Auto,Sports Car,739
ZR68364,California,M,College,0,60433,77,0,Personal Auto,Four-Door Car,369
WQ25142,California,M,Bachelor,0,11538,82,0,Corporate Auto,Four-Door Car,393
OW84481,Nevada,M,High School or Below,0,67837,69,0,Personal Auto,Four-Door Car,430
FU77365,California,F,Bachelor,0,40032,118,0,Personal Auto,SUV,717
MR46875,Washington,M,Master,0,41126,61,0,Corporate Auto,Four-Door Car,199
PT46181,California,M,College,0,65176,62,0,Personal Auto,Four-Door Car,297
LT41574,Oregon,F,Bachelor,0,34717,70,0,Special Auto,Four-Door Car,336
WX16395,California,M,College,0,0,122,0,Personal Auto,SUV,725
HD82971,Arizona,F,High School or Below,0,0,89,0,Personal Auto,Four-Door Car,640
ZC17276,California,M,Master,0,0,110,0,Personal Auto,Four-Door Car,528
OR27665,Washington,F,Bachelor,0,0,67,0,Personal Auto,Two-Door Car,132
VO75043,Oregon,M,Bachelor,0,0,95,0,Personal Auto,Four-Door Car,456
LZ78622,California,M,High School or Below,0,44379,83,0,Special Auto,Four-Door Car,398
PK24825,Oregon,F,College,0,0,94,0,Corporate Auto,Four-Door Car,676
HG93801,Arizona,M,High School or Below,0,82730,127,0,Corporate Auto,SUV,442
PJ36749,Washington,F,High School or Below,0,37995,139,0,Personal Auto,SUV,667
IJ33473,California,F,Bachelor,0,0,73,0,Personal Auto,Two-Door Car,350
CH96412,Oregon,F,Doctor,0,85018,68,0,Personal Auto,Four-Door Car,62
PR74833,Oregon,M,Bachelor,0,0,89,0,Personal Auto,Two-Door Car,640
ZS36394,California,F,Bachelor,0,0,73,0,Corporate Auto,Four-Door Car,350
DP50922,California,M,High School or Below,0,72109,105,0,Personal Auto,Sports Car,504
VY23882,Arizona,M,Bachelor,0,67798,69,0,Personal Auto,Four-Door Car,331
UH62357,Washington,F,High School or Below,0,0,118,0,Personal Auto,SUV,670
BG74433,Oregon,F,Bachelor,0,0,74,0,Corporate Auto,Four-Door Car,532
TI19394,Oregon,M,College,0,80714,72,0,Personal Auto,Four-Door Car,345
AQ91207,California,M,High School or Below,0,38667,63,0,Personal Auto,Four-Door Car,293
QL46987,Oregon,F,Bachelor,0,34430,117,0,Personal Auto,Four-Door Car,232
BS34332,Oregon,F,High School or Below,0,83576,69,0,Personal Auto,Two-Door Car,331
IJ26642,Nevada,F,Bachelor,0,35625,65,0,Personal Auto,Four-Door Car,288
XS36281,Washington,F,College,0,85718,139,0,Personal Auto,Sports Car,540
SR47878,California,F,High School or Below,0,74454,71,0,Personal Auto,Four-Door Car,340
HG53255,Nevada,M,College,0,66146,96,0,Personal Auto,Two-Door Car,250
QV65644,Oregon,M,High School or Below,0,0,88,0,Personal Auto,Four-Door Car,1034
ZW76597,California,F,Bachelor,0,13215,74,0,Corporate Auto,Four-Door Car,443
SM80235,Oregon,M,High School or Below,0,62302,70,0,Personal Auto,Four-Door Car,504
FE24232,Nevada,F,High School or Below,0,0,124,0,Corporate Auto,Sports Car,630
BY78730,Oregon,F,High School or Below,0,52583,113,0,Special Auto,SUV,528
CR40615,Arizona,M,Bachelor,0,22076,85,0,Personal Auto,Four-Door Car,422
WL24392,Arizona,M,Bachelor,0,94527,73,0,Personal Auto,Four-Door Car,41
MZ81826,Arizona,F,High School or Below,0,34337,113,0,Personal Auto,Four-Door Car,542
EO99750,Nevada,F,Master,0,29053,181,0,Personal Auto,Sports Car,404
HF82396,Oregon,F,High School or Below,0,0,68,0,Personal Auto,Two-Door Car,326
DH68319,Oregon,F,College,0,62506,69,0,Personal Auto,Two-Door Car,331
EG12987,California,F,Bachelor,0,0,65,0,Personal Auto,Two-Door Car,129
ZU71467,Arizona,M,Bachelor,0,45404,70,0,Corporate Auto,Two-Door Car,266
AD95939,California,M,Bachelor,0,28773,229,0,Personal Auto,Luxury Car,1099
TB71474,Nevada,F,College,0,24019,79,0,Personal Auto,Four-Door Car,47
WN76039,Nevada,F,Bachelor,0,0,71,0,Special Auto,Four-Door Car,340
HI16472,Arizona,F,College,0,23666,104,0,Personal Auto,SUV,499
VG43444,Oregon,M,Bachelor,0,36794,99,0,Personal Auto,Four-Door Car,712
QI11566,Oregon,F,Bachelor,0,25163,67,0,Corporate Auto,Two-Door Car,321
JM98365,Nevada,M,Doctor,0,66156,72,0,Personal Auto,Four-Door Car,345
CP67787,California,F,Bachelor,0,0,76,0,Personal Auto,Four-Door Car,364
LM83004,Arizona,M,High School or Below,0,10147,67,0,Personal Auto,Four-Door Car,459
JM77470,Arizona,F,College,0,0,64,0,Corporate Auto,Four-Door Car,381
WI47826,Oregon,F,College,0,95765,61,0,Personal Auto,Four-Door Car,352
GE39783,Oregon,F,College,0,60752,67,0,Personal Auto,Four-Door Car,414
JN96178,Oregon,M,High School or Below,0,0,104,0,Personal Auto,SUV,499
KH41809,California,F,College,0,31058,67,0,Personal Auto,Two-Door Car,309
KX86150,California,M,High School or Below,0,13542,94,0,Personal Auto,Four-Door Car,451
GX33877,Arizona,F,Bachelor,0,25270,99,0,Personal Auto,Two-Door Car,712
IQ15028,Arizona,F,Bachelor,0,24152,72,0,Personal Auto,Four-Door Car,345
WE11250,Washington,F,College,0,60282,102,0,Corporate Auto,SUV,120
OX61728,California,F,High School or Below,0,40252,104,0,Personal Auto,Sports Car,499
VW39046,Nevada,M,College,0,28142,105,0,Personal Auto,Sports Car,701
VE52406,California,M,High School or Below,0,95697,61,0,Corporate Auto,Two-Door Car,114
KQ30179,California,M,Bachelor,0,89771,67,0,Personal Auto,Two-Door Car,104
KH58171,California,M,Master,0,79751,63,0,Personal Auto,Two-Door Car,392
CA58346,Oregon,F,High School or Below,0,0,69,0,Corporate Auto,Four-Door Car,331
ZU76536,California,F,High School or Below,0,45032,77,0,Personal Auto,Four-Door Car,36
UN69319,Arizona,M,Master,0,62277,113,0,Corporate Auto,SUV,249
MG66142,Oregon,F,Bachelor,0,0,87,0,Personal Auto,Four-Door Car,417
MV97958,Arizona,F,Bachelor,0,40525,73,0,Personal Auto,Four-Door Car,123
AG58599,Oregon,F,High School or Below,0,26004,70,0,Personal Auto,Four-Door Car,336
UG35090,California,F,College,0,82399,77,0,Personal Auto,Four-Door Car,31
IX85835,Nevada,F,Bachelor,0,28909,66,0,Personal Auto,Two-Door Car,456
FP67680,California,M,High School or Below,0,15323,128,0,Personal Auto,SUV,614
WY21918,Washington,F,College,0,79628,98,0,Personal Auto,Four-Door Car,470
PM92089,Oregon,F,High School or Below,0,0,97,0,Corporate Auto,Two-Door Car,698
AY59197,Nevada,M,College,0,27769,121,0,Special Auto,SUV,123
VI14418,California,M,Bachelor,0,16707,102,0,Special Auto,Four-Door Car,1106
QI60335,Nevada,F,College,0,0,66,0,Personal Auto,Four-Door Car,316
BS87947,California,F,Bachelor,0,94395,83,0,Personal Auto,Four-Door Car,582
DW88734,California,M,Bachelor,0,84895,67,0,Corporate Auto,Two-Door Car,321
BU72633,Nevada,M,Master,0,66661,119,0,Personal Auto,SUV,571
VK94891,Nevada,M,High School or Below,0,0,62,0,Personal Auto,Two-Door Car,446
VE75717,Nevada,F,High School or Below,0,31447,121,0,Personal Auto,SUV,580
JG16015,Washington,F,College,0,61987,125,0,Personal Auto,SUV,723
CD68182,Oregon,F,College,0,42460,91,0,Personal Auto,Two-Door Car,347
WM64930,Oregon,M,College,0,12811,150,0,Corporate Auto,SUV,720
BJ82316,Oregon,M,Bachelor,0,44428,104,0,Corporate Auto,SUV,499
XB61209,Arizona,F,College,0,0,97,0,Personal Auto,Four-Door Car,698
AT26484,Nevada,M,College,0,25221,103,0,Special Auto,Four-Door Car,616
IW21434,Oregon,F,Bachelor,0,44940,65,0,Corporate Auto,Four-Door Car,284
CP74755,Oregon,F,College,0,39192,71,0,Corporate Auto,Four-Door Car,352
IV13886,California,M,High School or Below,0,0,68,0,Personal Auto,Two-Door Car,415
SW42446,California,F,College,0,42513,133,0,Corporate Auto,Sports Car,628
RO16377,Oregon,M,High School or Below,0,59821,193,0,Personal Auto,Luxury SUV,1389
CE46475,California,F,College,0,22571,63,0,Corporate Auto,Four-Door Car,302
HE60335,Washington,F,Bachelor,0,60021,99,0,Corporate Auto,Four-Door Car,882
RI69055,California,F,High School or Below,0,58172,67,0,Personal Auto,Four-Door Car,141
VD96075,Oregon,M,Bachelor,0,58299,105,0,Personal Auto,Four-Door Car,504
VI55112,Oregon,M,College,0,25275,61,0,Corporate Auto,Four-Door Car,214
VZ18907,Oregon,F,College,0,80807,109,0,Personal Auto,SUV,132
BA49679,Arizona,F,Bachelor,0,52348,65,0,Personal Auto,Two-Door Car,312
LK39646,Washington,F,Bachelor,0,58843,68,0,Corporate Auto,Two-Door Car,200
VI66860,Nevada,F,Master,0,58557,88,0,Corporate Auto,Four-Door Car,55
RP14593,Oregon,F,Bachelor,0,0,105,0,Personal Auto,SUV,933
FP34904,Oregon,M,College,0,86599,73,0,Corporate Auto,Four-Door Car,350
FG15434,Arizona,F,Master,0,52984,69,0,Personal Auto,Two-Door Car,167
TP12436,Oregon,F,Master,0,0,72,0,Personal Auto,Four-Door Car,345
KD93234,Oregon,F,High School or Below,0,0,72,0,Corporate Auto,Four-Door Car,345
GE20220,Oregon,F,Bachelor,0,47778,96,0,Personal Auto,Four-Door Car,173
RA98783,Arizona,F,Bachelor,0,33806,89,0,Corporate Auto,Four-Door Car,395
DW71192,Oregon,M,High School or Below,0,52018,78,0,Personal Auto,Four-Door Car,374
WD84153,California,F,Bachelor,0,24910,63,0,Corporate Auto,Four-Door Car,347
ZM75468,Nevada,M,College,0,39135,91,0,Personal Auto,Four-Door Car,436
PZ75671,Oregon,F,College,0,0,97,0,Personal Auto,Four-Door Car,465
ME80331,California,M,High School or Below,0,0,133,0,Personal Auto,SUV,957
YA78391,Oregon,M,High School or Below,0,0,78,0,Personal Auto,Four-Door Car,410
WU76366,Arizona,M,Bachelor,0,28726,65,0,Personal Auto,Four-Door Car,468
HB35022,Oregon,M,Doctor,0,0,122,0,Special Auto,Sports Car,585
AM17304,Arizona,F,Master,0,45356,90,0,Personal Auto,Four-Door Car,462
AD56037,Arizona,M,High School or Below,0,87050,129,0,Personal Auto,SUV,619
IJ74908,Nevada,M,Bachelor,0,20705,171,0,Personal Auto,SUV,237
DH93217,California,F,Master,0,52651,94,0,Personal Auto,Two-Door Car,451
WH48955,Oregon,F,Master,0,55270,63,0,Personal Auto,Two-Door Car,302
RU76604,Arizona,M,College,0,46900,66,0,Personal Auto,Four-Door Car,316
NE52009,California,M,College,0,60500,110,0,Personal Auto,Sports Car,770
FP66510,Washington,F,High School or Below,0,43877,102,0,Corporate Auto,SUV,414
TW46585,Nevada,M,Bachelor,0,0,72,0,Corporate Auto,Four-Door Car,345
PE42960,California,M,Bachelor,0,58488,73,0,Personal Auto,Four-Door Car,350
LO28839,California,F,Bachelor,0,29193,61,0,Corporate Auto,Four-Door Car,292
QY41855,Arizona,F,College,0,61108,89,0,Personal Auto,Four-Door Car,49
UA53326,Oregon,F,College,0,23931,95,0,Personal Auto,Four-Door Car,456
UK59933,California,M,College,0,0,70,0,Personal Auto,Four-Door Car,504
LM37855,California,M,College,0,0,104,0,Personal Auto,SUV,638
UV89069,Nevada,F,Bachelor,0,34628,71,0,Personal Auto,Four-Door Car,132
NK40551,California,F,High School or Below,0,74089,94,0,Personal Auto,Four-Door Car,648
RR47424,California,F,High School or Below,0,0,290,0,Personal Auto,Luxury Car,1550
DU68331,Oregon,F,College,0,30493,62,0,Personal Auto,Two-Door Car,108
LI76661,Oregon,M,Bachelor,0,89285,93,0,Corporate Auto,Two-Door Car,243
CM94209,Oregon,F,High School or Below,0,92147,77,0,Personal Auto,Four-Door Car,278
BN38134,Washington,F,Bachelor,0,39428,84,0,Personal Auto,Two-Door Car,72
VQ72305,California,M,High School or Below,0,21542,103,0,Special Auto,Sports Car,494
YK26558,California,F,College,0,0,72,0,Special Auto,Four-Door Car,135
XU20264,Arizona,M,Bachelor,0,23506,113,0,Personal Auto,Four-Door Car,813
LG85340,Oregon,F,Bachelor,0,70811,100,0,Personal Auto,Sports Car,141
JZ64443,Washington,F,Bachelor,0,0,78,0,Corporate Auto,Four-Door Car,555
CY45848,Oregon,F,Bachelor,0,82214,106,0,Personal Auto,Four-Door Car,239
AU13233,California,F,High School or Below,0,71401,73,0,Personal Auto,Four-Door Car,287
IH35630,Oregon,F,High School or Below,0,46587,119,0,Personal Auto,Four-Door Car,571
JP55271,Oregon,F,High School or Below,0,80046,132,0,Personal Auto,SUV,260
TT47031,Arizona,F,Bachelor,0,76389,68,0,Personal Auto,Four-Door Car,262
JN55850,California,M,Doctor,0,77235,87,0,Personal Auto,Two-Door Car,310
LH94176,Arizona,M,High School or Below,0,38595,74,0,Personal Auto,Four-Door Car,415
ZB87718,Arizona,F,College,0,0,118,0,Personal Auto,SUV,566
UQ40371,Nevada,F,Master,0,55359,83,0,Special Auto,Four-Door Car,303
XJ92660,Nevada,F,Master,0,79814,62,0,Personal Auto,Four-Door Car,31
SG51792,Arizona,F,Bachelor,0,75277,70,0,Corporate Auto,Two-Door Car,459
DA73502,Oregon,M,Bachelor,0,78618,66,0,Personal Auto,Two-Door Car,225
UF81905,California,F,Doctor,0,20123,63,0,Personal Auto,Four-Door Car,302
PL44132,Arizona,M,College,0,88362,78,0,Personal Auto,Two-Door Car,452
US29010,Oregon,M,Bachelor,0,0,116,0,Corporate Auto,SUV,835
DW72445,Oregon,M,College,0,52782,85,0,Personal Auto,Four-Door Car,541
MU53244,California,F,Bachelor,0,0,137,0,Personal Auto,SUV,452
EE57466,Arizona,F,High School or Below,0,22283,65,0,Personal Auto,Four-Door Car,572
QV86635,California,M,Bachelor,0,28848,96,0,Corporate Auto,Two-Door Car,450
RT51330,California,F,Doctor,0,0,64,0,Corporate Auto,Four-Door Car,437
QW44380,Washington,M,High School or Below,0,54378,66,0,Personal Auto,Four-Door Car,316
IK66117,California,M,High School or Below,0,21827,67,0,Special Auto,Four-Door Car,321
TD86744,Arizona,F,High School or Below,0,20090,109,0,Personal Auto,Sports Car,523
TX35222,Washington,F,College,0,27750,297,0,Personal Auto,Luxury Car,1425
PJ92694,California,M,High School or Below,0,57135,61,0,Corporate Auto,Four-Door Car,156
YM88338,California,F,Bachelor,0,58580,61,0,Personal Auto,Four-Door Car,292
YN61339,Oregon,M,College,0,60475,107,0,Personal Auto,Four-Door Car,513
FP45327,Washington,M,College,0,37937,116,0,Personal Auto,SUV,556
IZ26849,Oregon,F,Bachelor,0,70360,69,0,Personal Auto,Two-Door Car,331
YY16391,Oregon,M,College,0,0,119,0,Personal Auto,Four-Door Car,856
GX44284,California,M,Bachelor,0,47509,66,0,Personal Auto,Four-Door Car,93
LV14566,Nevada,M,Master,0,27071,183,0,Personal Auto,Luxury Car,878
KQ50003,Arizona,F,High School or Below,0,46546,99,0,Special Auto,Four-Door Car,319
IW87075,Arizona,M,Bachelor,0,32627,67,0,Personal Auto,Four-Door Car,54
QY46560,Arizona,M,Bachelor,0,0,65,0,Personal Auto,Two-Door Car,460
PD79570,Oregon,F,Bachelor,0,0,116,0,Personal Auto,Four-Door Car,1065
IM78342,Oregon,F,College,0,0,122,0,Personal Auto,SUV,585
NT19879,Arizona,F,Bachelor,0,29177,64,0,Personal Auto,Four-Door Car,307
SW98498,California,M,College,0,88233,88,0,Personal Auto,Four-Door Car,253
WL42517,Washington,F,College,0,0,107,0,Personal Auto,SUV,549
LR82946,Oregon,M,Bachelor,0,0,195,0,Personal Auto,Luxury SUV,1404
KT61396,California,F,College,0,79189,95,0,Corporate Auto,Two-Door Car,50
GD56260,Oregon,F,Master,0,41077,71,0,Personal Auto,Two-Door Car,82
YD45660,Arizona,F,Bachelor,0,47048,118,0,Personal Auto,SUV,566
XN50058,California,M,Doctor,0,45484,111,0,Corporate Auto,Four-Door Car,532
QO61775,California,M,Master,0,79453,115,0,Personal Auto,SUV,242
PZ67684,Arizona,F,College,0,88753,181,0,Personal Auto,Luxury SUV,868
IK77998,Washington,M,High School or Below,0,0,74,0,Personal Auto,Four-Door Car,851
FL96333,Nevada,M,College,0,73945,78,0,Personal Auto,Two-Door Car,330
EI58541,Washington,F,College,0,14030,72,0,Personal Auto,Two-Door Car,345
WW68250,Oregon,M,Bachelor,0,81799,68,0,Personal Auto,Four-Door Car,326
XT19780,Oregon,F,High School or Below,0,23634,62,0,Personal Auto,Two-Door Car,440
SE44262,California,M,Bachelor,0,0,78,0,Personal Auto,Four-Door Car,374
GO86980,Oregon,F,Bachelor,0,56334,65,0,Corporate Auto,Two-Door Car,421
ZB69355,Oregon,F,Bachelor,0,23206,107,0,Personal Auto,Sports Car,513
TM12486,Oregon,M,High School or Below,0,28140,85,0,Personal Auto,Four-Door Car,612
NB86870,Arizona,F,High School or Below,0,0,63,0,Personal Auto,Four-Door Car,685
SS12362,California,M,High School or Below,0,0,88,0,Special Auto,Four-Door Car,633
VW58299,California,M,Bachelor,0,14973,115,0,Personal Auto,SUV,828
TG37039,Oregon,F,Bachelor,0,0,87,0,Personal Auto,Four-Door Car,712
RO25639,Nevada,F,Doctor,0,25884,69,0,Personal Auto,Four-Door Car,292
JK35644,Oregon,M,Master,0,11607,96,0,Corporate Auto,Four-Door Car,313
DK69871,Nevada,M,Master,0,53691,67,0,Personal Auto,Four-Door Car,175
OU43146,Oregon,M,Bachelor,0,89464,194,0,Personal Auto,Luxury SUV,1067
KN47424,Oregon,F,High School or Below,0,60596,71,0,Personal Auto,Four-Door Car,180
ZX80668,Nevada,M,Bachelor,0,43720,117,0,Personal Auto,SUV,561
OI80614,California,M,High School or Below,0,56980,84,0,Personal Auto,Two-Door Car,599
JA44693,Oregon,F,College,0,0,68,0,Personal Auto,Four-Door Car,350
FI61059,Oregon,M,College,0,0,67,0,Personal Auto,Four-Door Car,482
ZF81243,Nevada,F,Bachelor,0,63774,111,0,Personal Auto,Four-Door Car,60
XD19934,Oregon,M,High School or Below,0,61650,88,0,Personal Auto,Four-Door Car,117
TA77711,Oregon,M,College,0,31354,109,0,Personal Auto,SUV,527
PS92059,California,F,Doctor,0,44190,74,0,Corporate Auto,Four-Door Car,10
TT19625,Nevada,F,Bachelor,0,38183,191,0,Personal Auto,Luxury Car,981
EV95033,Oregon,M,Master,0,79751,63,0,Special Auto,Two-Door Car,392
CS30775,California,M,High School or Below,0,0,64,0,Personal Auto,Two-Door Car,535
CI51999,Arizona,M,College,0,12266,114,0,Personal Auto,SUV,732
HK96298,California,M,Master,0,61807,70,0,Personal Auto,Four-Door Car,104
UO59377,Arizona,F,High School or Below,0,11828,90,0,Personal Auto,Four-Door Car,571
OU99581,California,M,Bachelor,0,49945,70,0,Personal Auto,Four-Door Car,50
SN63066,Nevada,F,Bachelor,0,28204,182,0,Personal Auto,Luxury Car,532
DK92504,Arizona,M,High School or Below,0,54726,219,0,Corporate Auto,Luxury Car,1051
DW72437,Oregon,F,Master,0,43386,68,0,Personal Auto,Two-Door Car,315
GE49670,Arizona,M,High School or Below,0,0,101,0,Personal Auto,Four-Door Car,549
TK38409,Nevada,M,College,0,72302,66,0,Personal Auto,Two-Door Car,316
OD89873,Arizona,M,Bachelor,0,71391,67,0,Corporate Auto,Four-Door Car,284
KW41658,Arizona,M,Bachelor,0,21606,71,0,Personal Auto,Four-Door Car,340
UZ35113,California,F,Bachelor,0,74489,124,0,Special Auto,SUV,128
HO81102,Washington,M,High School or Below,0,50549,61,0,Personal Auto,Four-Door Car,292
SM42781,Arizona,F,Bachelor,0,0,195,0,Personal Auto,Luxury SUV,669
TB40283,California,F,Bachelor,0,0,139,0,Corporate Auto,SUV,667
CR76145,California,M,College,0,0,105,0,Personal Auto,Four-Door Car,504
TK45392,California,F,Bachelor,0,35625,65,0,Personal Auto,Four-Door Car,288
JN78502,Washington,F,High School or Below,0,25370,116,0,Special Auto,SUV,556
KZ60207,Arizona,M,College,0,51523,62,0,Personal Auto,Four-Door Car,297
BR50492,Arizona,M,Bachelor,0,85058,137,0,Personal Auto,SUV,595
ES21306,California,M,Bachelor,0,0,125,0,Personal Auto,SUV,615
AT29024,California,F,High School or Below,0,27005,61,0,Corporate Auto,Four-Door Car,311
NP23146,Arizona,F,College,0,62808,66,0,Special Auto,Two-Door Car,211
SY48471,California,F,High School or Below,0,88692,64,0,Personal Auto,Four-Door Car,253
GJ47397,Oregon,M,High School or Below,0,0,115,0,Special Auto,SUV,552
CE69971,Oregon,F,Master,0,19064,98,0,Personal Auto,Four-Door Car,136
GM54859,Oregon,M,High School or Below,0,0,88,0,Personal Auto,Two-Door Car,633
WY27579,Oregon,M,Bachelor,0,60345,93,0,Personal Auto,Two-Door Car,36
ZT87452,Oregon,F,Bachelor,0,59592,84,0,Personal Auto,Four-Door Car,161
JM35350,California,F,College,0,15648,73,0,Special Auto,Two-Door Car,413
PT40521,California,F,Bachelor,0,23904,123,0,Corporate Auto,SUV,590
TN71469,Oregon,F,College,0,90893,110,0,Personal Auto,SUV,700
GE26813,Arizona,M,High School or Below,0,0,66,0,Personal Auto,Four-Door Car,475
LU37653,Oregon,F,College,0,74001,84,0,Corporate Auto,Four-Door Car,224
QW40254,Oregon,M,College,0,28447,67,0,Personal Auto,Four-Door Car,321
MH76107,California,M,College,0,56586,100,0,Personal Auto,Sports Car,121
ZH28728,Oregon,M,Bachelor,0,0,172,0,Personal Auto,SUV,825
SF29524,Oregon,M,Doctor,0,19186,62,0,Personal Auto,Four-Door Car,297
WT21922,Arizona,F,High School or Below,0,65348,110,0,Corporate Auto,Sports Car,134
WZ56476,California,F,Doctor,0,0,84,0,Personal Auto,Four-Door Car,481
PP62909,Oregon,F,Master,0,0,109,0,Special Auto,Sports Car,30
XY57950,California,M,College,0,0,99,0,Special Auto,Four-Door Car,475
RA97108,Oregon,F,High School or Below,0,0,91,0,Personal Auto,Four-Door Car,436
LT57545,California,F,College,0,18892,73,0,Personal Auto,Four-Door Car,106
MM97107,Oregon,M,High School or Below,0,19066,103,0,Personal Auto,Two-Door Car,494
PO26937,Oregon,M,Bachelor,0,95102,101,0,Corporate Auto,Four-Door Car,94
GJ99406,Arizona,F,College,0,70263,93,0,Corporate Auto,Two-Door Car,7
LU86185,California,F,Master,0,0,122,0,Corporate Auto,Sports Car,650
RO82935,Nevada,F,High School or Below,0,18120,63,0,Personal Auto,Two-Door Car,302
SC47383,Nevada,F,Bachelor,0,38169,62,0,Corporate Auto,Four-Door Car,71
LV27997,Oregon,M,College,0,64801,64,0,Personal Auto,Four-Door Car,268
RJ32720,Arizona,F,College,0,86036,90,0,Personal Auto,Four-Door Car,501
KR90607,Washington,F,College,0,0,101,0,Personal Auto,SUV,862
PZ95949,Arizona,M,Doctor,0,31278,92,0,Personal Auto,Two-Door Car,441
GI25850,Arizona,F,High School or Below,0,20053,62,0,Personal Auto,Four-Door Car,9
QH60569,California,F,College,0,71587,99,0,Personal Auto,Two-Door Car,133
II27516,California,M,High School or Below,0,44368,80,0,Personal Auto,Two-Door Car,384
QI21338,Oregon,F,High School or Below,0,76157,116,0,Personal Auto,Two-Door Car,556
HG83893,Nevada,F,High School or Below,0,59183,113,0,Personal Auto,SUV,542
RN66346,California,M,Master,0,91015,73,0,Personal Auto,Two-Door Car,119
RS53995,California,M,College,0,52774,66,0,Corporate Auto,Two-Door Car,78
TD90177,Oregon,M,College,0,37876,69,0,Personal Auto,Four-Door Car,300
FP11025,California,F,Bachelor,0,57938,101,0,Special Auto,SUV,282
SA62385,Oregon,F,High School or Below,0,26526,99,0,Personal Auto,Four-Door Car,523
NL68893,California,M,Bachelor,0,76608,62,0,Personal Auto,Four-Door Car,91
LA31975,Arizona,M,College,0,0,194,0,Personal Auto,Luxury SUV,931
RM31359,Oregon,F,High School or Below,0,48056,78,0,Corporate Auto,Four-Door Car,374
WM19996,California,M,Bachelor,0,45428,109,0,Corporate Auto,SUV,487
SU32452,Arizona,F,Bachelor,0,89196,81,0,Personal Auto,Four-Door Car,41
MZ79386,California,F,Bachelor,0,88893,86,0,Personal Auto,Four-Door Car,72
OY15095,Oregon,M,Bachelor,0,0,97,0,Personal Auto,Two-Door Car,609
UV99893,Arizona,F,Bachelor,0,92722,72,0,Corporate Auto,Two-Door Car,28
LD48189,Nevada,F,High School or Below,0,57693,76,0,Personal Auto,Four-Door Car,547
EK13316,Arizona,F,Bachelor,0,53249,67,0,Personal Auto,Four-Door Car,343
FE82005,Oregon,F,Bachelor,0,26304,63,0,Personal Auto,Four-Door Car,302
BL44708,California,F,High School or Below,0,0,70,0,Personal Auto,Two-Door Car,504
PQ65328,Oregon,M,High School or Below,0,71460,74,0,Personal Auto,Four-Door Car,93
AA56476,Arizona,F,High School or Below,0,74454,71,0,Corporate Auto,Four-Door Car,340
BL66157,California,F,Bachelor,0,96413,99,0,Personal Auto,Four-Door Car,560
SN26999,Oregon,F,High School or Below,0,98542,90,0,Personal Auto,Two-Door Car,432
TS81548,Oregon,F,Master,0,43416,70,0,Personal Auto,Four-Door Car,336
DY34902,Oregon,F,High School or Below,0,81182,64,0,Corporate Auto,Four-Door Car,307
SX75100,Arizona,M,Bachelor,0,79065,69,0,Corporate Auto,Four-Door Car,290
LZ98529,Arizona,M,High School or Below,0,11721,102,0,Personal Auto,SUV,560
FM10372,California,F,College,0,82414,95,0,Personal Auto,Four-Door Car,30
QX54666,California,M,High School or Below,0,14533,63,0,Personal Auto,Four-Door Car,302
FR48094,Arizona,M,High School or Below,0,0,73,0,Personal Auto,Four-Door Car,525
FH61723,California,F,Bachelor,0,52513,65,0,Personal Auto,Two-Door Car,91
QY83498,Oregon,F,College,0,0,87,0,Personal Auto,Four-Door Car,420
GC81619,Oregon,F,Master,0,79487,114,0,Personal Auto,SUV,547
BD84823,Oregon,M,High School or Below,0,57449,103,0,Personal Auto,Four-Door Car,494
EU78163,California,F,College,0,20181,66,0,Personal Auto,Four-Door Car,316
FD34314,Arizona,M,Bachelor,0,73339,71,0,Corporate Auto,Four-Door Car,244
HS74723,Arizona,F,College,0,80969,217,0,Personal Auto,Luxury SUV,1041
LX27768,Oregon,F,Bachelor,0,74057,105,0,Personal Auto,SUV,632
YB91420,Oregon,F,Bachelor,0,32225,66,0,Personal Auto,Four-Door Car,316
QA45054,Arizona,F,High School or Below,0,60909,112,0,Personal Auto,SUV,412
CO53758,California,M,High School or Below,0,70999,63,0,Corporate Auto,Four-Door Car,305
CW57656,Oregon,F,College,0,75457,93,0,Personal Auto,Four-Door Car,151
MR22119,Oregon,M,High School or Below,0,24059,112,0,Personal Auto,SUV,537
DI22093,California,M,College,0,56480,87,0,Personal Auto,Four-Door Car,384
PQ35034,Oregon,F,College,0,37586,63,0,Corporate Auto,Two-Door Car,153
XB30904,Arizona,M,High School or Below,0,97026,73,0,Personal Auto,Two-Door Car,97
VF15321,Washington,M,College,0,54010,69,0,Personal Auto,Four-Door Car,331
LX71137,Arizona,F,Bachelor,0,87485,92,0,Personal Auto,Four-Door Car,441
SI35064,Washington,F,Bachelor,0,74583,118,0,Personal Auto,SUV,161
SI26369,Oregon,M,College,0,0,64,0,Personal Auto,Two-Door Car,460
LD69905,Arizona,M,High School or Below,0,21238,95,0,Personal Auto,Four-Door Car,456
VY84895,Nevada,F,High School or Below,0,0,93,0,Personal Auto,Four-Door Car,669
UA38043,California,F,High School or Below,0,22283,65,0,Personal Auto,Four-Door Car,572
WM46083,Arizona,M,Master,0,58237,63,0,Personal Auto,Two-Door Car,273
GQ57207,California,F,Bachelor,0,19864,63,0,Personal Auto,Four-Door Car,352
CQ80529,Oregon,F,College,0,57283,106,0,Personal Auto,SUV,337
LN99954,Washington,M,Master,0,0,104,0,Personal Auto,Four-Door Car,622
UF36353,Oregon,M,College,0,71656,137,0,Special Auto,SUV,61
IZ24763,Nevada,F,Bachelor,0,0,94,0,Corporate Auto,Four-Door Car,590
TU27017,California,M,Bachelor,0,41460,83,0,Personal Auto,Four-Door Car,398
WS46887,Washington,F,Bachelor,0,85165,101,0,Personal Auto,Four-Door Car,384
GQ32356,Nevada,F,High School or Below,0,0,111,0,Personal Auto,Four-Door Car,799
PZ81131,California,F,Bachelor,0,36723,106,0,Personal Auto,SUV,580
ZW79814,California,M,High School or Below,0,56980,84,0,Personal Auto,Two-Door Car,599
KV79964,Arizona,M,Doctor,0,32260,113,0,Personal Auto,Four-Door Car,601
WE38399,California,M,Bachelor,0,75644,65,0,Personal Auto,Two-Door Car,467
MI13678,Oregon,M,High School or Below,0,92056,62,0,Personal Auto,Four-Door Car,89
VA63861,California,F,College,0,28524,62,0,Personal Auto,Four-Door Car,297
EH70612,California,M,College,0,0,61,0,Personal Auto,Two-Door Car,439
UO40726,Oregon,F,Bachelor,0,28089,82,0,Personal Auto,Two-Door Car,411
ZY49833,California,F,Bachelor,0,87020,74,0,Personal Auto,Four-Door Car,331
HZ47488,California,M,Doctor,0,27907,74,0,Personal Auto,Four-Door Car,406
LP51258,Oregon,F,Bachelor,0,91811,70,0,Personal Auto,Four-Door Car,333
VW65573,California,M,High School or Below,0,0,111,0,Special Auto,SUV,799
LV82913,Oregon,M,College,0,69451,72,0,Corporate Auto,Four-Door Car,230
OX53879,Arizona,M,Bachelor,0,92427,64,0,Personal Auto,Four-Door Car,126
QV76563,Arizona,F,Doctor,0,0,69,0,Personal Auto,Four-Door Car,331
CP27565,Oregon,M,Bachelor,0,44428,104,0,Special Auto,SUV,499
LL56632,Oregon,F,High School or Below,0,55842,109,0,Personal Auto,SUV,703
ZG88784,Oregon,M,College,0,52796,62,0,Corporate Auto,Four-Door Car,297
FO78512,California,M,Master,0,41775,109,0,Personal Auto,Sports Car,104
TX13297,California,F,Bachelor,0,0,66,0,Corporate Auto,Four-Door Car,433
RS20615,California,F,High School or Below,0,34974,71,0,Special Auto,Four-Door Car,315
HP77890,Washington,F,College,0,56457,73,0,Personal Auto,Four-Door Car,138
GE45663,Arizona,F,Bachelor,0,39854,66,0,Personal Auto,Two-Door Car,261
UW90223,California,F,Bachelor,0,27839,65,0,Personal Auto,Two-Door Car,312
LC58452,California,M,High School or Below,0,88240,117,0,Personal Auto,SUV,561
WO25669,Oregon,F,High School or Below,0,0,102,0,Personal Auto,SUV,1123
NG59515,California,M,College,0,52693,129,0,Personal Auto,SUV,619
AQ52711,Oregon,F,Bachelor,0,65337,173,0,Personal Auto,SUV,830
AU23837,Oregon,F,Bachelor,0,64014,63,0,Corporate Auto,Four-Door Car,295
NG62780,Oregon,F,High School or Below,0,0,61,0,Personal Auto,Four-Door Car,292
WW16329,Oregon,F,College,0,35482,129,0,Corporate Auto,SUV,619
YN46118,Arizona,F,High School or Below,0,20951,65,0,Personal Auto,Four-Door Car,312
CW77053,Oregon,F,High School or Below,0,0,62,0,Personal Auto,Four-Door Car,297
LX15904,Washington,F,High School or Below,0,39393,70,0,Special Auto,Four-Door Car,405
IN26765,Oregon,M,College,0,62912,69,0,Personal Auto,Two-Door Car,168
WR55560,California,M,High School or Below,0,33561,152,0,Corporate Auto,Sports Car,235
JQ70222,Washington,F,High School or Below,0,53055,112,0,Personal Auto,SUV,537
LU49168,Arizona,M,High School or Below,0,0,63,0,Personal Auto,Two-Door Car,302
EN97874,Oregon,F,High School or Below,0,55037,80,0,Corporate Auto,Four-Door Car,481
IP76282,Oregon,F,High School or Below,0,0,65,0,Personal Auto,Four-Door Car,463
NM18924,Oregon,F,High School or Below,0,27587,103,0,Corporate Auto,Sports Car,241
NZ98813,California,F,High School or Below,0,29658,119,0,Personal Auto,SUV,571
XJ65608,California,F,College,0,63633,68,0,Corporate Auto,Two-Door Car,374
HI71466,California,M,College,0,23459,96,0,Personal Auto,Four-Door Car,185
RO70057,Nevada,M,High School or Below,0,34498,83,0,Personal Auto,Two-Door Car,398
LT77960,Arizona,F,College,0,28559,66,0,Corporate Auto,Four-Door Car,427
FO13691,Oregon,M,Doctor,0,73740,64,0,Personal Auto,Two-Door Car,229
IP87756,Washington,M,High School or Below,0,0,125,0,Personal Auto,SUV,900
YG37894,California,F,College,0,25925,72,0,Corporate Auto,Two-Door Car,660
SR24177,Nevada,M,Bachelor,0,31725,76,0,Personal Auto,Two-Door Car,177
BS91742,Washington,M,College,0,49659,234,0,Personal Auto,Luxury Car,1684
UJ38473,California,M,Bachelor,0,81197,109,0,Personal Auto,Sports Car,94
BP54465,Arizona,F,Master,0,43922,88,0,Personal Auto,Four-Door Car,108
YY12812,Nevada,F,Bachelor,0,87123,69,0,Corporate Auto,Four-Door Car,118
HW61722,Oregon,F,Bachelor,0,0,66,0,Personal Auto,Four-Door Car,278
CE17855,Oregon,F,Master,0,68745,80,0,Personal Auto,Four-Door Car,473
ZX50209,California,F,College,0,29815,95,0,Personal Auto,Four-Door Car,76
CZ84042,Oregon,F,High School or Below,0,53333,66,0,Personal Auto,Two-Door Car,22
SQ54906,Oregon,F,College,0,0,66,0,Personal Auto,Four-Door Car,316
QE21030,Washington,M,High School or Below,0,24661,196,0,Personal Auto,Luxury SUV,1961
WP60679,Oregon,M,Bachelor,0,95351,111,0,Personal Auto,Sports Car,406
BZ47770,Washington,F,Bachelor,0,62088,64,0,Corporate Auto,Two-Door Car,73
TS76653,Nevada,F,Master,0,0,122,0,Personal Auto,Sports Car,650
IJ28717,Oregon,M,College,0,31503,105,0,Personal Auto,SUV,504
XL78013,Oregon,M,College,0,49078,97,0,Corporate Auto,Four-Door Car,484
KN90631,Nevada,F,High School or Below,0,28120,112,0,Personal Auto,SUV,537
KU59569,California,F,College,0,0,106,0,Personal Auto,Sports Car,763
IE71278,California,M,Bachelor,0,44369,77,0,Personal Auto,Four-Door Car,362
VY76337,Washington,M,High School or Below,0,15131,67,0,Personal Auto,Four-Door Car,321
YC77374,California,F,Bachelor,0,26890,65,0,Personal Auto,Two-Door Car,312
FX78218,California,M,Doctor,0,45855,62,0,Personal Auto,Four-Door Car,0
ZK11389,Oregon,M,Bachelor,0,76358,66,0,Corporate Auto,Four-Door Car,86
MO82744,California,F,Bachelor,0,45586,72,0,Personal Auto,Four-Door Car,203
GG20671,Nevada,M,College,0,43267,78,0,Special Auto,Four-Door Car,453
YC53575,Oregon,M,High School or Below,0,0,82,0,Personal Auto,Four-Door Car,590
ES82658,Oregon,M,Master,0,46648,81,0,Personal Auto,Four-Door Car,123
SU44811,Oregon,F,High School or Below,0,42406,77,0,Corporate Auto,Four-Door Car,108
AZ43057,California,M,Master,0,50798,72,0,Personal Auto,Four-Door Car,64
XU56756,Oregon,M,Bachelor,0,76358,66,0,Personal Auto,Four-Door Car,86
TM24806,Oregon,M,College,0,13528,86,0,Personal Auto,Four-Door Car,412
ZH18791,Oregon,M,Bachelor,0,0,67,0,Personal Auto,Four-Door Car,80
CE10235,California,F,Bachelor,0,85023,85,0,Personal Auto,Four-Door Car,408
IQ96928,Oregon,F,High School or Below,0,0,62,0,Corporate Auto,Four-Door Car,675
BM55732,Nevada,F,High School or Below,0,74460,69,0,Corporate Auto,Two-Door Car,331
PC76141,Nevada,M,Bachelor,0,22932,62,0,Personal Auto,Four-Door Car,297
RV98208,Arizona,F,College,0,54189,62,0,Personal Auto,Two-Door Car,29
LJ21457,California,M,College,0,42247,74,0,Personal Auto,Two-Door Car,355
MV86976,California,M,High School or Below,0,0,96,0,Personal Auto,Four-Door Car,726
HS13676,California,M,High School or Below,0,0,117,0,Personal Auto,Four-Door Car,983
OX35378,Oregon,M,Bachelor,0,36706,80,0,Personal Auto,Four-Door Car,488
VL95438,Arizona,M,College,0,67899,66,0,Corporate Auto,Four-Door Car,316
YU32377,Oregon,F,College,0,0,61,0,Corporate Auto,Two-Door Car,365
QW88350,Washington,F,College,0,41900,63,0,Corporate Auto,Four-Door Car,170
TM61357,Nevada,M,Bachelor,0,72786,76,0,Personal Auto,Four-Door Car,363
CP99334,Oregon,F,College,0,60108,78,0,Personal Auto,Four-Door Car,507
AO20938,Arizona,F,High School or Below,0,31433,100,0,Personal Auto,SUV,635
OY32548,Washington,F,College,0,27940,65,0,Personal Auto,Two-Door Car,27
XE36531,California,F,High School or Below,0,51246,122,0,Personal Auto,SUV,817
SZ86381,Oregon,M,Bachelor,0,56587,65,0,Personal Auto,Four-Door Car,312
YY29772,Arizona,F,High School or Below,0,45025,69,0,Personal Auto,Four-Door Car,452
FG69718,California,F,High School or Below,0,0,132,0,Corporate Auto,SUV,950
MI81870,Arizona,F,Bachelor,0,22799,190,0,Corporate Auto,SUV,912
QH27767,Oregon,M,Doctor,0,82601,66,0,Personal Auto,Four-Door Car,186
IV54766,Oregon,F,Master,0,22705,239,0,Personal Auto,Luxury SUV,1294
AD33653,Oregon,M,High School or Below,0,0,92,0,Personal Auto,Two-Door Car,441
HU54636,California,F,College,0,41212,95,0,Personal Auto,Four-Door Car,405
CD45044,Arizona,F,High School or Below,0,0,70,0,Personal Auto,Four-Door Car,504
CB61335,California,F,High School or Below,0,21687,88,0,Personal Auto,Four-Door Car,603
DL53457,California,F,College,0,22571,63,0,Personal Auto,Four-Door Car,302
YG68142,Oregon,F,High School or Below,0,72032,72,0,Personal Auto,Four-Door Car,438
UI24036,Washington,F,Bachelor,0,42570,128,0,Personal Auto,SUV,587
LD63324,Arizona,M,College,0,62873,81,0,Corporate Auto,Four-Door Car,207
LB29621,Oregon,F,Bachelor,0,21370,77,0,Corporate Auto,Four-Door Car,105
XB43625,Arizona,F,Bachelor,0,66081,64,0,Personal Auto,Four-Door Car,42
FI65786,Oregon,F,Master,0,93854,87,0,Corporate Auto,Two-Door Car,417
ZC61874,Arizona,F,Doctor,0,19429,122,0,Special Auto,SUV,683
QA66968,California,F,Bachelor,0,46879,86,0,Personal Auto,Four-Door Car,324
YQ98322,Oregon,M,Bachelor,0,36791,68,0,Personal Auto,Four-Door Car,326
EN27946,California,M,High School or Below,0,40211,106,0,Personal Auto,Two-Door Car,710
GT18396,Arizona,M,College,0,48642,77,0,Personal Auto,Four-Door Car,92
KL43280,California,M,College,0,69063,115,0,Personal Auto,Two-Door Car,552
DB93245,Arizona,F,Doctor,0,87455,71,0,Corporate Auto,Four-Door Car,329
SN53710,Washington,M,High School or Below,0,80101,79,0,Personal Auto,Four-Door Car,442
IB82793,California,M,High School or Below,0,0,61,0,Corporate Auto,Four-Door Car,292
CT74097,Nevada,M,College,0,51817,129,0,Personal Auto,SUV,712
HE20556,Arizona,F,Bachelor,0,31561,68,0,Personal Auto,Four-Door Car,326
RQ41621,Arizona,F,Doctor,0,64640,73,0,Personal Auto,Four-Door Car,327
TB88830,California,F,Master,0,64220,107,0,Personal Auto,SUV,48
LV94312,Oregon,M,College,0,33580,62,0,Corporate Auto,Four-Door Car,315
PT45842,Arizona,M,College,0,0,64,0,Personal Auto,Two-Door Car,770
CV49750,Arizona,M,Bachelor,0,0,65,0,Personal Auto,Two-Door Car,312
RB63074,Oregon,M,High School or Below,0,0,67,0,Personal Auto,Four-Door Car,482
XX73066,Arizona,M,Master,0,43318,66,0,Personal Auto,Four-Door Car,48
VN22337,California,F,College,0,83869,81,0,Personal Auto,Four-Door Car,348
BA19651,California,M,High School or Below,0,43875,78,0,Corporate Auto,Four-Door Car,289
UX18122,Washington,F,Bachelor,0,59016,92,0,Corporate Auto,Four-Door Car,441
HY46017,California,F,College,0,70793,69,0,Personal Auto,Four-Door Car,62
ZI95657,California,M,Doctor,0,24164,137,0,Personal Auto,Sports Car,657
MK93363,Washington,F,Master,0,29133,104,0,Personal Auto,Sports Car,499
UM26324,Washington,M,High School or Below,0,81082,73,0,Corporate Auto,Four-Door Car,281
ZN18884,California,M,Bachelor,0,0,65,0,Corporate Auto,Four-Door Car,312
PN18863,California,M,College,0,21277,66,0,Corporate Auto,Four-Door Car,316
BK76340,California,M,High School or Below,0,16924,226,0,Personal Auto,Luxury SUV,1084
QZ83992,California,M,College,0,10540,115,0,Corporate Auto,SUV,552
WE23159,Oregon,M,High School or Below,0,0,133,0,Special Auto,Sports Car,1361
GA86186,Oregon,M,College,0,62873,81,0,Special Auto,Four-Door Car,207
ZM24497,California,M,High School or Below,0,98623,211,0,Personal Auto,Luxury SUV,1012
EY97047,Oregon,M,College,0,37876,69,0,Corporate Auto,Four-Door Car,300
NW14895,Arizona,M,Bachelor,0,77469,109,0,Personal Auto,SUV,757
KS42294,California,F,College,0,30535,66,0,Personal Auto,Four-Door Car,94
DQ50258,California,M,College,0,0,67,0,Personal Auto,Four-Door Car,482
XK10881,Oregon,M,Bachelor,0,39310,61,0,Personal Auto,Four-Door Car,93
LC20778,Nevada,F,Master,0,27229,99,0,Personal Auto,Four-Door Car,475
LH87004,Washington,M,College,0,41418,112,0,Personal Auto,SUV,537
SZ17657,Oregon,F,College,0,67840,112,0,Personal Auto,SUV,83
RI44399,California,F,Bachelor,0,0,80,0,Corporate Auto,Four-Door Car,871
RF73080,Oregon,M,College,0,23091,96,0,Personal Auto,Four-Door Car,460
QA69109,Arizona,F,Master,0,69468,67,0,Personal Auto,Four-Door Car,302
FK85203,California,M,High School or Below,0,74143,114,0,Personal Auto,SUV,547
ET44462,Arizona,M,High School or Below,0,65165,126,0,Personal Auto,SUV,604
SK27185,California,F,College,0,50537,165,0,Personal Auto,SUV,60
JW87443,Oregon,F,College,0,72608,82,0,Personal Auto,Four-Door Car,393
OM37610,Nevada,F,High School or Below,0,26312,110,0,Personal Auto,Four-Door Car,565
TJ58873,Oregon,M,High School or Below,0,56900,68,0,Personal Auto,Four-Door Car,304
WE97690,Oregon,F,Bachelor,0,60707,70,0,Corporate Auto,Four-Door Car,327
HH99354,Oregon,M,Bachelor,0,67276,61,0,Personal Auto,Two-Door Car,181
UN90060,Oregon,F,High School or Below,0,30865,104,0,Personal Auto,SUV,21
BR76202,California,F,Master,0,79487,114,0,Personal Auto,SUV,547
MO48960,California,F,Doctor,0,0,84,0,Personal Auto,Four-Door Car,481
QG50480,Oregon,M,College,0,0,62,0,Personal Auto,Two-Door Car,135
RE73564,Oregon,F,Bachelor,0,41098,96,0,Personal Auto,Two-Door Car,250
EN32990,Arizona,F,College,0,89158,67,0,Personal Auto,Four-Door Car,272
OO97388,Oregon,F,Master,0,99612,70,0,Personal Auto,Two-Door Car,336
JN66901,Nevada,M,High School or Below,0,0,194,0,Corporate Auto,Luxury SUV,2306
UI64573,Oregon,F,High School or Below,0,94885,86,0,Personal Auto,Four-Door Car,170
HJ64867,Arizona,F,College,0,78352,74,0,Personal Auto,Two-Door Car,152
MT35297,Oregon,F,High School or Below,0,43460,63,0,Personal Auto,Four-Door Car,302
VB69838,Oregon,F,High School or Below,0,46587,119,0,Personal Auto,Four-Door Car,571
JR34589,Nevada,F,High School or Below,0,21236,123,0,Personal Auto,SUV,131
EI85578,California,F,Bachelor,0,0,106,0,Personal Auto,SUV,117
DH85144,Oregon,M,College,0,0,65,0,Personal Auto,Four-Door Car,312
HC31007,California,M,High School or Below,0,0,68,0,Personal Auto,Four-Door Car,457
MT58123,California,M,College,0,28432,118,0,Corporate Auto,SUV,612
GQ78238,Oregon,M,High School or Below,0,65167,131,0,Personal Auto,SUV,628
UO44449,Washington,F,College,0,33700,62,0,Corporate Auto,Four-Door Car,274
VK98618,Arizona,F,College,0,0,105,0,Personal Auto,SUV,756
BG30513,California,F,College,0,13663,97,0,Personal Auto,Four-Door Car,465
KD20203,Oregon,M,College,0,0,131,0,Corporate Auto,SUV,628
HR26088,Arizona,F,College,0,0,84,0,Personal Auto,Four-Door Car,403
XD72019,Oregon,F,Bachelor,0,0,82,0,Personal Auto,Four-Door Car,479
XD82117,Arizona,F,College,0,65933,108,0,Personal Auto,SUV,379
CT47738,Oregon,F,College,0,0,128,0,Corporate Auto,Sports Car,614
NY30370,Washington,M,High School or Below,0,28663,66,0,Corporate Auto,Two-Door Car,430
EH69733,Arizona,M,Bachelor,0,78092,84,0,Corporate Auto,Four-Door Car,344
QV89210,Nevada,F,High School or Below,0,57693,76,0,Corporate Auto,Four-Door Car,547
QK90365,Oregon,F,Master,0,19614,85,0,Personal Auto,Two-Door Car,574
UR67446,California,F,High School or Below,0,23235,99,0,Personal Auto,Four-Door Car,587
FJ76376,California,M,Bachelor,0,79528,64,0,Personal Auto,Two-Door Car,175
ZI85739,California,F,Master,0,0,136,0,Personal Auto,SUV,46
AM72411,Oregon,M,High School or Below,0,23253,61,0,Personal Auto,Two-Door Car,292
IC77855,California,M,College,0,40571,100,0,Personal Auto,SUV,361
ZM70632,California,F,Bachelor,0,60668,138,0,Personal Auto,SUV,553
JM59803,California,M,Doctor,0,61776,73,0,Personal Auto,Two-Door Car,343
KG84303,California,M,Master,0,38820,99,0,Personal Auto,Four-Door Car,547
OJ37666,California,F,Bachelor,0,47285,63,0,Personal Auto,Four-Door Car,302
VV49688,Oregon,M,High School or Below,0,0,62,0,Corporate Auto,Four-Door Car,446
KH55886,Oregon,M,Bachelor,0,78310,192,0,Personal Auto,Sports Car,151
QZ70160,Nevada,F,College,0,26222,62,0,Personal Auto,Four-Door Car,297
FU51754,Arizona,M,High School or Below,0,0,79,0,Personal Auto,Two-Door Car,407
KY48450,Oregon,F,College,0,83926,181,0,Personal Auto,Luxury Car,124
ZG18090,California,M,Master,0,24124,91,0,Corporate Auto,Four-Door Car,436
UI99151,Nevada,M,High School or Below,0,28879,106,0,Personal Auto,Sports Car,763
VB59276,Oregon,M,Bachelor,0,0,112,0,Corporate Auto,SUV,544
CJ64468,Oregon,F,College,0,12964,65,0,Personal Auto,Two-Door Car,362
GM61951,Nevada,F,High School or Below,0,0,115,0,Personal Auto,SUV,1251
BO15959,Washington,F,College,0,88105,86,0,Personal Auto,Four-Door Car,412
ZK50586,Oregon,F,College,0,66524,74,0,Personal Auto,Two-Door Car,238
DM22923,Oregon,M,Bachelor,0,27398,68,0,Personal Auto,Four-Door Car,326
DQ58142,Arizona,M,High School or Below,0,37759,108,0,Corporate Auto,SUV,518
YW47108,California,M,College,0,45743,96,0,Personal Auto,Four-Door Car,673
DS62172,Oregon,F,Bachelor,0,54183,70,0,Personal Auto,Four-Door Car,336
VL58402,Washington,M,College,0,46900,66,0,Personal Auto,Four-Door Car,316
YV82597,Nevada,F,Doctor,0,59803,90,0,Corporate Auto,Two-Door Car,22
FN33339,Oregon,F,High School or Below,0,53787,104,0,Corporate Auto,Four-Door Car,666
UZ97486,California,M,Bachelor,0,35095,73,0,Corporate Auto,Two-Door Car,525
LL92275,California,F,College,0,0,67,0,Personal Auto,Four-Door Car,216
FB95288,California,M,High School or Below,0,0,217,0,Personal Auto,Luxury Car,1562
NB30472,Arizona,F,College,0,30845,116,0,Personal Auto,Four-Door Car,556
RX66745,Washington,M,Bachelor,0,23665,67,0,Corporate Auto,Four-Door Car,404
II97469,California,M,High School or Below,0,92107,88,0,Personal Auto,Four-Door Car,16
VF17463,Oregon,M,College,0,62464,109,0,Personal Auto,Sports Car,400
GW77328,Oregon,M,Doctor,0,69991,65,0,Personal Auto,Four-Door Car,4
CF44171,California,F,Bachelor,0,23904,123,0,Personal Auto,SUV,590
ZN65873,California,F,High School or Below,0,0,96,0,Corporate Auto,Four-Door Car,460
EO75698,Oregon,F,Bachelor,0,83894,110,0,Personal Auto,Four-Door Car,82
GB94407,California,M,College,0,88340,102,0,Corporate Auto,Two-Door Car,489
KM63956,California,M,Master,0,0,125,0,Corporate Auto,SUV,900
LM79795,Oregon,M,High School or Below,0,39602,64,0,Personal Auto,Two-Door Car,307
XT35473,Arizona,M,Bachelor,0,25905,63,0,Personal Auto,Four-Door Car,302
LO90163,Nevada,F,Bachelor,0,24626,108,0,Personal Auto,SUV,225
LU65596,California,F,College,0,59732,94,0,Corporate Auto,Four-Door Car,135
SV94314,Arizona,M,Bachelor,0,36898,169,0,Personal Auto,SUV,811
RW86245,Arizona,M,High School or Below,0,92864,123,0,Personal Auto,SUV,96
JG41490,Arizona,F,Bachelor,0,0,66,0,Corporate Auto,Four-Door Car,433
FO63400,California,F,College,0,93752,64,0,Corporate Auto,Four-Door Car,154
FE84109,Washington,M,Bachelor,0,21156,89,0,Personal Auto,Two-Door Car,111
KG21285,Arizona,M,College,0,67206,90,0,Personal Auto,Four-Door Car,76
TQ33359,California,M,High School or Below,0,85654,76,0,Personal Auto,Four-Door Car,46
ZG59671,Oregon,M,College,0,59325,83,0,Personal Auto,Four-Door Car,81
AY19539,California,M,College,0,13528,86,0,Personal Auto,Four-Door Car,412
KU23440,Oregon,F,Master,0,0,63,0,Personal Auto,Four-Door Car,302
IJ83011,California,M,College,0,0,165,0,Corporate Auto,SUV,1452
KE35335,Washington,F,College,0,75333,90,0,Personal Auto,Four-Door Car,289
FE90301,Nevada,F,Bachelor,0,61108,72,0,Personal Auto,Four-Door Car,23
CK35310,Nevada,F,High School or Below,0,27083,73,0,Personal Auto,Four-Door Car,525
XU97999,California,M,High School or Below,0,68997,63,0,Personal Auto,Four-Door Car,206
RF73329,California,F,High School or Below,0,33451,67,0,Personal Auto,Four-Door Car,337
WO12850,Nevada,F,Bachelor,0,21500,115,0,Corporate Auto,Four-Door Car,39
AB26022,Oregon,M,High School or Below,0,26487,112,0,Corporate Auto,SUV,602
HL91178,California,M,High School or Below,0,74713,70,0,Personal Auto,Four-Door Car,336
HS77089,Washington,M,Bachelor,0,0,70,0,Personal Auto,Four-Door Car,504
WK18603,California,M,Doctor,0,85607,66,0,Personal Auto,Four-Door Car,67
XS44101,California,F,Bachelor,0,44891,83,0,Personal Auto,Four-Door Car,74
RE93978,Washington,M,College,0,89061,103,0,Personal Auto,SUV,565
WX19595,Arizona,M,High School or Below,0,0,198,0,Personal Auto,Luxury Car,962
EA55071,Arizona,F,Bachelor,0,63774,111,0,Personal Auto,Four-Door Car,60
HH45183,Oregon,M,High School or Below,0,93308,92,0,Personal Auto,Four-Door Car,441
NL75739,Arizona,M,High School or Below,0,10375,66,0,Personal Auto,Two-Door Car,316
XE96798,Oregon,M,Master,0,85950,69,0,Personal Auto,Four-Door Car,47
UU12600,Nevada,F,Bachelor,0,33402,109,0,Personal Auto,SUV,71
NL39999,Washington,M,High School or Below,0,18129,71,0,Personal Auto,Two-Door Car,340
ZN45349,Oregon,M,College,0,0,66,0,Personal Auto,Two-Door Car,711
EV34073,California,F,College,0,0,65,0,Corporate Auto,Four-Door Car,312
HM94328,Arizona,M,College,0,20396,76,0,Corporate Auto,Four-Door Car,364
QX64770,Oregon,F,Master,0,13376,108,0,Personal Auto,Four-Door Car,774
IN95983,California,F,College,0,32517,94,0,Special Auto,Four-Door Car,451
AD89594,California,M,College,0,28651,67,0,Personal Auto,Four-Door Car,302
SQ37580,Arizona,F,Bachelor,0,64964,66,0,Personal Auto,Four-Door Car,286
IN64985,Nevada,F,College,0,34112,77,0,Personal Auto,Four-Door Car,369
UL96474,Arizona,F,College,0,0,108,0,Personal Auto,SUV,718
IG89777,California,M,High School or Below,0,81145,92,0,Corporate Auto,Two-Door Car,321
YJ14330,California,F,Master,0,39894,134,0,Corporate Auto,SUV,411
NK20941,California,M,High School or Below,0,52447,90,0,Personal Auto,Four-Door Car,61
XQ28930,California,M,College,0,0,69,0,Personal Auto,Four-Door Car,496
LY73893,California,M,College,0,35398,71,0,Personal Auto,Four-Door Car,340
II20035,Oregon,F,High School or Below,0,26239,65,0,Personal Auto,Four-Door Car,312
OH69760,Arizona,F,College,0,0,70,0,Personal Auto,Four-Door Car,336
WN45973,Washington,M,Master,0,83013,103,0,Corporate Auto,SUV,155
UT21323,California,M,College,0,0,190,0,Personal Auto,Luxury SUV,1833
GM46746,Arizona,F,High School or Below,0,86205,223,0,Personal Auto,Luxury Car,1070
GZ64473,Nevada,M,College,0,50414,69,0,Personal Auto,Four-Door Car,331
FE93959,California,M,Doctor,0,37496,65,0,Corporate Auto,Two-Door Car,312
YC33550,Oregon,F,High School or Below,0,24224,71,0,Corporate Auto,Two-Door Car,511
MT91532,California,M,Bachelor,0,62338,92,0,Corporate Auto,Four-Door Car,4
XE65072,Oregon,M,College,0,63483,83,0,Personal Auto,Four-Door Car,85
AT72574,Arizona,M,High School or Below,0,0,70,0,Personal Auto,Two-Door Car,504
FP10040,Oregon,M,High School or Below,0,38113,73,0,Personal Auto,Four-Door Car,203
AQ51159,Arizona,F,High School or Below,0,38676,72,0,Personal Auto,Four-Door Car,146
HB21182,Arizona,F,Master,0,20200,65,0,Personal Auto,Two-Door Car,312
SM17747,Arizona,M,College,0,29038,69,0,Personal Auto,Four-Door Car,56
YA87855,Arizona,M,Master,0,23179,91,0,Corporate Auto,Two-Door Car,436
MR52230,Oregon,M,Doctor,0,56598,88,0,Personal Auto,Four-Door Car,92
FR54989,Arizona,M,College,0,0,76,0,Corporate Auto,Two-Door Car,547
RW82766,Oregon,F,Bachelor,0,46988,195,0,Corporate Auto,Luxury SUV,294
IX60941,Oregon,M,College,0,20978,98,0,Personal Auto,Four-Door Car,1176
GQ26671,California,F,High School or Below,0,0,63,0,Personal Auto,Two-Door Car,453
UH89141,Oregon,F,High School or Below,0,59130,117,0,Corporate Auto,Sports Car,436
WO30947,Washington,M,Bachelor,0,31572,70,0,Personal Auto,Four-Door Car,292
ZN86559,California,F,Bachelor,0,0,72,0,Personal Auto,Four-Door Car,345
NZ73268,California,M,Bachelor,0,32646,119,0,Corporate Auto,Four-Door Car,464
YD80815,Arizona,F,Bachelor,0,51791,181,0,Personal Auto,Luxury Car,422
BE54454,Washington,M,High School or Below,0,70828,62,0,Personal Auto,Four-Door Car,297
JB76199,Oregon,F,College,0,40903,61,0,Corporate Auto,Four-Door Car,409
PN68458,California,F,High School or Below,0,0,106,0,Corporate Auto,SUV,631
IM55696,California,F,High School or Below,0,24031,66,0,Personal Auto,Four-Door Car,316
UD99395,Oregon,M,High School or Below,0,84927,112,0,Personal Auto,SUV,537
PA90653,Oregon,F,Bachelor,0,0,72,0,Corporate Auto,Two-Door Car,510
WE64939,California,F,College,0,23893,73,0,Personal Auto,Four-Door Car,186
KC67652,Arizona,M,Doctor,0,71255,138,0,Personal Auto,Sports Car,138
FQ33633,Nevada,F,College,0,37697,112,0,Personal Auto,SUV,38
QS23134,Arizona,M,College,0,33746,106,0,Personal Auto,Two-Door Car,508
EZ70589,Washington,F,College,0,70263,93,0,Personal Auto,Two-Door Car,7
KT91115,Oregon,M,Bachelor,0,43367,118,0,Personal Auto,Four-Door Car,1026
RS66246,California,F,High School or Below,0,0,81,0,Personal Auto,Two-Door Car,388
YX72707,Oregon,F,Doctor,0,0,66,0,Personal Auto,Four-Door Car,445
LJ79533,Nevada,F,High School or Below,0,11432,119,0,Special Auto,SUV,571
JQ95021,California,M,College,0,67249,86,0,Special Auto,Four-Door Car,33
ET88948,California,F,Bachelor,0,76839,68,0,Personal Auto,Four-Door Car,326
GW43195,Oregon,F,College,0,71210,214,0,Personal Auto,Luxury Car,1027
MQ54182,California,F,Bachelor,0,49447,119,0,Personal Auto,Four-Door Car,762
WM39308,Nevada,F,High School or Below,0,98713,65,0,Personal Auto,Two-Door Car,289
DK20428,Oregon,M,Bachelor,0,26094,67,0,Personal Auto,Two-Door Car,2
IZ67803,California,M,Master,0,26990,65,0,Personal Auto,Four-Door Car,297
VW65351,Washington,F,College,0,46644,84,0,Personal Auto,Four-Door Car,150
SY36127,California,F,Master,0,33462,72,0,Personal Auto,Four-Door Car,112
LA20890,Oregon,F,Bachelor,0,66880,71,0,Personal Auto,Four-Door Car,340
EP48362,Arizona,M,Bachelor,0,88680,66,0,Personal Auto,Four-Door Car,201
BI46495,Oregon,M,High School or Below,0,0,79,0,Corporate Auto,Two-Door Car,568
ON91363,Washington,M,College,0,75132,93,0,Personal Auto,Four-Door Car,446
TG95261,California,F,Master,0,0,122,0,Personal Auto,Sports Car,650
EE59791,California,F,High School or Below,0,56617,74,0,Personal Auto,Four-Door Car,355
IV84135,California,F,College,0,75638,83,0,Personal Auto,Four-Door Car,108
TE11374,California,F,Bachelor,0,24982,109,0,Personal Auto,SUV,523
GH12466,Washington,F,High School or Below,0,40348,83,0,Personal Auto,Four-Door Car,26
PC43437,Arizona,F,College,0,24083,63,0,Personal Auto,Four-Door Car,340
PW98890,Oregon,F,Bachelor,0,81538,66,0,Personal Auto,Four-Door Car,272
BQ94892,Oregon,M,College,0,62873,81,0,Personal Auto,Four-Door Car,207
LA33814,Oregon,M,High School or Below,0,66245,145,0,Personal Auto,SUV,181
WM87004,Oregon,M,Bachelor,0,0,102,0,Personal Auto,SUV,734
OL28902,California,M,College,0,26303,165,0,Personal Auto,SUV,956
VW88885,California,F,Bachelor,0,58620,71,0,Corporate Auto,Four-Door Car,340
OQ51004,California,M,Bachelor,0,18375,103,0,Personal Auto,Sports Car,535
GJ88864,Nevada,F,College,0,30944,92,0,Personal Auto,Four-Door Car,348
AF69537,Arizona,M,College,0,59630,185,0,Personal Auto,SUV,888
TX11163,Nevada,F,Bachelor,0,53957,184,0,Corporate Auto,Luxury SUV,61
FG43850,Oregon,M,High School or Below,0,44385,97,0,Corporate Auto,Four-Door Car,465
WY37677,Oregon,M,High School or Below,0,0,119,0,Personal Auto,Sports Car,856
WY80801,California,F,High School or Below,0,25561,163,0,Corporate Auto,SUV,983
GZ90429,California,M,High School or Below,0,85956,145,0,Corporate Auto,SUV,510
SX89429,Arizona,F,High School or Below,0,0,61,0,Personal Auto,Four-Door Car,311
FW35631,Oregon,M,Bachelor,0,37406,122,0,Corporate Auto,SUV,1134
HM20848,California,F,High School or Below,0,39053,114,0,Personal Auto,Sports Car,547
FO49408,Oregon,M,High School or Below,0,24475,84,0,Personal Auto,Four-Door Car,604
LL95376,Washington,M,Bachelor,0,92296,69,0,Personal Auto,Two-Door Car,331
UK49045,Oregon,M,High School or Below,0,29484,93,0,Personal Auto,Two-Door Car,446
JA24437,California,M,College,0,0,114,0,Personal Auto,Four-Door Car,820
TU77462,Oregon,M,College,0,48088,94,0,Personal Auto,Two-Door Car,134
DA26490,California,M,Bachelor,0,21366,63,0,Personal Auto,Two-Door Car,302
JC37131,Arizona,M,High School or Below,0,17101,113,0,Special Auto,SUV,542
YZ77792,Washington,F,High School or Below,0,0,64,0,Personal Auto,Four-Door Car,460
AH53588,California,M,College,0,26802,66,0,Personal Auto,Two-Door Car,316
QV89018,Arizona,M,High School or Below,0,89025,64,0,Personal Auto,Four-Door Car,179
SY95534,California,M,Bachelor,0,0,104,0,Personal Auto,SUV,748
YT37186,California,F,Bachelor,0,52228,220,0,Personal Auto,Luxury SUV,1056
DY81347,California,F,High School or Below,0,0,126,0,Personal Auto,SUV,694
VH45074,California,M,College,0,0,63,0,Personal Auto,Four-Door Car,344
BF45697,California,M,College,0,83086,71,0,Personal Auto,Four-Door Car,320
RY27018,Washington,M,High School or Below,0,53214,91,0,Personal Auto,Four-Door Car,436
YJ16163,Oregon,F,Bachelor,0,51643,283,0,Special Auto,Luxury Car,1358
QM61543,Arizona,M,High School or Below,0,73168,70,0,Corporate Auto,Four-Door Car,425
IU83998,Washington,F,Bachelor,0,0,298,0,Personal Auto,Luxury Car,2145
NE29938,California,F,College,0,0,90,0,Personal Auto,Two-Door Car,648
VQ57815,Oregon,M,Doctor,0,61246,110,0,Personal Auto,Sports Car,159
FF93355,Washington,M,High School or Below,0,32762,112,0,Corporate Auto,Four-Door Car,326
MG12206,California,M,College,0,0,69,0,Personal Auto,Two-Door Car,496
NE55975,Nevada,F,High School or Below,0,0,133,0,Personal Auto,Sports Car,957
BX70848,Washington,M,College,0,0,126,0,Personal Auto,SUV,604
NJ88229,California,F,College,0,64127,71,0,Personal Auto,Four-Door Car,72
QW31435,Oregon,M,High School or Below,0,0,67,0,Personal Auto,Two-Door Car,308
DJ22229,Washington,F,Bachelor,0,16794,96,0,Personal Auto,Four-Door Car,460
MB12747,Nevada,M,Bachelor,0,31930,83,0,Personal Auto,Four-Door Car,37
XQ50187,Oregon,M,Master,0,74918,85,0,Special Auto,Two-Door Car,314
WU62992,Oregon,M,Bachelor,0,70742,124,0,Personal Auto,SUV,211
CE11667,Oregon,M,College,0,64801,64,0,Corporate Auto,Four-Door Car,268
BP53979,California,F,Bachelor,0,48829,64,0,Personal Auto,Four-Door Car,300
DM59806,California,F,Doctor,0,73853,89,0,Personal Auto,Four-Door Car,427
LJ88616,Arizona,M,High School or Below,0,0,99,0,Personal Auto,Four-Door Car,712
TC82133,Oregon,M,Bachelor,0,66844,70,0,Personal Auto,Four-Door Car,104
NW65065,California,F,High School or Below,0,11904,61,0,Corporate Auto,Two-Door Car,292
LS17120,California,M,Bachelor,0,56869,83,0,Personal Auto,Four-Door Car,269
ZN96843,Arizona,M,Bachelor,0,0,67,0,Personal Auto,Two-Door Car,482
HZ98935,Washington,F,Bachelor,0,0,68,0,Personal Auto,Four-Door Car,326
WG51330,Arizona,M,College,0,59325,71,0,Corporate Auto,Four-Door Car,229
DS58268,Arizona,F,High School or Below,0,0,115,0,Corporate Auto,Sports Car,552
SN27401,Washington,M,High School or Below,0,0,112,0,Personal Auto,Two-Door Car,806
AI74959,California,M,High School or Below,0,25927,103,0,Personal Auto,SUV,674
RC16862,Arizona,M,College,0,0,71,0,Corporate Auto,Four-Door Car,493
YP19985,California,M,Bachelor,0,83073,71,0,Corporate Auto,Two-Door Car,10
SY29553,Oregon,F,High School or Below,0,0,73,0,Personal Auto,Four-Door Car,350
EM78211,Oregon,F,College,0,0,87,0,Special Auto,Four-Door Car,420
JL70559,Arizona,F,College,0,0,72,0,Personal Auto,Four-Door Car,345
IS95117,Arizona,F,College,0,35301,74,0,Personal Auto,Four-Door Car,128
YU66872,California,F,College,0,21829,111,0,Personal Auto,Sports Car,532
WK62379,Washington,F,Bachelor,0,15142,116,0,Personal Auto,Two-Door Car,792
WR85740,Arizona,F,Doctor,0,0,71,0,Corporate Auto,Two-Door Car,340
YY58769,Arizona,M,Bachelor,0,58498,67,0,Personal Auto,Four-Door Car,321
YK83904,Nevada,F,High School or Below,0,64592,64,0,Personal Auto,Four-Door Car,307
IE36279,California,M,Bachelor,0,80306,71,0,Corporate Auto,Two-Door Car,340
FT61724,California,F,Bachelor,0,29105,117,0,Personal Auto,Sports Car,272
YV63603,Arizona,F,Bachelor,0,47137,84,0,Personal Auto,Four-Door Car,161
PT52001,Nevada,F,College,0,0,62,0,Corporate Auto,Two-Door Car,446
FM83188,Washington,F,Doctor,0,0,109,0,Corporate Auto,SUV,723
RN96985,Oregon,F,High School or Below,0,0,100,0,Personal Auto,SUV,1000
OA59724,Washington,F,College,0,66711,86,0,Corporate Auto,Two-Door Car,366
LY83340,Oregon,F,High School or Below,0,48943,65,0,Corporate Auto,Two-Door Car,105
AX99820,Arizona,F,Bachelor,0,0,71,0,Personal Auto,Four-Door Car,511
MH13358,Oregon,F,High School or Below,0,34807,73,0,Personal Auto,Two-Door Car,472
UQ51981,Oregon,F,High School or Below,0,52583,113,0,Personal Auto,SUV,528
JQ60102,California,M,Master,0,0,111,0,Corporate Auto,Sports Car,617
CB52667,Washington,F,High School or Below,0,92589,65,0,Personal Auto,Four-Door Car,312
YP29527,Oregon,M,College,0,96689,103,0,Personal Auto,Sports Car,37
GW89349,Nevada,M,High School or Below,0,0,73,0,Corporate Auto,Four-Door Car,525
ZD72991,California,M,Doctor,0,76594,122,0,Personal Auto,SUV,832
CS51928,Arizona,M,Bachelor,0,83777,112,0,Personal Auto,Sports Car,377
IJ18945,Washington,F,College,0,20954,78,0,Special Auto,Four-Door Car,534
EF21564,Nevada,M,Master,0,84491,110,0,Personal Auto,SUV,156
AY35539,Oregon,F,Bachelor,0,89451,63,0,Personal Auto,Four-Door Car,61
XJ96507,Arizona,F,High School or Below,0,85132,106,0,Personal Auto,SUV,501
ZG95780,Arizona,M,College,0,11193,114,0,Personal Auto,SUV,820
GI55977,Oregon,F,High School or Below,0,28806,61,0,Personal Auto,Four-Door Car,292
BV63942,Washington,M,High School or Below,0,76184,111,0,Corporate Auto,Two-Door Car,532
PF81183,California,M,College,0,66429,136,0,Corporate Auto,Sports Car,57
HV16877,California,F,High School or Below,0,43278,68,0,Personal Auto,Four-Door Car,326
XO92596,California,M,College,0,13528,86,0,Personal Auto,Four-Door Car,412
IQ73438,California,M,Bachelor,0,74015,72,0,Personal Auto,Four-Door Car,471
FY74419,Nevada,F,Bachelor,0,54507,138,0,Personal Auto,SUV,702
JQ30166,Oregon,F,Master,0,0,119,0,Personal Auto,Four-Door Car,439
WC22220,Arizona,M,College,0,72302,66,0,Corporate Auto,Two-Door Car,316
OT66924,Oregon,F,Bachelor,0,14606,72,0,Personal Auto,Four-Door Car,439
UC21019,Arizona,M,Master,0,0,68,0,Personal Auto,Four-Door Car,689
YW88487,Arizona,F,College,0,43406,187,0,Personal Auto,Luxury SUV,897
CA45756,Arizona,F,Master,0,60426,62,0,Corporate Auto,Two-Door Car,133
JY42899,California,M,Bachelor,0,26334,71,0,Personal Auto,Two-Door Car,340
KM72781,Washington,F,College,0,22514,80,0,Personal Auto,Four-Door Car,203
DV62119,Arizona,F,Doctor,0,76114,88,0,Personal Auto,Four-Door Car,422
DO12179,Oregon,M,Bachelor,0,48791,62,0,Personal Auto,Two-Door Car,69
ER20865,California,M,Bachelor,0,65605,111,0,Corporate Auto,Two-Door Car,377
YQ95507,Oregon,F,High School or Below,0,69259,63,0,Personal Auto,Four-Door Car,362
VW65691,Oregon,F,High School or Below,0,0,64,0,Personal Auto,Four-Door Car,460
LL55780,Oregon,F,High School or Below,0,0,62,0,Corporate Auto,Four-Door Car,446
WK29536,Oregon,F,Bachelor,0,90969,65,0,Personal Auto,Four-Door Car,190
UX87980,Nevada,M,College,0,50180,77,0,Personal Auto,Four-Door Car,360
TJ68521,Washington,M,Master,0,41991,67,0,Personal Auto,Four-Door Car,88
RJ57593,Arizona,M,Bachelor,0,71391,67,0,Personal Auto,Four-Door Car,284
YI83073,California,F,High School or Below,0,0,61,0,Personal Auto,Four-Door Car,292
QQ18636,Arizona,F,College,0,70725,70,0,Corporate Auto,Four-Door Car,336
JV23769,Oregon,F,Master,0,36650,69,0,Personal Auto,Four-Door Car,56
PA19547,Washington,M,High School or Below,0,54194,119,0,Personal Auto,SUV,112
IH91478,Oregon,F,Bachelor,0,23554,61,0,Personal Auto,Two-Door Car,142
OR78439,Arizona,M,College,0,62464,109,0,Corporate Auto,Sports Car,400
CW15758,Oregon,F,College,0,71888,115,0,Personal Auto,SUV,552
RY26286,California,M,College,0,80846,65,0,Corporate Auto,Four-Door Car,227
YP71513,Oregon,M,College,0,0,67,0,Personal Auto,Four-Door Car,321
CJ51511,Arizona,F,High School or Below,0,11432,119,0,Corporate Auto,SUV,571
GQ11852,Oregon,F,College,0,39017,170,0,Personal Auto,SUV,592
TC29250,California,M,Bachelor,0,0,108,0,Personal Auto,Sports Car,777
HX63408,Arizona,M,Bachelor,0,73769,61,0,Corporate Auto,Four-Door Car,121
LJ15849,Arizona,F,Master,0,58557,88,0,Personal Auto,Four-Door Car,55
NC40609,Nevada,M,College,0,0,91,0,Corporate Auto,Four-Door Car,707
JZ23377,Oregon,F,College,0,48367,161,0,Personal Auto,SUV,772
TB17648,Arizona,M,College,0,39718,65,0,Personal Auto,Four-Door Car,366
OP68330,Oregon,F,College,0,0,96,0,Personal Auto,Four-Door Car,460
GO53814,Oregon,F,High School or Below,0,43358,61,0,Corporate Auto,Two-Door Car,400
VW11431,California,F,Bachelor,0,83873,76,0,Personal Auto,Two-Door Car,218
FG96614,California,F,Doctor,0,22361,95,0,Personal Auto,Four-Door Car,530
KQ98040,California,F,Bachelor,0,70061,99,0,Corporate Auto,Four-Door Car,699
DP23630,California,M,High School or Below,0,0,73,0,Personal Auto,Four-Door Car,525
No31089,Arizona,F,Bachelor,0,65742,79,0,Personal Auto,Four-Door Car,277
TU15769,Washington,M,Bachelor,0,23665,67,0,Personal Auto,Four-Door Car,404
DA20791,California,M,College,0,66457,95,0,Personal Auto,Four-Door Car,456
AE89300,Arizona,F,Bachelor,0,82634,104,0,Personal Auto,SUV,324
UE13511,Oregon,F,High School or Below,0,0,69,0,Corporate Auto,Four-Door Car,331
MS46793,Oregon,M,College,0,0,70,0,Personal Auto,Four-Door Car,425
ME22430,Nevada,M,Bachelor,0,29735,69,0,Personal Auto,Four-Door Car,331
JZ28710,California,M,College,0,61417,65,0,Personal Auto,Two-Door Car,206
HP80279,Oregon,F,High School or Below,0,0,105,0,Personal Auto,SUV,756
EH22538,California,M,High School or Below,0,43846,65,0,Personal Auto,Four-Door Car,125
JP87331,Arizona,M,High School or Below,0,0,67,0,Personal Auto,Four-Door Car,482
VA89684,Nevada,F,College,0,33775,61,0,Personal Auto,Two-Door Car,292
XS68865,Oregon,M,College,0,96988,77,0,Personal Auto,Two-Door Car,369
IZ13533,Arizona,M,Bachelor,0,0,114,0,Personal Auto,Two-Door Car,820
JB47784,Oregon,F,Doctor,0,81945,68,0,Personal Auto,Four-Door Car,47
LT79371,Arizona,F,Bachelor,0,0,65,0,Personal Auto,Four-Door Car,27
DE78840,Nevada,F,Bachelor,0,19019,186,0,Personal Auto,Luxury SUV,1003
PU25554,Oregon,F,Bachelor,0,62579,72,0,Personal Auto,Four-Door Car,326
ZI47098,California,F,High School or Below,0,46587,119,0,Personal Auto,Four-Door Car,571
CN53343,Arizona,F,Bachelor,0,0,81,0,Personal Auto,Four-Door Car,583
IN18876,Arizona,F,Bachelor,0,0,78,0,Special Auto,Four-Door Car,561
FV38119,Washington,M,High School or Below,0,0,135,0,Corporate Auto,SUV,648
YD89516,California,M,High School or Below,0,0,66,0,Corporate Auto,Four-Door Car,758
BN89470,California,M,College,0,29327,118,0,Special Auto,Four-Door Car,627
VZ64716,Oregon,M,Master,0,81081,96,0,Corporate Auto,Four-Door Car,206
FU17577,Oregon,F,High School or Below,0,0,106,0,Personal Auto,SUV,763
QY37300,Nevada,M,Master,0,57222,112,0,Personal Auto,Sports Car,297
UI84849,Arizona,M,College,0,91147,107,0,Personal Auto,Sports Car,50
MN81810,California,F,High School or Below,0,76638,73,0,Personal Auto,Four-Door Car,435
XN42396,California,M,Bachelor,0,29697,64,0,Personal Auto,Four-Door Car,147
VZ13840,Arizona,M,High School or Below,0,0,61,0,Corporate Auto,Four-Door Car,301
NI27358,Arizona,F,College,0,67352,181,0,Personal Auto,Luxury Car,560
LO39834,Oregon,F,Bachelor,0,23904,123,0,Personal Auto,SUV,590
WX18073,Arizona,M,Bachelor,0,0,88,0,Personal Auto,Four-Door Car,422
PG27422,California,F,Bachelor,0,89953,74,0,Corporate Auto,Four-Door Car,274
AX56708,California,M,High School or Below,0,20862,68,0,Personal Auto,Four-Door Car,326
JI80257,Nevada,F,College,0,47663,114,0,Personal Auto,Sports Car,103
EK95340,Washington,M,Master,0,49564,105,0,Corporate Auto,Four-Door Car,661
FS67856,California,M,College,0,28432,118,0,Personal Auto,SUV,612
JX27737,California,M,College,0,32356,117,0,Personal Auto,Two-Door Car,428
SY81273,Oregon,M,High School or Below,0,55269,71,0,Personal Auto,Two-Door Car,340
FZ16327,California,F,College,0,0,116,0,Personal Auto,Four-Door Car,509
XC26395,Oregon,M,High School or Below,0,76771,95,0,Personal Auto,Two-Door Car,91
HA72996,Nevada,F,College,0,75648,108,0,Corporate Auto,SUV,112
WP51328,Oregon,M,Doctor,0,20698,68,0,Personal Auto,Two-Door Car,248
CP47989,Oregon,F,High School or Below,0,29734,63,0,Corporate Auto,Two-Door Car,649
JO75190,Nevada,M,Bachelor,0,43963,110,0,Corporate Auto,SUV,528
AP47670,California,M,High School or Below,0,29465,63,0,Personal Auto,Four-Door Car,302
BT61680,Arizona,F,High School or Below,0,24851,103,0,Personal Auto,SUV,604
KX23022,Arizona,M,Bachelor,0,0,107,0,Corporate Auto,SUV,770
KB20508,California,M,College,0,11033,97,0,Special Auto,Two-Door Car,511
HU89665,Oregon,F,College,0,20495,61,0,Personal Auto,Four-Door Car,292
HD12841,California,F,Master,0,95766,68,0,Personal Auto,Four-Door Car,162
AR63478,California,M,College,0,0,65,0,Corporate Auto,Four-Door Car,655
UP90711,Oregon,F,Bachelor,0,61029,72,0,Personal Auto,Two-Door Car,114
EK58626,Oregon,M,Bachelor,0,0,105,0,Personal Auto,SUV,504
CA14631,California,M,High School or Below,0,56188,86,0,Special Auto,Four-Door Car,175
AU98438,Arizona,F,Bachelor,0,94812,70,0,Personal Auto,Four-Door Car,121
RD96782,California,F,Bachelor,0,0,70,0,Personal Auto,Two-Door Car,336
SY66568,Oregon,F,College,0,55338,116,0,Corporate Auto,Two-Door Car,556
WE52979,California,F,High School or Below,0,82477,90,0,Personal Auto,Two-Door Car,432
PL56477,Oregon,F,College,0,20852,73,0,Personal Auto,Two-Door Car,383
XK20264,Washington,F,High School or Below,0,0,82,0,Personal Auto,Two-Door Car,296
DV57698,Oregon,F,Doctor,0,0,83,0,Personal Auto,Two-Door Car,544
RD53171,Arizona,F,College,0,0,95,0,Personal Auto,Two-Door Car,456
PK23339,Arizona,F,High School or Below,0,72460,85,0,Personal Auto,Four-Door Car,370
GA74551,Oregon,M,Bachelor,0,76358,66,0,Personal Auto,Four-Door Car,86
BS26376,California,M,High School or Below,0,96306,95,0,Corporate Auto,Four-Door Car,185
WW74234,Arizona,F,College,0,49544,101,0,Personal Auto,SUV,0
UA26783,Oregon,M,High School or Below,0,0,68,0,Personal Auto,Two-Door Car,609
DV38369,California,M,Bachelor,0,0,101,0,Corporate Auto,SUV,727
ZM42260,Arizona,M,College,0,63357,101,0,Personal Auto,SUV,565
EB34435,Arizona,M,High School or Below,0,0,82,0,Corporate Auto,Four-Door Car,590
QY41527,Arizona,M,Bachelor,0,23060,109,0,Corporate Auto,SUV,731
WG61503,Arizona,M,Master,0,27781,71,0,Corporate Auto,Four-Door Car,340
TY59969,Arizona,M,College,0,43246,62,0,Personal Auto,Four-Door Car,52
DO20853,Oregon,F,High School or Below,0,14254,124,0,Corporate Auto,SUV,595
CD14267,Nevada,M,College,0,60334,106,0,Corporate Auto,Four-Door Car,111
WL40338,California,F,Bachelor,0,35625,65,0,Personal Auto,Four-Door Car,288
GV75215,Oregon,F,Bachelor,0,54684,111,0,Corporate Auto,Sports Car,302
CN91738,Oregon,M,Bachelor,0,56228,65,0,Personal Auto,Two-Door Car,276
UR36951,Oregon,M,Bachelor,0,82166,134,0,Personal Auto,SUV,643
JU87932,Oregon,F,Bachelor,0,30406,73,0,Personal Auto,Four-Door Car,350
IR50609,Arizona,M,Bachelor,0,75007,101,0,Personal Auto,Four-Door Car,668
VI18029,Washington,M,Bachelor,0,79271,62,0,Personal Auto,Four-Door Car,232
CC46747,Arizona,F,High School or Below,0,0,76,0,Personal Auto,Four-Door Car,364
ZK58906,California,M,Bachelor,0,59414,140,0,Personal Auto,SUV,65
SQ70457,Oregon,M,Bachelor,0,44719,66,0,Personal Auto,Four-Door Car,316
ZA37110,Nevada,F,Bachelor,0,0,129,0,Personal Auto,SUV,291
HH23204,California,F,Doctor,0,21986,63,0,Personal Auto,Two-Door Car,333
IE29890,Oregon,F,High School or Below,0,58480,113,0,Personal Auto,SUV,542
VO25412,Washington,F,Master,0,37520,74,0,Special Auto,Two-Door Car,163
ME37051,California,M,Bachelor,0,50165,62,0,Personal Auto,Two-Door Car,129
DL17162,Arizona,M,College,0,42961,83,0,Personal Auto,Four-Door Car,398
DD27563,Oregon,M,High School or Below,0,86687,80,0,Personal Auto,Four-Door Car,274
IA27050,Oregon,F,High School or Below,0,0,93,0,Personal Auto,Four-Door Car,41
UQ63751,Arizona,F,Bachelor,0,23772,83,0,Personal Auto,Four-Door Car,100
MV26494,California,M,College,0,0,98,0,Personal Auto,Four-Door Car,354
EN89709,Arizona,F,Doctor,0,18241,65,0,Personal Auto,Two-Door Car,151
QN68814,Oregon,M,Bachelor,0,0,65,0,Corporate Auto,Two-Door Car,312
NE70831,California,F,High School or Below,0,86650,69,0,Personal Auto,Two-Door Car,323
FV72595,Arizona,M,Bachelor,0,0,137,0,Personal Auto,SUV,1554
VZ81004,Oregon,F,Master,0,35973,159,0,Personal Auto,Sports Car,763
VM89271,Arizona,M,High School or Below,0,26262,97,0,Personal Auto,Four-Door Car,465
CL97519,California,M,College,0,25187,121,0,Personal Auto,SUV,580
RN71166,Oregon,F,High School or Below,0,88081,64,0,Personal Auto,Four-Door Car,82
PJ86059,Oregon,F,High School or Below,0,83460,66,0,Corporate Auto,Four-Door Car,443
BP34620,California,F,Bachelor,0,19949,74,0,Corporate Auto,Four-Door Car,355
HI58196,Oregon,M,College,0,0,92,0,Personal Auto,Two-Door Car,897
OZ58610,Arizona,M,High School or Below,0,0,109,0,Personal Auto,SUV,784
WC34456,California,F,Bachelor,0,77739,98,0,Personal Auto,Four-Door Car,428
FC15606,Oregon,F,College,0,23649,122,0,Personal Auto,SUV,535
UM99946,Arizona,M,College,0,68980,98,0,Personal Auto,Four-Door Car,464
JG94795,Oregon,F,Master,0,60010,103,0,Special Auto,Four-Door Car,494
GD93408,California,F,Bachelor,0,30968,74,0,Corporate Auto,Two-Door Car,45
QO12561,California,M,High School or Below,0,0,116,0,Personal Auto,Four-Door Car,556
VI12822,Washington,F,High School or Below,0,99841,65,0,Personal Auto,Four-Door Car,312
CT84535,California,M,College,0,0,105,0,Personal Auto,Four-Door Car,504
NT36519,California,M,College,0,32967,105,0,Personal Auto,SUV,504
WT86597,Oregon,M,Master,0,0,125,0,Personal Auto,SUV,900
ZJ27465,California,F,College,0,31794,119,0,Personal Auto,SUV,571
QF75939,Washington,F,High School or Below,0,36710,94,0,Personal Auto,Four-Door Car,676
MC73302,Oregon,F,Bachelor,0,36267,69,0,Personal Auto,Four-Door Car,263
WE21182,Oregon,M,High School or Below,0,12430,73,0,Personal Auto,Four-Door Car,350
TD90906,Oregon,F,High School or Below,0,93715,74,0,Personal Auto,Four-Door Car,532
WB66665,Nevada,F,College,0,75648,108,0,Corporate Auto,SUV,112
ZP26168,Washington,F,College,0,24584,66,0,Corporate Auto,Four-Door Car,279
ZG56744,California,M,Bachelor,0,36088,72,0,Personal Auto,Four-Door Car,345
BO81145,Arizona,M,Bachelor,0,21723,104,0,Personal Auto,SUV,748
BQ28323,Oregon,F,High School or Below,0,63833,73,0,Personal Auto,Four-Door Car,199
WD38315,California,M,College,0,0,61,0,Personal Auto,Four-Door Car,304
IS73434,Arizona,F,Bachelor,0,45892,81,0,Corporate Auto,Four-Door Car,388
VO94890,Oregon,M,College,0,90263,74,0,Personal Auto,Two-Door Car,355
ZH43085,Washington,M,High School or Below,0,0,63,0,Corporate Auto,Four-Door Car,453
HQ10502,Oregon,M,Bachelor,0,40548,98,0,Personal Auto,Four-Door Car,470
SP46702,Oregon,M,College,0,0,99,0,Corporate Auto,Two-Door Car,831
JB60515,Washington,M,High School or Below,0,50450,63,0,Personal Auto,Four-Door Car,302
TK49887,California,F,College,0,0,85,0,Personal Auto,Two-Door Car,612
EG16813,Arizona,F,College,0,75963,69,0,Corporate Auto,Two-Door Car,102
SI13406,Arizona,F,High School or Below,0,32714,87,0,Personal Auto,Four-Door Car,513
WC11272,Oregon,F,Bachelor,0,42790,87,0,Personal Auto,Two-Door Car,290
TU27563,Oregon,F,Bachelor,0,20694,94,0,Personal Auto,Two-Door Car,451
IL72707,California,F,Bachelor,0,25820,82,0,Personal Auto,Four-Door Car,393
DZ62350,California,M,High School or Below,0,24744,65,0,Personal Auto,Four-Door Car,312
VV82891,Washington,F,Bachelor,0,0,73,0,Personal Auto,Two-Door Car,350
UQ41461,Washington,F,Bachelor,0,27538,63,0,Personal Auto,Four-Door Car,285
NI58226,Oregon,F,High School or Below,0,81280,68,0,Personal Auto,Four-Door Car,308
VA78645,California,M,College,0,0,67,0,Personal Auto,Four-Door Car,321
UY61301,Nevada,M,Bachelor,0,0,73,0,Personal Auto,Four-Door Car,350
XC25965,Washington,F,Bachelor,0,26486,128,0,Personal Auto,SUV,614
EB93628,Oregon,F,High School or Below,0,0,97,0,Personal Auto,Two-Door Car,465
PK35830,Oregon,M,Bachelor,0,0,182,0,Personal Auto,Luxury SUV,1953
KY98596,Arizona,M,Bachelor,0,68331,63,0,Personal Auto,Four-Door Car,302
CI19819,Arizona,M,High School or Below,0,0,71,0,Personal Auto,Two-Door Car,511
TN82637,Nevada,M,College,0,21636,64,0,Personal Auto,Two-Door Car,213
FA90739,Oregon,M,High School or Below,0,0,121,0,Corporate Auto,SUV,871
FD62224,Oregon,F,College,0,0,133,0,Personal Auto,SUV,1386
KE45653,California,F,Bachelor,0,0,64,0,Personal Auto,Four-Door Car,307
FC10193,Washington,F,College,0,35601,69,0,Personal Auto,Four-Door Car,249
DO48835,Oregon,M,High School or Below,0,0,198,0,Corporate Auto,Luxury SUV,1425
VK44934,California,M,College,0,28558,119,0,Personal Auto,SUV,797
XB89264,Nevada,F,High School or Below,0,60101,66,0,Corporate Auto,Two-Door Car,1
XL49151,Arizona,M,College,0,22426,76,0,Corporate Auto,Four-Door Car,528
FG42635,Oregon,M,College,0,30720,139,0,Personal Auto,SUV,778
FE12805,Oregon,F,Bachelor,0,34161,186,0,Personal Auto,SUV,892
GT17701,Oregon,F,Bachelor,0,42987,77,0,Personal Auto,Four-Door Car,128
CH76379,Oregon,M,Bachelor,0,0,61,0,Personal Auto,Four-Door Car,292
QT77453,Arizona,F,High School or Below,0,80928,132,0,Corporate Auto,SUV,538
BS90503,Washington,F,Bachelor,0,86640,67,0,Personal Auto,Four-Door Car,65
MX93376,California,F,College,0,26714,64,0,Personal Auto,Two-Door Car,307
KT54608,Arizona,M,Bachelor,0,78618,66,0,Corporate Auto,Two-Door Car,225
CY18875,Oregon,F,High School or Below,0,0,78,0,Personal Auto,Four-Door Car,732
YT74573,California,M,College,0,0,126,0,Personal Auto,SUV,604
WL46640,Nevada,M,College,0,62977,115,0,Corporate Auto,SUV,552
CY49953,Oregon,F,College,0,0,79,0,Special Auto,Four-Door Car,568
FD72269,California,F,High School or Below,0,19724,72,0,Personal Auto,Four-Door Car,345
RE29039,California,F,High School or Below,0,27558,65,0,Personal Auto,Four-Door Car,312
TA35356,California,F,College,0,86054,239,0,Personal Auto,Luxury Car,115
HS88081,California,F,High School or Below,0,42846,81,0,Corporate Auto,Four-Door Car,286
SM52948,Nevada,F,Bachelor,0,57107,110,0,Personal Auto,SUV,528
ZL30083,Oregon,M,High School or Below,0,0,119,0,Personal Auto,Sports Car,571
MP22051,Washington,M,College,0,54314,66,0,Personal Auto,Four-Door Car,282
OF38237,California,F,Doctor,0,29950,61,0,Personal Auto,Two-Door Car,292
KL27677,Nevada,F,College,0,24195,90,0,Personal Auto,Two-Door Car,360
NX58648,Oregon,F,High School or Below,0,0,73,0,Personal Auto,Four-Door Car,388
WP19664,Arizona,M,College,0,47481,116,0,Personal Auto,SUV,556
LB83807,Oregon,M,Bachelor,0,63354,106,0,Personal Auto,Two-Door Car,508
EL44544,Oregon,F,High School or Below,0,57591,66,0,Corporate Auto,Four-Door Car,316
ST99840,Nevada,F,Bachelor,0,0,71,0,Corporate Auto,Four-Door Car,340
ZS15062,Oregon,M,Master,0,34919,82,0,Personal Auto,Four-Door Car,277
RJ68578,Oregon,M,High School or Below,0,76879,101,0,Corporate Auto,Sports Car,487
AE74442,California,F,Bachelor,0,61584,61,0,Corporate Auto,Four-Door Car,205
TF80571,California,M,High School or Below,0,28792,185,0,Corporate Auto,Sports Car,1166
YH31618,Oregon,F,Bachelor,0,0,105,0,Corporate Auto,Two-Door Car,504
HZ39407,Washington,M,Master,0,26713,71,0,Personal Auto,Four-Door Car,142
GX38439,California,F,College,0,0,129,0,Personal Auto,SUV,928
FF65294,Oregon,M,High School or Below,0,34244,87,0,Personal Auto,Four-Door Car,417
GC40999,Oregon,M,College,0,25251,66,0,Personal Auto,Four-Door Car,316
BA87048,Washington,M,Bachelor,0,0,68,0,Personal Auto,Four-Door Car,326
DE23903,Oregon,F,Bachelor,0,59848,73,0,Personal Auto,Two-Door Car,131
UP30859,Nevada,F,College,0,39815,64,0,Special Auto,Four-Door Car,91
PY17715,California,F,Master,0,58840,86,0,Corporate Auto,Two-Door Car,73
NU22358,Washington,F,Master,0,97131,64,0,Special Auto,Four-Door Car,307
BR77413,Arizona,M,College,0,58089,118,0,Personal Auto,SUV,566
FI17798,California,M,Doctor,0,0,71,0,Personal Auto,Four-Door Car,340
KN32615,Arizona,F,College,0,0,126,0,Personal Auto,SUV,656
EB86696,California,M,Bachelor,0,21808,119,0,Special Auto,SUV,571
YB14965,Arizona,M,College,0,89771,114,0,Personal Auto,SUV,432
ZD42550,Nevada,F,Master,0,36776,65,0,Corporate Auto,Four-Door Car,240
FI61655,Arizona,M,Bachelor,0,31213,65,0,Corporate Auto,Four-Door Car,312
PC30692,Oregon,M,Bachelor,0,0,115,0,Personal Auto,SUV,987
EK71077,California,F,Bachelor,0,0,61,0,Corporate Auto,Four-Door Car,439
ED91989,Arizona,M,College,0,0,107,0,Personal Auto,SUV,513
JH58573,California,M,College,0,32555,68,0,Personal Auto,Two-Door Car,86
YP75411,Arizona,M,College,0,0,69,0,Personal Auto,Two-Door Car,496
FV33188,Washington,M,Bachelor,0,29735,69,0,Personal Auto,Four-Door Car,331
ZQ94561,Washington,M,College,0,80590,74,0,Corporate Auto,Four-Door Car,97
JZ16164,Oregon,F,Bachelor,0,22565,132,0,Personal Auto,SUV,633
MU63232,Arizona,M,Master,0,54817,137,0,Personal Auto,SUV,209
CG13512,Oregon,M,College,0,0,62,0,Personal Auto,Two-Door Car,42
ZR86524,Oregon,F,College,0,55393,74,0,Corporate Auto,Four-Door Car,2
UG38549,California,F,High School or Below,0,0,83,0,Personal Auto,Four-Door Car,597
HJ37943,California,F,Bachelor,0,75634,110,0,Personal Auto,Two-Door Car,432
QA72881,Oregon,M,College,0,62464,109,0,Personal Auto,Sports Car,400
BL54814,Arizona,M,College,0,72648,61,0,Personal Auto,Four-Door Car,120
MG72449,Nevada,F,Bachelor,0,77167,66,0,Personal Auto,Four-Door Car,137
VR66049,Washington,M,High School or Below,0,56980,84,0,Corporate Auto,Two-Door Car,599
KC17606,California,F,College,0,27444,66,0,Personal Auto,Four-Door Car,313
LB12820,Oregon,M,High School or Below,0,57289,86,0,Corporate Auto,Two-Door Car,562
ZH30674,Oregon,M,Bachelor,0,84091,105,0,Personal Auto,Four-Door Car,380
HX96638,Arizona,M,College,0,0,67,0,Personal Auto,Four-Door Car,806
TT20057,Oregon,M,College,0,59590,136,0,Personal Auto,SUV,460
AM26598,Arizona,F,College,0,89672,72,0,Personal Auto,Four-Door Car,309
AY73718,California,F,Bachelor,0,96535,66,0,Personal Auto,Four-Door Car,271
EL11108,Oregon,F,Doctor,0,25575,117,0,Personal Auto,SUV,561
FA15811,Nevada,F,College,0,38910,78,0,Personal Auto,Two-Door Car,20
BA51898,Arizona,M,Bachelor,0,39426,114,0,Special Auto,SUV,412
PP30874,California,F,High School or Below,0,28304,91,0,Personal Auto,Four-Door Car,655
MN74944,Arizona,M,College,0,52210,80,0,Personal Auto,Four-Door Car,384
FK94501,Nevada,F,Bachelor,0,0,102,0,Personal Auto,SUV,273
HZ84382,Oregon,M,Master,0,94851,104,0,Personal Auto,Four-Door Car,190
FA89548,Arizona,M,Bachelor,0,0,67,0,Personal Auto,Four-Door Car,399
GD29440,Washington,M,Bachelor,0,18608,71,0,Personal Auto,Four-Door Car,340
DE21910,Oregon,F,College,0,41025,92,0,Personal Auto,Four-Door Car,20
CH50584,Oregon,M,High School or Below,0,71449,102,0,Personal Auto,SUV,734
JV97593,California,F,Bachelor,0,92653,83,0,Personal Auto,Four-Door Car,456
ND68993,Nevada,F,Bachelor,0,33190,106,0,Personal Auto,SUV,508
YT46746,Oregon,F,College,0,24290,82,0,Personal Auto,Four-Door Car,393
RF94484,Oregon,F,College,0,22571,63,0,Corporate Auto,Four-Door Car,302
No19664,California,F,High School or Below,0,26409,71,0,Personal Auto,Four-Door Car,475
BA97018,Arizona,M,High School or Below,0,21616,93,0,Personal Auto,Two-Door Car,944
HY16703,Oregon,M,College,0,36463,92,0,Personal Auto,Four-Door Car,441
MA15172,California,F,Bachelor,0,14290,271,0,Personal Auto,Luxury SUV,1300
WO81184,California,M,Bachelor,0,34645,69,0,Special Auto,Two-Door Car,220
FX39582,Washington,M,Bachelor,0,67001,131,0,Personal Auto,SUV,463
ZG23976,California,F,Bachelor,0,96200,107,0,Personal Auto,Two-Door Car,513
WE25756,Arizona,M,High School or Below,0,69241,93,0,Personal Auto,Four-Door Car,111
AP59947,California,F,Bachelor,0,55843,64,0,Corporate Auto,Two-Door Car,307
JG31799,California,F,Bachelor,0,20305,76,0,Personal Auto,Two-Door Car,496
XY28151,Oregon,F,Bachelor,0,0,68,0,Corporate Auto,Two-Door Car,489
ZB72138,Oregon,M,Bachelor,0,44329,112,0,Personal Auto,SUV,537
OP52966,Arizona,M,High School or Below,0,44279,61,0,Personal Auto,Two-Door Car,292
TG67664,California,F,College,0,0,87,0,Personal Auto,Four-Door Car,420
DH14632,Oregon,F,College,0,34695,113,0,Personal Auto,SUV,100
QN26812,Arizona,M,High School or Below,0,79297,64,0,Personal Auto,Four-Door Car,72
PD97837,Arizona,M,Bachelor,0,0,62,0,Corporate Auto,Four-Door Car,297
LX67597,Nevada,M,Bachelor,0,84183,72,0,Personal Auto,Four-Door Car,255
VH35998,California,M,Doctor,0,53375,79,0,Personal Auto,Four-Door Car,127
UE54045,California,F,High School or Below,0,32046,127,0,Corporate Auto,SUV,475
XA50997,Nevada,M,High School or Below,0,91393,67,0,Personal Auto,Two-Door Car,460
GM37281,California,F,Bachelor,0,76731,64,0,Personal Auto,Four-Door Car,201
QT84069,Oregon,M,Master,0,82081,249,0,Personal Auto,Luxury SUV,753
MG74662,Oregon,F,High School or Below,0,51337,88,0,Corporate Auto,Four-Door Car,72
EP46328,California,M,Bachelor,0,74015,72,0,Personal Auto,Four-Door Car,471
UL87052,Arizona,F,Bachelor,0,0,117,0,Personal Auto,SUV,842
GA93544,Oregon,F,High School or Below,0,0,77,0,Personal Auto,Four-Door Car,554
EW73206,California,F,Bachelor,0,68849,67,0,Corporate Auto,Two-Door Car,252
MV19629,Oregon,F,College,0,37376,99,0,Personal Auto,Four-Door Car,65
TK67721,Oregon,F,High School or Below,0,0,64,0,Corporate Auto,Four-Door Car,621
AD38685,California,M,College,0,62464,109,0,Personal Auto,Sports Car,400
LX72964,Arizona,F,High School or Below,0,88304,95,0,Personal Auto,Four-Door Car,276
MR37609,Oregon,M,College,0,0,112,0,Special Auto,SUV,682
OG30514,Nevada,F,Bachelor,0,65900,62,0,Personal Auto,Four-Door Car,297
GJ44951,Washington,F,Bachelor,0,0,67,0,Personal Auto,Two-Door Car,321
YB19340,Oregon,M,High School or Below,0,61374,113,0,Corporate Auto,Two-Door Car,210
BD42101,California,M,Bachelor,0,0,110,0,Corporate Auto,SUV,528
RZ89024,Oregon,M,Doctor,0,31841,78,0,Personal Auto,Four-Door Car,126
ZO20633,Oregon,F,High School or Below,0,27861,65,0,Corporate Auto,Four-Door Car,312
KL39500,Arizona,M,College,0,0,83,0,Personal Auto,Four-Door Car,736
QK24293,Oregon,F,Doctor,0,0,84,0,Corporate Auto,Four-Door Car,481
RW71963,Nevada,F,High School or Below,0,94550,90,0,Personal Auto,Four-Door Car,432
HR71115,Nevada,M,College,0,39604,68,0,Personal Auto,Four-Door Car,63
UL55837,Nevada,F,Bachelor,0,42928,93,0,Personal Auto,Four-Door Car,651
IW77519,Washington,F,Bachelor,0,54737,66,0,Personal Auto,Four-Door Car,391
CR88883,Arizona,M,College,0,0,68,0,Corporate Auto,Two-Door Car,489
YD58301,California,F,High School or Below,0,80587,78,0,Personal Auto,Four-Door Car,276
RT60959,Oregon,F,High School or Below,0,0,194,0,Corporate Auto,Luxury SUV,931
KC67832,California,M,College,0,80028,86,0,Corporate Auto,Four-Door Car,114
DK92014,Arizona,F,High School or Below,0,11904,61,0,Personal Auto,Two-Door Car,292
ZA44520,Arizona,F,High School or Below,0,54872,121,0,Personal Auto,SUV,580
AJ69060,California,M,College,0,0,99,0,Personal Auto,Two-Door Car,204
ME35315,Washington,M,College,0,0,74,0,Corporate Auto,Two-Door Car,532
BU61331,Arizona,M,College,0,46417,74,0,Corporate Auto,Four-Door Car,164
XI68015,Washington,F,College,0,46239,67,0,Personal Auto,Four-Door Car,6
HG51739,Oregon,F,College,0,0,73,0,Personal Auto,Four-Door Car,350
FI22970,Oregon,F,High School or Below,0,25550,61,0,Personal Auto,Four-Door Car,439
OF93412,Nevada,F,Bachelor,0,27514,197,0,Personal Auto,SUV,1367
AH97088,Nevada,M,High School or Below,0,84417,98,0,Personal Auto,Two-Door Car,139
BI81476,Oregon,F,High School or Below,0,55906,86,0,Personal Auto,Four-Door Car,58
IA18854,California,M,High School or Below,0,21638,65,0,Personal Auto,Four-Door Car,468
OO62338,Oregon,M,Bachelor,0,16121,65,0,Corporate Auto,Four-Door Car,312
JH35547,Oregon,M,College,0,36261,68,0,Personal Auto,Four-Door Car,16
DY34638,Oregon,F,High School or Below,0,11432,119,0,Personal Auto,SUV,571
MT16688,Arizona,F,Bachelor,0,62566,65,0,Corporate Auto,Four-Door Car,48
NN51066,Oregon,F,High School or Below,0,10312,78,0,Personal Auto,Four-Door Car,486
YF73402,Oregon,M,High School or Below,0,67778,64,0,Personal Auto,Four-Door Car,171
ZR56751,Washington,F,Master,0,92895,77,0,Personal Auto,Two-Door Car,43
GR32910,California,F,College,0,55290,65,0,Personal Auto,Four-Door Car,13
MZ89625,California,F,Bachelor,0,23377,116,0,Personal Auto,Four-Door Car,556
IK51081,California,F,College,0,38713,66,0,Personal Auto,Four-Door Car,316
VI34110,Arizona,F,Bachelor,0,0,66,0,Personal Auto,Four-Door Car,145
VH62312,Nevada,M,College,0,56342,69,0,Corporate Auto,Four-Door Car,331
YU39743,Oregon,M,College,0,29593,137,0,Personal Auto,Sports Car,657
RO57944,Nevada,F,High School or Below,0,18495,113,0,Personal Auto,SUV,542
VL32622,California,F,High School or Below,0,82887,66,0,Corporate Auto,Four-Door Car,420
NV35796,Oregon,F,Master,0,71366,94,0,Personal Auto,Four-Door Car,265
UU32345,California,M,College,0,49078,97,0,Corporate Auto,Four-Door Car,484
YM94448,Arizona,F,College,0,10787,71,0,Personal Auto,Two-Door Car,697
WX46704,California,F,High School or Below,0,0,73,0,Personal Auto,Four-Door Car,350
HY35960,Arizona,M,High School or Below,0,10194,65,0,Personal Auto,Two-Door Car,312
PB41497,Oregon,M,High School or Below,0,81763,72,0,Personal Auto,Two-Door Car,518
GP37412,Arizona,F,College,0,59763,73,0,Personal Auto,Two-Door Car,350
KU62853,California,F,College,0,0,78,0,Special Auto,Four-Door Car,561
EA87824,Arizona,F,College,0,96832,85,0,Personal Auto,Two-Door Car,408
DM42912,California,F,College,0,21135,130,0,Personal Auto,SUV,678
HK50871,California,M,High School or Below,0,16143,62,0,Personal Auto,Four-Door Car,32
ZX73673,Arizona,M,Bachelor,0,74015,72,0,Personal Auto,Four-Door Car,471
EO95783,Arizona,M,High School or Below,0,84178,74,0,Personal Auto,Two-Door Car,12
TR18791,Arizona,M,Bachelor,0,0,70,0,Personal Auto,Two-Door Car,504
DC83427,Oregon,F,High School or Below,0,0,63,0,Personal Auto,Four-Door Car,661
OG31942,California,M,College,0,63936,189,0,Personal Auto,Luxury Car,765
AK17025,Washington,M,Bachelor,0,0,83,0,Personal Auto,Four-Door Car,597
RT17851,Oregon,F,High School or Below,0,37940,129,0,Special Auto,SUV,512
UF56271,Washington,F,High School or Below,0,30703,70,0,Personal Auto,Four-Door Car,336
BP25150,Arizona,F,College,0,54898,69,0,Corporate Auto,Two-Door Car,176
XT34986,Oregon,M,Bachelor,0,89030,139,0,Personal Auto,SUV,49
OI74902,California,F,College,0,15630,115,0,Personal Auto,SUV,656
GV33313,Arizona,F,Bachelor,0,35625,65,0,Personal Auto,Four-Door Car,288
WA54110,Nevada,M,High School or Below,0,48329,67,0,Corporate Auto,Four-Door Car,470
IS94199,California,F,High School or Below,0,11904,61,0,Personal Auto,Two-Door Car,292
XE22944,Arizona,F,Bachelor,0,12261,125,0,Personal Auto,SUV,600
CK24264,Arizona,M,High School or Below,0,0,86,0,Personal Auto,Four-Door Car,39
BF54215,California,F,Master,0,87810,94,0,Personal Auto,Four-Door Car,225
HW85007,Oregon,M,Bachelor,0,64744,139,0,Personal Auto,SUV,41
PA56702,Arizona,M,Doctor,0,0,117,0,Personal Auto,SUV,957
VD87432,Washington,M,Bachelor,0,60735,135,0,Personal Auto,SUV,571
GG57214,Washington,F,Bachelor,0,0,67,0,Personal Auto,Two-Door Car,482
EK10022,California,M,Bachelor,0,36261,118,0,Corporate Auto,SUV,1197
IV97881,Nevada,M,High School or Below,0,0,135,0,Personal Auto,Sports Car,648
GS85403,Washington,F,Master,0,0,122,0,Corporate Auto,Sports Car,650
UO48558,California,M,High School or Below,0,23277,77,0,Corporate Auto,Four-Door Car,369
SX18141,Arizona,F,High School or Below,0,50320,73,0,Personal Auto,Four-Door Car,297
KK26955,Washington,F,High School or Below,0,49675,65,0,Personal Auto,Two-Door Car,312
PV12088,Arizona,M,High School or Below,0,19508,61,0,Personal Auto,Two-Door Car,292
TV97612,Oregon,M,Bachelor,0,20815,110,0,Personal Auto,SUV,528
VA95387,Nevada,M,High School or Below,0,46621,61,0,Corporate Auto,Four-Door Car,30
XF93358,Arizona,F,High School or Below,0,22775,184,0,Personal Auto,Luxury Car,883
WP64059,California,F,Bachelor,0,91814,63,0,Personal Auto,Two-Door Car,167
YY63521,Arizona,M,College,0,20396,76,0,Personal Auto,Four-Door Car,364
FH69597,California,F,High School or Below,0,73836,182,0,Personal Auto,Luxury Car,553
UT76436,Nevada,F,Bachelor,0,55910,86,0,Personal Auto,Four-Door Car,324
VA94160,California,F,High School or Below,0,43054,68,0,Personal Auto,Four-Door Car,326
NJ55678,Arizona,F,Bachelor,0,64543,65,0,Personal Auto,Four-Door Car,200
OJ60800,Oregon,M,Bachelor,0,75988,67,0,Personal Auto,Four-Door Car,200
PG20605,Arizona,M,College,0,0,64,0,Personal Auto,Four-Door Car,572
UT88283,Arizona,F,College,0,29051,73,0,Personal Auto,Two-Door Car,153
AF48816,Arizona,F,Bachelor,0,87382,72,0,Personal Auto,Four-Door Car,345
SY93381,California,F,College,0,30694,91,0,Personal Auto,Four-Door Car,436
ZI63885,Washington,M,High School or Below,0,0,85,0,Personal Auto,Four-Door Car,877
SD41771,California,M,High School or Below,0,49259,144,0,Personal Auto,Sports Car,820
IG80910,Oregon,F,High School or Below,0,47528,77,0,Personal Auto,Four-Door Car,277
RA62452,Nevada,M,Bachelor,0,70624,106,0,Corporate Auto,SUV,49
NI88122,California,F,College,0,0,64,0,Corporate Auto,Four-Door Car,505
LG90006,Oregon,F,Doctor,0,31409,93,0,Personal Auto,Four-Door Car,381
XZ83249,Nevada,F,High School or Below,0,35504,128,0,Personal Auto,SUV,404
EP26605,Washington,F,Bachelor,0,44833,72,0,Personal Auto,Two-Door Car,345
LW29130,Washington,F,High School or Below,0,24423,67,0,Corporate Auto,Two-Door Car,321
UD61088,California,M,Bachelor,0,0,127,0,Personal Auto,SUV,609
UY81122,Oregon,F,College,0,0,69,0,Personal Auto,Four-Door Car,433
ED87136,Arizona,M,High School or Below,0,0,61,0,Personal Auto,Four-Door Car,439
PK58026,Nevada,F,Bachelor,0,96917,71,0,Personal Auto,Two-Door Car,373
OD79784,Arizona,M,Bachelor,0,84450,68,0,Corporate Auto,Four-Door Car,291
OO79691,Arizona,F,College,0,0,111,0,Personal Auto,SUV,1018
PE72393,Arizona,F,High School or Below,0,0,115,0,Corporate Auto,Four-Door Car,840
QG39997,Arizona,F,College,0,10097,110,0,Personal Auto,Four-Door Car,218
ET45138,California,F,College,0,33255,138,0,Personal Auto,Sports Car,662
WP46383,Oregon,F,Bachelor,0,94132,73,0,Personal Auto,Four-Door Car,350
FJ12205,Oregon,M,Master,0,42602,85,0,Personal Auto,Two-Door Car,63
KE42114,Nevada,M,Doctor,0,17250,62,0,Personal Auto,Four-Door Car,175
CO15448,California,M,College,0,74212,73,0,Personal Auto,Four-Door Car,188
SU31072,Washington,M,Bachelor,0,85756,61,0,Personal Auto,Four-Door Car,117
LC87490,Arizona,F,Bachelor,0,24910,63,0,Personal Auto,Four-Door Car,347
OT36536,Oregon,M,Bachelor,0,41596,66,0,Personal Auto,Four-Door Car,316
DE59454,Nevada,M,Bachelor,0,72202,63,0,Corporate Auto,Two-Door Car,453
VS63956,California,M,Bachelor,0,33967,76,0,Personal Auto,Four-Door Car,364
TR39403,California,F,Master,0,77951,93,0,Corporate Auto,Two-Door Car,19
AB62982,Oregon,F,Doctor,0,77521,73,0,Personal Auto,Two-Door Car,350
QP76867,Oregon,M,College,0,0,109,0,Personal Auto,Sports Car,852
MO41014,Arizona,M,Bachelor,0,86305,62,0,Corporate Auto,Four-Door Car,80
EK56325,Arizona,M,High School or Below,0,0,92,0,Personal Auto,Four-Door Car,662
LB59405,California,F,High School or Below,0,57693,76,0,Personal Auto,Four-Door Car,547
JI37927,Oregon,F,College,0,0,112,0,Corporate Auto,SUV,78
OJ43280,California,M,Bachelor,0,33137,74,0,Personal Auto,Two-Door Car,472
YW43854,Washington,M,High School or Below,0,0,68,0,Personal Auto,Four-Door Car,489
AL43475,California,F,College,0,44938,183,0,Personal Auto,Luxury Car,2069
XY80192,Oregon,M,High School or Below,0,33617,117,0,Personal Auto,Four-Door Car,761
PI71828,Arizona,M,College,0,38460,61,0,Personal Auto,Four-Door Car,191
RQ94849,California,M,College,0,0,67,0,Personal Auto,Four-Door Car,482
JX93039,Washington,F,College,0,40171,123,0,Personal Auto,SUV,576
KF44948,Washington,F,High School or Below,0,0,64,0,Personal Auto,Four-Door Car,307
OK14812,Nevada,M,Doctor,0,36631,62,0,Personal Auto,Four-Door Car,67
UV49359,Nevada,F,Bachelor,0,74335,187,0,Corporate Auto,Luxury Car,896
IZ88103,California,F,Bachelor,0,79421,104,0,Personal Auto,Four-Door Car,115
QC27179,Oregon,M,Bachelor,0,38466,68,0,Personal Auto,Two-Door Car,204
VC47959,Arizona,F,College,0,54495,61,0,Personal Auto,Four-Door Car,182
BN45584,Oregon,F,College,0,0,112,0,Special Auto,Sports Car,806
YP53257,Oregon,F,Bachelor,0,14290,271,0,Personal Auto,Luxury SUV,1300
VP84987,California,M,College,0,0,73,0,Personal Auto,Two-Door Car,350
LK57934,Nevada,M,Bachelor,0,45776,89,0,Personal Auto,Four-Door Car,95
AV49798,Arizona,M,College,0,94263,98,0,Personal Auto,Four-Door Car,112
RD73104,Washington,F,High School or Below,0,12181,108,0,Personal Auto,Four-Door Car,591
IZ17303,California,M,Bachelor,0,97268,85,0,Personal Auto,Four-Door Car,35
PK79296,California,F,College,0,28995,67,0,Personal Auto,Four-Door Car,321
VA82895,Oregon,F,High School or Below,0,25030,113,0,Personal Auto,Sports Car,542
WC66749,Oregon,F,College,0,12613,70,0,Personal Auto,Four-Door Car,336
JO68735,California,F,Bachelor,0,0,64,0,Personal Auto,Two-Door Car,460
JA55700,California,M,High School or Below,0,25927,103,0,Personal Auto,SUV,674
IX97339,Arizona,F,College,0,0,134,0,Corporate Auto,SUV,643
DH93540,Oregon,M,College,0,28215,65,0,Personal Auto,Two-Door Car,468
KV56995,Nevada,M,Bachelor,0,18375,103,0,Personal Auto,Sports Car,535
PA15141,California,F,High School or Below,0,43221,87,0,Special Auto,Four-Door Car,398
FC48492,California,M,Bachelor,0,0,84,0,Personal Auto,Four-Door Car,849
ZJ29643,Washington,F,Doctor,0,0,84,0,Personal Auto,Four-Door Car,481
EC22495,Oregon,M,High School or Below,0,52082,79,0,Personal Auto,Four-Door Car,379
RO87000,California,M,High School or Below,0,50719,68,0,Personal Auto,Four-Door Car,394
YU35148,Washington,F,Bachelor,0,0,123,0,Personal Auto,SUV,590
BW51534,California,F,High School or Below,0,0,110,0,Corporate Auto,SUV,528
ER50891,California,M,High School or Below,0,39248,87,0,Personal Auto,Four-Door Car,386
LM63497,Oregon,F,College,0,0,82,0,Personal Auto,Four-Door Car,590
DE71115,Washington,M,High School or Below,0,68463,70,0,Personal Auto,Four-Door Car,336
AX71238,California,M,High School or Below,0,38096,99,0,Personal Auto,Two-Door Car,475
IZ50034,Washington,M,College,0,42124,101,0,Personal Auto,SUV,484
AR75105,California,F,College,0,21073,106,0,Personal Auto,SUV,508
LX77880,Oregon,F,Bachelor,0,24149,61,0,Personal Auto,Four-Door Car,292
PQ72803,Washington,F,High School or Below,0,10312,78,0,Personal Auto,Four-Door Car,486
PV99529,Arizona,M,Bachelor,0,0,77,0,Personal Auto,Two-Door Car,404
UW10841,California,M,Bachelor,0,74115,63,0,Personal Auto,Four-Door Car,275
UO93347,California,M,High School or Below,0,34624,95,0,Personal Auto,Four-Door Car,270
WK46492,Arizona,F,Bachelor,0,36108,128,0,Personal Auto,SUV,614
DO70918,Nevada,F,High School or Below,0,0,127,0,Special Auto,Sports Car,914
KG71396,Nevada,M,High School or Below,0,0,118,0,Corporate Auto,Two-Door Car,959
MI16758,Nevada,F,High School or Below,0,43184,102,0,Personal Auto,SUV,376
AT98182,California,F,Doctor,0,0,67,0,Corporate Auto,Four-Door Car,146
GP67583,Arizona,M,College,0,35349,102,0,Personal Auto,Four-Door Car,489
DY73849,California,F,Bachelor,0,0,124,0,Personal Auto,SUV,250
UR42360,California,M,Bachelor,0,35095,73,0,Personal Auto,Two-Door Car,525
IK74329,Arizona,F,High School or Below,0,13164,70,0,Personal Auto,Two-Door Car,75
WJ20394,Nevada,M,High School or Below,0,0,141,0,Corporate Auto,SUV,676
PF26758,Oregon,F,College,0,94880,79,0,Special Auto,Four-Door Car,347
DK81475,Nevada,M,College,0,95301,114,0,Personal Auto,SUV,547
DK93464,Nevada,F,Bachelor,0,56202,107,0,Personal Auto,Two-Door Car,513
XS76166,Oregon,F,College,0,35592,82,0,Personal Auto,Two-Door Car,496
TZ76531,California,M,High School or Below,0,0,113,0,Personal Auto,Four-Door Car,542
RC22595,Arizona,F,College,0,0,102,0,Personal Auto,Four-Door Car,489
IA90990,California,F,High School or Below,0,0,89,0,Corporate Auto,Two-Door Car,640
QQ69088,Washington,M,Doctor,0,11097,73,0,Corporate Auto,Two-Door Car,350
ED59130,Arizona,M,Bachelor,0,74900,208,0,Personal Auto,Luxury SUV,998
SC90717,California,M,Doctor,0,23576,89,0,Personal Auto,Four-Door Car,383
PP36346,Nevada,F,High School or Below,0,23393,95,0,Corporate Auto,Four-Door Car,456
JU75786,Oregon,F,Master,0,0,95,0,Personal Auto,Two-Door Car,149
TU68427,Arizona,F,High School or Below,0,0,73,0,Personal Auto,Two-Door Car,350
YD28431,California,F,Master,0,66346,87,0,Personal Auto,Four-Door Car,78
MY56715,Oregon,M,Bachelor,0,58109,86,0,Corporate Auto,Two-Door Car,412
NF60680,Arizona,F,High School or Below,0,92766,71,0,Personal Auto,Two-Door Car,379
BD70337,California,M,High School or Below,0,26307,73,0,Personal Auto,Four-Door Car,313
DM77491,Oregon,M,Bachelor,0,0,69,0,Personal Auto,Four-Door Car,238
EV57176,California,F,High School or Below,0,21171,72,0,Corporate Auto,Four-Door Car,345
CQ76876,California,F,College,0,82753,114,0,Personal Auto,Four-Door Car,264
QI89498,Oregon,F,College,0,0,64,0,Personal Auto,Four-Door Car,757
BH43020,California,M,Bachelor,0,39754,85,0,Personal Auto,Four-Door Car,62
EC66666,Arizona,F,College,0,0,67,0,Personal Auto,Two-Door Car,321
EO74797,Arizona,F,Bachelor,0,0,76,0,Personal Auto,Four-Door Car,364
IA30254,Nevada,M,High School or Below,0,0,70,0,Corporate Auto,Four-Door Car,712
KC79907,Arizona,F,College,0,91915,186,0,Personal Auto,Luxury Car,93
XW34862,Nevada,F,Master,0,21514,62,0,Special Auto,Two-Door Car,257
RI76930,California,F,College,0,43276,104,0,Personal Auto,SUV,499
XZ40716,California,F,High School or Below,0,75531,102,0,Personal Auto,Four-Door Car,489
ZC75052,California,M,Bachelor,0,23665,67,0,Personal Auto,Four-Door Car,404
DH51686,Arizona,F,Bachelor,0,0,118,0,Personal Auto,Four-Door Car,566
HJ89045,California,F,Bachelor,0,96337,127,0,Personal Auto,SUV,609
DJ34695,California,M,High School or Below,0,60180,183,0,Corporate Auto,Luxury Car,988
KR89806,Oregon,F,High School or Below,0,0,63,0,Personal Auto,Four-Door Car,685
OX62816,Washington,M,Master,0,30376,66,0,Personal Auto,Four-Door Car,316
WM36886,California,M,Master,0,88997,72,0,Corporate Auto,Four-Door Car,174
BE92692,Oregon,M,Bachelor,0,69236,63,0,Personal Auto,Four-Door Car,110
JV79596,Oregon,F,Bachelor,0,27627,63,0,Special Auto,Two-Door Car,453
KA49711,Nevada,M,Bachelor,0,77524,68,0,Corporate Auto,Four-Door Car,64
YI68606,Oregon,F,High School or Below,0,75449,61,0,Corporate Auto,Two-Door Car,130
AU11344,Oregon,F,Bachelor,0,35666,131,0,Personal Auto,SUV,312
BG42047,Nevada,M,College,0,17658,65,0,Personal Auto,Four-Door Car,312
CF73234,Oregon,M,High School or Below,0,0,71,0,Corporate Auto,Four-Door Car,340
VE85103,Nevada,M,College,0,20567,72,0,Personal Auto,Four-Door Car,345
LN99977,California,F,College,0,30061,104,0,Special Auto,Sports Car,499
CR56473,Nevada,M,High School or Below,0,0,74,0,Corporate Auto,Four-Door Car,532
YP32443,Oregon,M,Bachelor,0,20354,116,0,Personal Auto,SUV,556
MQ46375,Oregon,M,Bachelor,0,36637,192,0,Corporate Auto,Luxury Car,921
VU30980,California,M,High School or Below,0,0,131,0,Personal Auto,SUV,628
JX50349,Oregon,F,College,0,63860,62,0,Personal Auto,Four-Door Car,208
DH34004,California,M,College,0,0,199,0,Personal Auto,Luxury Car,955
DU66880,Arizona,M,High School or Below,0,58544,114,0,Personal Auto,Four-Door Car,769
QH87479,Oregon,F,High School or Below,0,54586,76,0,Personal Auto,Two-Door Car,122
MF87270,California,F,High School or Below,0,57248,74,0,Personal Auto,Four-Door Car,355
PX99904,California,F,Bachelor,0,0,134,0,Corporate Auto,Sports Car,964
TD43065,California,M,Bachelor,0,66037,69,0,Personal Auto,Four-Door Car,69
DU39756,Nevada,F,Master,0,29462,107,0,Corporate Auto,SUV,513
GY65868,California,M,Bachelor,0,64541,86,0,Personal Auto,Four-Door Car,256
NG15645,California,F,Master,0,27382,71,0,Personal Auto,Four-Door Car,134
HH69970,California,F,Bachelor,0,32311,79,0,Corporate Auto,Four-Door Car,207
YJ57293,California,M,College,0,23830,76,0,Corporate Auto,Two-Door Car,364
BV22194,Arizona,F,High School or Below,0,88178,70,0,Personal Auto,Two-Door Car,336
UH22701,Oregon,F,Master,0,72236,80,0,Personal Auto,Four-Door Car,518
IA85970,California,F,Bachelor,0,0,112,0,Personal Auto,SUV,438
TC18240,Oregon,M,College,0,67890,63,0,Personal Auto,Four-Door Car,174
GE58317,Arizona,F,College,0,38713,66,0,Personal Auto,Four-Door Car,316
GW42895,Oregon,F,Bachelor,0,77803,63,0,Personal Auto,Four-Door Car,217
FH77504,California,F,Bachelor,0,51643,283,0,Personal Auto,Luxury Car,1358
XK87182,Oregon,F,College,0,46402,113,0,Personal Auto,Four-Door Car,476
HB17438,Washington,M,Bachelor,0,92044,132,0,Personal Auto,SUV,617
DH18269,Arizona,M,College,0,16040,96,0,Personal Auto,Two-Door Car,611
DP19820,Oregon,M,College,0,0,135,0,Personal Auto,SUV,980
IK64989,Washington,M,Bachelor,0,17622,65,0,Personal Auto,Four-Door Car,312
MP85571,Arizona,F,Bachelor,0,0,188,0,Personal Auto,SUV,2156
VO29645,Oregon,M,High School or Below,0,12430,73,0,Personal Auto,Four-Door Car,350
GP83239,California,M,College,0,58414,210,0,Personal Auto,Luxury SUV,1008
GQ21970,Nevada,F,Bachelor,0,17257,70,0,Personal Auto,Four-Door Car,551
HP40365,Oregon,F,College,0,70492,70,0,Personal Auto,Two-Door Car,328
UX87150,California,M,College,0,68229,96,0,Corporate Auto,Four-Door Car,460
OZ30867,Oregon,F,High School or Below,0,33397,106,0,Personal Auto,SUV,508
LC60153,California,M,Bachelor,0,72503,106,0,Personal Auto,SUV,295
OX87524,California,F,Master,0,90349,64,0,Personal Auto,Four-Door Car,435
ZY78741,California,M,High School or Below,0,0,87,0,Corporate Auto,Four-Door Car,626
DB79306,California,M,College,0,25480,117,0,Personal Auto,SUV,486
EM77767,Oregon,F,College,0,72462,68,0,Personal Auto,Two-Door Car,272
PH78214,Oregon,F,College,0,27677,72,0,Personal Auto,Four-Door Car,345
LY17996,California,M,High School or Below,0,25743,79,0,Personal Auto,Two-Door Car,596
XV76553,Oregon,M,High School or Below,0,74935,112,0,Corporate Auto,SUV,192
SD38003,California,M,Bachelor,0,0,71,0,Personal Auto,Four-Door Car,511
QC30094,Oregon,F,High School or Below,0,15921,92,0,Corporate Auto,Four-Door Car,571
KH92987,Arizona,F,High School or Below,0,30095,136,0,Personal Auto,SUV,652
OB32671,Oregon,F,High School or Below,0,20587,106,0,Personal Auto,SUV,363
CD26907,California,M,Bachelor,0,0,117,0,Personal Auto,Sports Car,1227
YY46839,Washington,F,High School or Below,0,29628,106,0,Corporate Auto,Two-Door Car,763
HY36253,California,M,Bachelor,0,28677,78,0,Personal Auto,Four-Door Car,131
KA62728,California,M,High School or Below,0,87094,113,0,Personal Auto,Four-Door Car,64
GH98275,California,F,College,0,0,64,0,Corporate Auto,Four-Door Car,181
DJ87316,Oregon,M,High School or Below,0,43736,128,0,Personal Auto,SUV,614
XC85830,Oregon,F,Bachelor,0,69379,103,0,Corporate Auto,Two-Door Car,494
VK85405,California,F,High School or Below,0,80415,62,0,Corporate Auto,Two-Door Car,281
ZP27971,California,M,High School or Below,0,26050,97,0,Personal Auto,Four-Door Car,465
QC95625,California,M,High School or Below,0,57449,103,0,Personal Auto,Four-Door Car,494
DN34058,Washington,F,Bachelor,0,68211,99,0,Corporate Auto,Four-Door Car,475
VS80344,Arizona,F,Bachelor,0,28445,103,0,Special Auto,Two-Door Car,427
SJ24275,Nevada,F,College,0,37313,62,0,Personal Auto,Four-Door Car,246
YB58105,California,M,High School or Below,0,0,110,0,Corporate Auto,Four-Door Car,1066
BP35803,California,F,College,0,29194,89,0,Personal Auto,Four-Door Car,424
CL73599,Arizona,F,Bachelor,0,79090,107,0,Personal Auto,SUV,289
ZR22245,Washington,F,College,0,22571,63,0,Personal Auto,Four-Door Car,302
JJ57298,Oregon,M,College,0,0,139,0,Corporate Auto,SUV,1066
FF53048,Arizona,F,Master,0,48744,86,0,Personal Auto,Two-Door Car,412
HD83496,Arizona,M,Bachelor,0,0,71,0,Corporate Auto,Four-Door Car,511
DD94148,California,M,College,0,29530,74,0,Personal Auto,Two-Door Car,222
FM52759,Nevada,M,Bachelor,0,67798,69,0,Personal Auto,Four-Door Car,331
OI39918,California,M,Bachelor,0,16208,93,0,Personal Auto,Two-Door Car,446
PC72443,Oregon,F,College,0,94757,112,0,Personal Auto,Four-Door Car,5
OQ15169,Washington,F,High School or Below,0,37995,139,0,Corporate Auto,SUV,667
ZO89996,Oregon,M,College,0,72302,66,0,Personal Auto,Two-Door Car,316
OP70207,Oregon,M,College,0,37934,137,0,Personal Auto,Sports Car,385
ID39569,Washington,M,High School or Below,0,19382,94,0,Personal Auto,Four-Door Car,676
RJ80405,Arizona,M,Bachelor,0,33191,70,0,Personal Auto,Four-Door Car,443
NT21324,Arizona,M,College,0,72389,70,0,Personal Auto,Four-Door Car,206
IY98928,Arizona,F,Master,0,91475,64,0,Personal Auto,Four-Door Car,73
XJ81725,California,M,College,0,0,111,0,Personal Auto,Four-Door Car,799
FE62142,Oregon,F,Bachelor,0,43682,107,0,Corporate Auto,SUV,148
ZH55575,California,F,Bachelor,0,39854,66,0,Corporate Auto,Two-Door Car,261
WI86229,Oregon,M,Master,0,52162,99,0,Personal Auto,Two-Door Car,251
QR42111,Arizona,F,High School or Below,0,0,134,0,Special Auto,SUV,643
DN71979,Arizona,M,College,0,74755,195,0,Personal Auto,Luxury Car,1404
IC22580,California,M,College,0,85339,95,0,Personal Auto,Four-Door Car,392
MX93069,Oregon,M,Doctor,0,57709,125,0,Personal Auto,SUV,600
TG37225,California,M,College,0,26802,66,0,Personal Auto,Two-Door Car,316
GY69750,Oregon,M,Master,0,0,73,0,Personal Auto,Four-Door Car,152
KX99703,Oregon,F,College,0,18577,86,0,Personal Auto,Four-Door Car,412
AA35519,Arizona,F,College,0,0,107,0,Personal Auto,SUV,513
FE99816,Nevada,F,Bachelor,0,0,253,0,Personal Auto,Luxury Car,1214
YP92773,Washington,F,Bachelor,0,21546,119,0,Corporate Auto,Two-Door Car,625
CF26052,Arizona,F,Bachelor,0,49182,70,0,Personal Auto,Two-Door Car,165
PR37714,California,F,Bachelor,0,32238,91,0,Personal Auto,Four-Door Car,439
CE92675,California,F,College,0,0,68,0,Personal Auto,Four-Door Car,326
BK47926,California,M,High School or Below,0,98118,83,0,Personal Auto,Four-Door Car,398
BY62906,Arizona,M,High School or Below,0,22971,101,0,Personal Auto,SUV,562
UY95661,California,M,Master,0,49161,63,0,Personal Auto,Two-Door Car,171
OS84395,Nevada,M,Bachelor,0,90252,95,0,Corporate Auto,Four-Door Car,122
JS53793,Arizona,F,Doctor,0,25036,61,0,Corporate Auto,Four-Door Car,292
BV25135,California,M,Bachelor,0,28314,121,0,Personal Auto,SUV,580
AF17671,Washington,F,Bachelor,0,56337,97,0,Personal Auto,Four-Door Car,465
AY30324,Oregon,F,Bachelor,0,99074,77,0,Special Auto,Two-Door Car,208
XE17270,California,M,High School or Below,0,31708,94,0,Personal Auto,Two-Door Car,451
LS46182,Nevada,M,Bachelor,0,0,83,0,Personal Auto,Four-Door Car,398
LH33181,Arizona,M,Bachelor,0,0,67,0,Personal Auto,Four-Door Car,431
AT84725,Washington,M,College,0,28215,65,0,Personal Auto,Two-Door Car,468
TP33286,Washington,M,High School or Below,0,0,119,0,Corporate Auto,Four-Door Car,856
YB79192,California,F,Bachelor,0,21119,128,0,Personal Auto,SUV,614
SC43870,California,M,Bachelor,0,0,66,0,Corporate Auto,Four-Door Car,475
OO72857,Oregon,M,Bachelor,0,0,69,0,Personal Auto,Four-Door Car,331
MO38559,Arizona,F,Doctor,0,0,70,0,Personal Auto,Four-Door Car,20
RL65736,Oregon,F,High School or Below,0,13662,85,0,Personal Auto,Four-Door Car,408
ID30085,Arizona,F,High School or Below,0,0,112,0,Personal Auto,Sports Car,537
CO68055,Oregon,M,Bachelor,0,0,109,0,Personal Auto,SUV,691
NX37589,Washington,F,Bachelor,0,79251,67,0,Personal Auto,Four-Door Car,321
BX88206,Nevada,F,High School or Below,0,51294,116,0,Corporate Auto,SUV,113
AA30683,California,M,Bachelor,0,0,105,0,Personal Auto,Four-Door Car,847
BD13927,California,F,High School or Below,0,0,62,0,Personal Auto,Two-Door Car,675
SJ71233,California,F,College,0,0,107,0,Personal Auto,SUV,513
WK52692,Oregon,F,College,0,29124,129,0,Personal Auto,SUV,619
OG67387,California,M,College,0,0,65,0,Personal Auto,Four-Door Car,312
XR99310,California,M,College,0,97266,79,0,Special Auto,Two-Door Car,546
GU84478,Oregon,M,High School or Below,0,48207,63,0,Personal Auto,Four-Door Car,164
ZX29705,California,F,College,0,0,69,0,Corporate Auto,Four-Door Car,331
WN67367,California,F,Bachelor,0,0,88,0,Personal Auto,Four-Door Car,325
QN67807,Arizona,M,Bachelor,0,97316,67,0,Personal Auto,Two-Door Car,309
AU77281,Oregon,F,College,0,63860,62,0,Personal Auto,Four-Door Car,208
DN46994,California,F,Bachelor,0,72633,67,0,Personal Auto,Four-Door Car,155
OW97322,Oregon,M,Bachelor,0,28013,266,0,Personal Auto,Luxury Car,1276
ZC97171,Arizona,F,High School or Below,0,60479,96,0,Personal Auto,Four-Door Car,85
NG69817,California,F,Bachelor,0,0,68,0,Personal Auto,Two-Door Car,519
BS95225,California,M,College,0,14151,72,0,Personal Auto,Four-Door Car,345
AE93522,Washington,M,Bachelor,0,75891,61,0,Corporate Auto,Two-Door Car,61
LP15901,Nevada,M,Bachelor,0,0,183,0,Personal Auto,Luxury SUV,1317
FB95495,California,M,College,0,53078,73,0,Personal Auto,Four-Door Car,764
PE59735,Oregon,F,High School or Below,0,20031,86,0,Personal Auto,Four-Door Car,109
WR73970,Arizona,M,Bachelor,0,92070,74,0,Corporate Auto,Four-Door Car,368
JD15492,Oregon,F,High School or Below,0,44509,61,0,Personal Auto,Four-Door Car,226
OF46381,California,M,High School or Below,0,0,73,0,Personal Auto,Two-Door Car,525
GP85044,Arizona,M,Bachelor,0,91967,113,0,Special Auto,SUV,156
OO64005,Oregon,F,Bachelor,0,0,63,0,Personal Auto,Four-Door Car,302
VB42222,Nevada,F,Bachelor,0,97379,119,0,Personal Auto,Four-Door Car,354
ZR79373,Arizona,F,Bachelor,0,14290,271,0,Personal Auto,Luxury SUV,1300
KH12081,Arizona,F,High School or Below,0,0,119,0,Personal Auto,SUV,729
WV64743,Washington,M,High School or Below,0,0,194,0,Personal Auto,Luxury Car,1396
ZT58755,Oregon,F,High School or Below,0,0,68,0,Personal Auto,Four-Door Car,256
WX52894,Nevada,M,College,0,21927,71,0,Personal Auto,Four-Door Car,128
EO51920,Oregon,F,High School or Below,0,69096,99,0,Corporate Auto,Four-Door Car,64
AQ34238,Oregon,M,Bachelor,0,0,72,0,Corporate Auto,Four-Door Car,518
EI10204,Oregon,F,High School or Below,0,28513,100,0,Personal Auto,SUV,480
GY23881,Oregon,M,High School or Below,0,81687,61,0,Personal Auto,Four-Door Car,292
FL59259,Nevada,F,High School or Below,0,13792,87,0,Personal Auto,Four-Door Car,620
RN45606,Nevada,F,High School or Below,0,32184,136,0,Personal Auto,SUV,266
OJ64812,Washington,M,Bachelor,0,26432,88,0,Personal Auto,Four-Door Car,422
AK11669,Arizona,F,Doctor,0,59232,85,0,Corporate Auto,Two-Door Car,408
EM53324,Oregon,F,College,0,0,72,0,Personal Auto,Four-Door Car,345
JE99638,Arizona,M,Bachelor,0,23577,68,0,Personal Auto,Four-Door Car,91
LR69185,Nevada,M,College,0,0,80,0,Personal Auto,Four-Door Car,848
AS55478,Oregon,M,Bachelor,0,26670,98,0,Corporate Auto,Four-Door Car,541
OB52091,Washington,M,Bachelor,0,87403,68,0,Personal Auto,Four-Door Car,456
AM28777,Oregon,F,College,0,51455,67,0,Personal Auto,Four-Door Car,11
AQ70385,Oregon,M,High School or Below,0,30242,72,0,Personal Auto,Four-Door Car,48
FL22732,Oregon,M,Bachelor,0,64311,62,0,Personal Auto,Four-Door Car,157
JD75068,Oregon,F,College,0,0,70,0,Corporate Auto,Four-Door Car,405
MM70762,Arizona,M,Master,0,37722,116,0,Personal Auto,Sports Car,158
JT46803,Oregon,F,Bachelor,0,42336,69,0,Personal Auto,Four-Door Car,25
VO25938,Oregon,M,Bachelor,0,25998,71,0,Personal Auto,Four-Door Car,791
FP31685,Oregon,F,Bachelor,0,24887,68,0,Personal Auto,Four-Door Car,326
LP69867,Oregon,M,High School or Below,0,0,82,0,Personal Auto,Four-Door Car,590
BX88330,Washington,F,College,0,90918,64,0,Personal Auto,Four-Door Car,163
QQ86648,Oregon,M,High School or Below,0,78834,72,0,Personal Auto,Two-Door Car,345
VE80757,Oregon,M,Bachelor,0,0,62,0,Personal Auto,Two-Door Car,434
BE69929,Arizona,F,College,0,27872,61,0,Personal Auto,Two-Door Car,186
BM31989,Arizona,M,College,0,24012,112,0,Personal Auto,Four-Door Car,82
HW27766,Arizona,M,College,0,16367,94,0,Personal Auto,Four-Door Car,515
BC90645,California,F,Master,0,55479,68,0,Personal Auto,Four-Door Car,117
GC36679,Oregon,M,High School or Below,0,40778,86,0,Personal Auto,Four-Door Car,412
VI74176,Arizona,M,High School or Below,0,0,137,0,Personal Auto,SUV,1532
BX24569,California,M,Bachelor,0,0,102,0,Personal Auto,SUV,660
DR32525,Arizona,M,College,0,0,96,0,Personal Auto,Four-Door Car,460
CP76842,Nevada,F,College,0,95438,83,0,Corporate Auto,Two-Door Car,99
IH20118,Oregon,M,High School or Below,0,12430,73,0,Personal Auto,Four-Door Car,350
DA20472,California,M,High School or Below,0,95697,107,0,Personal Auto,Sports Car,178
DN67273,Oregon,F,High School or Below,0,0,74,0,Personal Auto,Two-Door Car,532
ZZ20738,California,F,High School or Below,0,28108,114,0,Personal Auto,Sports Car,547
AS18084,California,F,College,0,25370,102,0,Personal Auto,Sports Car,489
FY21364,California,M,Bachelor,0,0,105,0,Corporate Auto,SUV,756
LL73047,California,F,High School or Below,0,28672,71,0,Personal Auto,Four-Door Car,340
CG15505,California,F,Master,0,22705,239,0,Personal Auto,Luxury SUV,1294
ZZ22047,Washington,M,Bachelor,0,67798,69,0,Corporate Auto,Four-Door Car,331
NG56399,Arizona,M,High School or Below,0,61367,70,0,Personal Auto,Two-Door Car,498
MD45928,Arizona,F,High School or Below,0,59207,116,0,Personal Auto,Four-Door Car,556
OV29928,Washington,F,College,0,67423,65,0,Corporate Auto,Four-Door Car,293
OR28030,California,M,Bachelor,0,35095,73,0,Corporate Auto,Two-Door Car,525
LO48748,Oregon,F,Master,0,26380,96,0,Personal Auto,Four-Door Car,177
FX95323,Oregon,M,College,0,88731,66,0,Personal Auto,Four-Door Car,148
AG85127,Oregon,M,Bachelor,0,61409,68,0,Special Auto,Four-Door Car,264
JN33628,California,M,Bachelor,0,0,167,0,Personal Auto,SUV,1985
QU69375,Nevada,M,High School or Below,0,0,79,0,Corporate Auto,Two-Door Car,407
FM37864,California,F,Bachelor,0,74931,89,0,Personal Auto,Two-Door Car,230
IL23615,Oregon,M,College,0,74770,86,0,Personal Auto,Four-Door Car,412
FZ44411,Arizona,M,Bachelor,0,0,95,0,Corporate Auto,Four-Door Car,619
JE32215,California,F,Bachelor,0,44299,107,0,Personal Auto,Two-Door Car,180
FQ88964,Arizona,M,College,0,0,71,0,Personal Auto,Two-Door Car,390
WW22291,California,M,Master,0,63326,72,0,Personal Auto,Four-Door Car,361
EV39637,Oregon,F,High School or Below,0,0,73,0,Personal Auto,Four-Door Car,794
TG36139,California,F,High School or Below,0,21720,128,0,Corporate Auto,SUV,837
XN25550,Oregon,M,College,0,55571,135,0,Personal Auto,SUV,904
NG94966,California,M,College,0,34759,61,0,Personal Auto,Four-Door Car,302
AD28349,Arizona,M,High School or Below,0,0,68,0,Personal Auto,Four-Door Car,352
VZ56705,Oregon,M,Bachelor,0,38638,74,0,Personal Auto,Four-Door Car,355
TQ82322,California,F,Bachelor,0,80927,62,0,Personal Auto,Two-Door Car,211
CB77819,California,M,High School or Below,0,0,65,0,Personal Auto,Two-Door Car,585
VG68427,Arizona,M,High School or Below,0,81914,70,0,Corporate Auto,Four-Door Car,198
WO42164,Oregon,M,High School or Below,0,0,92,0,Personal Auto,Four-Door Car,662
NL87371,Oregon,M,Bachelor,0,0,72,0,Personal Auto,Two-Door Car,345
QW24080,Oregon,F,College,0,0,74,0,Personal Auto,Four-Door Car,369
ZL53118,Arizona,M,High School or Below,0,0,69,0,Personal Auto,Four-Door Car,757
GT19025,Oregon,F,Bachelor,0,25407,98,0,Personal Auto,Four-Door Car,284
VN44400,California,F,College,0,86073,70,0,Personal Auto,Two-Door Car,291
JF45126,Nevada,M,Bachelor,0,23818,104,0,Personal Auto,SUV,499
SW94040,Oregon,F,College,0,21326,99,0,Personal Auto,Four-Door Car,632
XI36396,California,M,Bachelor,0,18486,86,0,Personal Auto,Four-Door Car,412
CL38926,Oregon,M,Bachelor,0,10458,102,0,Corporate Auto,SUV,489
CU10179,California,F,College,0,82528,131,0,Personal Auto,Sports Car,258
BK57087,California,F,College,0,38223,112,0,Personal Auto,SUV,537
LF94282,Nevada,M,Bachelor,0,63438,72,0,Personal Auto,Two-Door Car,36
BO46265,Oregon,M,College,0,13432,92,0,Personal Auto,Four-Door Car,610
VJ45879,California,M,Bachelor,0,26848,114,0,Personal Auto,Two-Door Car,100
FR12423,Oregon,M,Bachelor,0,14072,71,0,Personal Auto,Four-Door Car,511
IY87065,California,F,Bachelor,0,28909,66,0,Corporate Auto,Two-Door Car,456
LR49944,Nevada,F,Doctor,0,35159,68,0,Personal Auto,Two-Door Car,150
LU40443,Oregon,M,Master,0,64255,70,0,Personal Auto,Four-Door Car,193
HN54181,California,F,College,0,0,84,0,Personal Auto,Four-Door Car,604
GC52187,Nevada,F,College,0,88842,90,0,Personal Auto,Two-Door Car,350
FH22095,California,M,College,0,39377,64,0,Corporate Auto,Two-Door Car,307
KY55245,California,M,High School or Below,0,12430,73,0,Personal Auto,Four-Door Car,350
ST43920,Arizona,F,Doctor,0,21986,63,0,Personal Auto,Two-Door Car,333
GG84614,Oregon,F,High School or Below,0,27435,76,0,Personal Auto,Two-Door Car,455
JW94491,California,M,College,0,25251,66,0,Personal Auto,Four-Door Car,316
EW51866,Arizona,F,College,0,29881,85,0,Personal Auto,Four-Door Car,17
KU13616,California,F,Bachelor,0,11885,101,0,Personal Auto,Four-Door Car,484
CB15842,California,M,High School or Below,0,40420,104,0,Special Auto,SUV,499
RN66968,California,M,High School or Below,0,74837,66,0,Personal Auto,Four-Door Car,376
IQ30108,Oregon,M,High School or Below,0,67591,77,0,Special Auto,Four-Door Car,198
VB23257,Oregon,M,Bachelor,0,47590,119,0,Special Auto,SUV,121
CV13878,California,F,High School or Below,0,75474,62,0,Personal Auto,Two-Door Car,297
FD14790,Oregon,M,Bachelor,0,57177,92,0,Personal Auto,Four-Door Car,441
VZ61940,Nevada,F,Doctor,0,52344,66,0,Personal Auto,Four-Door Car,182
PX66705,California,F,High School or Below,0,20072,70,0,Personal Auto,Four-Door Car,487
XG66314,California,M,College,0,33604,105,0,Personal Auto,SUV,357
ZM40672,Oregon,F,Master,0,0,61,0,Corporate Auto,Two-Door Car,292
VF21523,Nevada,F,High School or Below,0,37741,74,0,Corporate Auto,Two-Door Car,355
OM50417,Arizona,F,Bachelor,0,48471,83,0,Personal Auto,Four-Door Car,208
SO54368,Oregon,M,College,0,58089,118,0,Personal Auto,SUV,566
XZ62430,Arizona,M,Bachelor,0,27681,83,0,Personal Auto,Two-Door Car,398
RZ51338,Arizona,M,Bachelor,0,28992,74,0,Personal Auto,Four-Door Car,355
NV13794,Nevada,F,High School or Below,0,55986,119,0,Personal Auto,SUV,388
JB23570,California,M,College,0,94042,132,0,Corporate Auto,SUV,633
MH24522,California,M,College,0,0,101,0,Personal Auto,Sports Car,563
TD78032,Washington,M,High School or Below,0,0,67,0,Corporate Auto,Four-Door Car,482
WW41496,Nevada,F,Bachelor,0,70164,88,0,Personal Auto,Two-Door Car,375
IF32545,Nevada,F,Master,0,22886,65,0,Corporate Auto,Four-Door Car,312
HF72557,Washington,M,Bachelor,0,19948,89,0,Personal Auto,Four-Door Car,427
MD41042,Arizona,F,College,0,39293,74,0,Personal Auto,Two-Door Car,352
UP31333,Washington,M,College,0,28432,118,0,Corporate Auto,SUV,612
UC35517,Oregon,M,College,0,0,70,0,Corporate Auto,Four-Door Car,504
HS89788,Arizona,F,High School or Below,0,0,107,0,Personal Auto,Sports Car,1166
SG82836,Oregon,M,High School or Below,0,47412,81,0,Personal Auto,Two-Door Car,421
VM50666,California,M,Doctor,0,0,65,0,Special Auto,Four-Door Car,312
MD70513,Washington,M,College,0,68351,107,0,Personal Auto,SUV,725
YX96463,Oregon,F,Bachelor,0,58733,74,0,Corporate Auto,Four-Door Car,355
LH38387,Nevada,F,Bachelor,0,58187,95,0,Personal Auto,Two-Door Car,76
BY59578,California,M,College,0,63189,88,0,Personal Auto,Four-Door Car,569
RN12107,Oregon,F,High School or Below,0,0,254,0,Corporate Auto,Luxury Car,1828
MZ84108,Arizona,M,Bachelor,0,44006,130,0,Personal Auto,Sports Car,494
JG68387,Nevada,F,Bachelor,0,60932,101,0,Corporate Auto,SUV,484
AQ94108,Oregon,F,College,0,56704,71,0,Corporate Auto,Four-Door Car,84
NE85389,Oregon,F,High School or Below,0,0,74,0,Personal Auto,Four-Door Car,355
JQ35849,California,M,High School or Below,0,24254,68,0,Personal Auto,Four-Door Car,326
QU93024,California,M,Bachelor,0,0,128,0,Personal Auto,SUV,1345
EQ90867,Oregon,M,College,0,57125,68,0,Corporate Auto,Four-Door Car,326
PG67485,Nevada,M,High School or Below,0,0,119,0,Personal Auto,Sports Car,571
OX62244,California,M,Bachelor,0,0,64,0,Personal Auto,Four-Door Car,307
MW98508,Oregon,F,College,0,72075,73,0,Special Auto,Four-Door Car,22
MM50888,Arizona,F,High School or Below,0,34317,78,0,Personal Auto,Two-Door Car,263
QZ19741,Oregon,F,College,0,96745,179,0,Personal Auto,SUV,859
ET10831,Oregon,M,College,0,95427,65,0,Personal Auto,Four-Door Car,442
OL72669,Arizona,M,Bachelor,0,0,146,0,Corporate Auto,SUV,1404
BM46418,Nevada,M,College,0,30606,71,0,Personal Auto,Two-Door Car,253
VD78722,Oregon,M,College,0,37876,69,0,Personal Auto,Four-Door Car,300
FL69981,California,F,Bachelor,0,0,110,0,Personal Auto,SUV,528
EG10175,California,F,Master,0,57474,97,0,Personal Auto,Two-Door Car,280
WS60888,California,M,Bachelor,0,22828,106,0,Personal Auto,SUV,508
LM58227,Oregon,F,High School or Below,0,65096,67,0,Personal Auto,Four-Door Car,321
IK49861,Oregon,M,Bachelor,0,0,88,0,Personal Auto,Two-Door Car,87
RM87465,Arizona,M,High School or Below,0,51066,74,0,Personal Auto,Four-Door Car,787
BY75330,California,M,Bachelor,0,96866,113,0,Personal Auto,SUV,377
CF41619,Nevada,M,College,0,20934,61,0,Personal Auto,Four-Door Car,292
ZZ54454,Nevada,M,Master,0,32510,119,0,Personal Auto,Two-Door Car,571
CU84967,California,F,High School or Below,0,58577,110,0,Personal Auto,SUV,303
UR56056,Oregon,M,Bachelor,0,73268,137,0,Personal Auto,SUV,41
VN30344,California,M,College,0,0,80,0,Personal Auto,Four-Door Car,576
YE67531,Oregon,M,High School or Below,0,19683,117,0,Personal Auto,Sports Car,561
EW67348,Nevada,F,College,0,38713,66,0,Personal Auto,Four-Door Car,316
PD69398,Washington,M,College,0,62370,94,0,Corporate Auto,Four-Door Car,32
YT43943,California,F,High School or Below,0,28476,62,0,Personal Auto,Four-Door Car,297
ON74557,California,M,Bachelor,0,74915,122,0,Personal Auto,SUV,393
JL52508,Oregon,M,Doctor,0,57709,125,0,Personal Auto,SUV,600
UI62725,Oregon,M,Bachelor,0,94676,69,0,Corporate Auto,Four-Door Car,331
LO75919,Arizona,M,Bachelor,0,43543,76,0,Personal Auto,Two-Door Car,339
SM62247,Nevada,F,High School or Below,0,68297,212,0,Corporate Auto,Luxury Car,1272
AF20716,Oregon,M,Bachelor,0,74241,61,0,Personal Auto,Two-Door Car,138
LQ22609,Arizona,F,College,0,61385,86,0,Personal Auto,Four-Door Car,199
ZP80265,Oregon,M,Bachelor,0,0,62,0,Personal Auto,Two-Door Car,446
BO87401,Nevada,F,College,0,0,118,0,Personal Auto,SUV,566
SX20211,Oregon,M,College,0,52548,101,0,Personal Auto,Four-Door Car,587
EK61334,California,F,Bachelor,0,0,95,0,Personal Auto,Four-Door Car,429
QJ49871,Oregon,M,College,0,26605,100,0,Personal Auto,SUV,933
OO65445,Oregon,F,Bachelor,0,0,67,0,Personal Auto,Four-Door Car,181
WP55297,Washington,M,Bachelor,0,0,70,0,Personal Auto,Four-Door Car,754
WY12393,Washington,F,High School or Below,0,82667,64,0,Special Auto,Two-Door Car,307
JF32940,Oregon,F,Bachelor,0,31789,130,0,Personal Auto,SUV,316
WX84274,Oregon,F,Bachelor,0,0,71,0,Corporate Auto,Four-Door Car,551
CW85845,California,F,High School or Below,0,25151,69,0,Corporate Auto,Four-Door Car,318
IO57824,Arizona,M,Bachelor,0,0,87,0,Personal Auto,Four-Door Car,414
AX86552,California,M,College,0,24053,87,0,Personal Auto,Four-Door Car,624
LM84078,Oregon,M,College,0,0,117,0,Personal Auto,SUV,1373
GG87344,Oregon,F,College,0,55407,101,0,Personal Auto,SUV,275
LA35379,Oregon,F,Master,0,62461,73,0,Personal Auto,Four-Door Car,129
EZ43738,California,F,Bachelor,0,29406,68,0,Personal Auto,Four-Door Car,326
DF49110,Oregon,M,Doctor,0,89420,67,0,Personal Auto,Four-Door Car,212
IL32727,California,F,High School or Below,0,0,121,0,Personal Auto,SUV,644
QV55524,Washington,M,College,0,52464,95,0,Personal Auto,Four-Door Car,515
EB55390,Oregon,F,Master,0,43731,64,0,Special Auto,Four-Door Car,162
KB54415,Arizona,M,High School or Below,0,13449,68,0,Personal Auto,Four-Door Car,326
PG14554,Arizona,M,Bachelor,0,0,115,0,Personal Auto,SUV,552
QI63521,Nevada,M,High School or Below,0,0,187,0,Personal Auto,Luxury SUV,897
DC85335,Oregon,M,College,0,49821,61,0,Personal Auto,Four-Door Car,333
SR26762,California,F,Bachelor,0,34837,63,0,Personal Auto,Four-Door Car,72
UH86550,Oregon,F,College,0,44222,104,0,Personal Auto,Four-Door Car,413
ON72594,California,F,Master,0,58881,97,0,Personal Auto,Four-Door Car,354
LE28486,Oregon,F,College,0,46210,100,0,Personal Auto,SUV,46
EJ86526,Oregon,F,Bachelor,0,49480,70,0,Corporate Auto,Four-Door Car,72
DQ92905,Arizona,M,Bachelor,0,0,65,0,Personal Auto,Four-Door Car,312
JL25091,California,M,Bachelor,0,79284,117,0,Special Auto,Four-Door Car,156
HP42153,Washington,F,High School or Below,0,12928,64,0,Personal Auto,Four-Door Car,307
OQ27893,Oregon,M,High School or Below,0,20510,74,0,Personal Auto,Two-Door Car,355
PB31909,California,M,College,0,0,115,0,Corporate Auto,Four-Door Car,828
AL43715,Nevada,M,Master,0,67541,104,0,Personal Auto,Four-Door Car,203
YA70612,Oregon,M,Bachelor,0,97924,74,0,Personal Auto,Two-Door Car,355
LO37570,Arizona,M,High School or Below,0,40432,77,0,Personal Auto,Four-Door Car,369
XC83045,Nevada,M,Bachelor,0,16869,222,0,Personal Auto,Luxury SUV,1065
NC47038,Arizona,M,High School or Below,0,91171,110,0,Personal Auto,SUV,771
DS31990,Oregon,M,High School or Below,0,0,71,0,Personal Auto,Two-Door Car,150
CR99369,Arizona,M,High School or Below,0,34528,69,0,Corporate Auto,Four-Door Car,183
RE68901,Washington,F,College,0,20303,71,0,Corporate Auto,Four-Door Car,340
VQ97965,Oregon,F,Bachelor,0,73643,89,0,Corporate Auto,Four-Door Car,147
ZK83518,California,M,College,0,10621,67,0,Personal Auto,Four-Door Car,321
EJ77557,California,M,High School or Below,0,76407,91,0,Personal Auto,Four-Door Car,436
QJ62033,Arizona,M,High School or Below,0,0,71,0,Personal Auto,Four-Door Car,511
OH23652,Oregon,F,Bachelor,0,26607,122,0,Personal Auto,SUV,585
NE51159,Oregon,M,College,0,61783,94,0,Personal Auto,Four-Door Car,658
GU56606,Nevada,M,Bachelor,0,20283,77,0,Personal Auto,Two-Door Car,369
HR28499,California,M,Bachelor,0,43578,98,0,Personal Auto,Two-Door Car,105
VK92827,California,M,Bachelor,0,93606,67,0,Personal Auto,Four-Door Car,321
DZ85842,California,M,High School or Below,0,17920,72,0,Personal Auto,Four-Door Car,424
HX87528,California,M,College,0,51800,92,0,Personal Auto,Four-Door Car,299
FJ57446,Oregon,F,College,0,27694,108,0,Personal Auto,SUV,741
GU91528,Oregon,F,High School or Below,0,11904,61,0,Personal Auto,Two-Door Car,292
LR92373,Nevada,F,Bachelor,0,53444,72,0,Personal Auto,Four-Door Car,315
LC90366,Nevada,M,Bachelor,0,22828,106,0,Personal Auto,SUV,508
UI36597,Oregon,M,Bachelor,0,50719,131,0,Personal Auto,SUV,870
MD33155,California,M,College,0,46900,66,0,Corporate Auto,Four-Door Car,316
MB20764,Oregon,M,High School or Below,0,0,252,0,Corporate Auto,Luxury SUV,1814
JA76884,California,M,Master,0,60880,119,0,Personal Auto,Two-Door Car,109
BQ32117,California,M,Doctor,0,40870,105,0,Personal Auto,SUV,504
ZM45168,Oregon,M,College,0,14321,65,0,Personal Auto,Four-Door Car,423
BE25221,Arizona,M,High School or Below,0,20072,82,0,Corporate Auto,Four-Door Car,473
II92123,Oregon,M,High School or Below,0,77365,79,0,Personal Auto,Two-Door Car,2
PN35535,California,F,College,0,98475,115,0,Personal Auto,SUV,552
EI17022,Washington,M,Bachelor,0,14973,115,0,Corporate Auto,SUV,828
OH41318,Washington,M,Master,0,83385,131,0,Personal Auto,SUV,704
ER52041,California,M,College,0,0,90,0,Personal Auto,Four-Door Car,659
PY57181,Oregon,M,College,0,0,86,0,Personal Auto,Four-Door Car,412
CY12922,Arizona,M,College,0,0,73,0,Personal Auto,Four-Door Car,525
YV85096,Oregon,F,Bachelor,0,98110,65,0,Corporate Auto,Four-Door Car,176
DG34434,California,F,Bachelor,0,28909,66,0,Corporate Auto,Two-Door Car,456
DL14445,California,F,College,0,0,96,0,Personal Auto,Four-Door Car,949
QL80621,Oregon,F,Bachelor,0,0,62,0,Personal Auto,Four-Door Car,297
NY57065,California,M,Bachelor,0,42937,71,0,Corporate Auto,Two-Door Car,251
EO17010,California,M,Master,0,30887,119,0,Personal Auto,SUV,444
LC47479,Oregon,M,College,0,35442,239,0,Personal Auto,Luxury Car,1147
GB92679,Nevada,F,High School or Below,0,95139,103,0,Personal Auto,Four-Door Car,34
VQ78876,Oregon,F,Bachelor,0,89834,116,0,Corporate Auto,SUV,43
YQ24856,California,M,Bachelor,0,0,66,0,Corporate Auto,Two-Door Car,478
XV11038,California,F,College,0,18814,122,0,Personal Auto,Sports Car,585
MG88768,California,M,College,0,82733,62,0,Corporate Auto,Four-Door Car,72
RN36393,California,F,High School or Below,0,28513,100,0,Personal Auto,SUV,480
BU59722,Washington,M,High School or Below,0,0,68,0,Personal Auto,Four-Door Car,326
JD86991,Oregon,M,Bachelor,0,67233,63,0,Personal Auto,Two-Door Car,246
QM60216,Oregon,M,College,0,58718,226,0,Personal Auto,Luxury Car,1084
NJ43658,California,M,Master,0,21724,198,0,Corporate Auto,Luxury SUV,1505
GL34504,California,F,High School or Below,0,65103,115,0,Personal Auto,Four-Door Car,552
YX51934,California,F,High School or Below,0,55071,61,0,Personal Auto,Four-Door Car,231
FO83170,California,M,Doctor,0,85817,72,0,Personal Auto,Four-Door Car,154
JW33458,California,F,Master,0,92254,70,0,Corporate Auto,Four-Door Car,245
JP10227,California,M,College,0,88340,102,0,Corporate Auto,Two-Door Car,489
HX90683,California,F,College,0,63860,62,0,Personal Auto,Four-Door Car,208
UC19334,California,F,High School or Below,0,26411,126,0,Corporate Auto,SUV,604
ED61615,California,M,High School or Below,0,26189,69,0,Personal Auto,Four-Door Car,331
CB78049,California,M,College,0,66114,92,0,Personal Auto,Four-Door Car,178
OS70004,California,M,College,0,49561,193,0,Personal Auto,SUV,926
SM67119,California,F,College,0,16139,62,0,Personal Auto,Four-Door Car,297
RO77709,California,M,High School or Below,0,63775,100,0,Corporate Auto,SUV,462
QT27514,California,F,Bachelor,0,25134,67,0,Personal Auto,Four-Door Car,321
ZT53375,California,M,Bachelor,0,87777,68,0,Personal Auto,Two-Door Car,257
LB35863,California,F,Bachelor,0,0,103,0,Personal Auto,SUV,494
JL95389,California,F,Bachelor,0,62922,194,0,Corporate Auto,Luxury Car,1121
MF30956,California,M,College,0,83761,112,0,Corporate Auto,SUV,270
FD36230,California,F,High School or Below,0,50801,72,0,Personal Auto,Four-Door Car,43
OE75629,California,M,College,0,48675,71,0,Corporate Auto,Four-Door Car,340
VV97308,California,M,High School or Below,0,55916,63,0,Personal Auto,Four-Door Car,302
LU17507,California,F,Bachelor,0,0,180,0,Personal Auto,Luxury SUV,864
TW11115,California,F,High School or Below,0,30064,65,0,Personal Auto,Two-Door Car,296
ND42562,California,M,High School or Below,0,0,127,0,Personal Auto,Sports Car,1176
FZ29605,California,M,College,0,0,67,0,Corporate Auto,Four-Door Car,482
SC30127,California,F,Doctor,0,12081,82,0,Personal Auto,Two-Door Car,548
HI26883,California,M,Bachelor,0,0,95,0,Personal Auto,Two-Door Car,684
EW15755,California,F,Master,0,62326,122,0,Personal Auto,SUV,96
GH48839,California,M,College,0,25251,66,0,Corporate Auto,Four-Door Car,316
IX46908,California,F,College,0,21289,71,0,Corporate Auto,Four-Door Car,340
OO89057,California,F,Master,0,54054,99,0,Personal Auto,Four-Door Car,5
LX95134,California,F,College,0,84814,90,0,Corporate Auto,Four-Door Car,512
CX89767,California,F,High School or Below,0,46097,61,0,Personal Auto,Four-Door Car,197
DI45039,California,F,College,0,58705,69,0,Personal Auto,Two-Door Car,48
AI14767,California,F,High School or Below,0,37455,114,0,Personal Auto,SUV,547
OJ38536,California,F,Doctor,0,62010,112,0,Personal Auto,SUV,537
TI90592,California,M,College,0,61568,93,0,Corporate Auto,Four-Door Car,240
UN63889,California,M,Bachelor,0,90443,66,0,Personal Auto,Two-Door Car,235
FZ94690,California,M,High School or Below,0,24743,84,0,Personal Auto,Four-Door Car,1008
TL60066,California,F,High School or Below,0,22283,65,0,Personal Auto,Four-Door Car,572
OL61964,California,M,Bachelor,0,74627,65,0,Corporate Auto,Four-Door Car,176
DN77617,California,F,College,0,47306,74,0,Corporate Auto,Four-Door Car,97
BV12771,California,M,College,0,0,112,0,Personal Auto,SUV,537
NA14154,California,M,Bachelor,0,59292,64,0,Corporate Auto,Two-Door Car,218
ZO54248,California,F,High School or Below,0,23970,77,0,Personal Auto,Four-Door Car,43
CW13886,California,M,College,0,48428,72,0,Personal Auto,Four-Door Car,223
TT63451,California,F,High School or Below,0,44342,74,0,Personal Auto,Four-Door Car,355
OW54561,California,M,College,0,0,103,0,Personal Auto,Sports Car,741
EE34821,California,F,Bachelor,0,0,74,0,Corporate Auto,Two-Door Car,355
ZB85648,California,F,College,0,67117,85,0,Personal Auto,Two-Door Car,329
IE57921,California,F,Bachelor,0,13037,124,0,Personal Auto,SUV,839
OY47486,California,M,College,0,71960,67,0,Personal Auto,Two-Door Car,151
LV51815,California,F,High School or Below,0,73137,74,0,Corporate Auto,Four-Door Car,227
VU99672,California,M,College,0,0,96,0,Corporate Auto,Four-Door Car,446
SN69015,California,M,College,0,23797,81,0,Personal Auto,Four-Door Car,388
UO54843,California,M,Bachelor,0,70286,67,0,Corporate Auto,Four-Door Car,130
ES34753,California,F,Master,0,12904,132,0,Personal Auto,SUV,633
KE91683,California,F,High School or Below,0,42045,103,0,Personal Auto,SUV,40
YU23754,California,F,Master,0,24948,65,0,Personal Auto,Four-Door Car,280
AS77287,California,M,College,0,25452,107,0,Personal Auto,Sports Car,954
PD36660,California,F,High School or Below,0,95850,109,0,Corporate Auto,Sports Car,328
BQ20851,California,M,Master,0,73556,104,0,Personal Auto,SUV,497
PW91494,California,F,High School or Below,0,0,64,0,Personal Auto,Two-Door Car,307
NZ83890,California,F,High School or Below,0,0,69,0,Personal Auto,Two-Door Car,93
QV24282,California,F,Bachelor,0,43879,69,0,Corporate Auto,Four-Door Car,242
YF67162,California,F,High School or Below,0,23941,61,0,Corporate Auto,Four-Door Car,292
YE20366,California,M,Bachelor,0,14390,65,0,Personal Auto,Four-Door Car,402
PN77420,California,M,College,0,30039,70,0,Corporate Auto,Four-Door Car,498
CF26207,California,M,College,0,26806,63,0,Personal Auto,Four-Door Car,302
WH24638,California,F,College,0,24450,90,0,Personal Auto,Four-Door Car,250
YQ16427,California,F,High School or Below,0,0,64,0,Personal Auto,Four-Door Car,360
AZ90068,California,M,College,0,89219,73,0,Personal Auto,Four-Door Car,350
PL59209,California,F,College,0,0,73,0,Corporate Auto,Four-Door Car,525
VK93542,California,M,High School or Below,0,0,109,0,Personal Auto,SUV,784
NE70589,California,M,College,0,29504,117,0,Personal Auto,SUV,809
AT52647,California,F,High School or Below,0,0,113,0,Personal Auto,SUV,1305
CW38361,California,M,Bachelor,0,61706,110,0,Corporate Auto,SUV,223
BZ92811,California,F,High School or Below,0,88122,148,0,Corporate Auto,SUV,840
ON68006,California,F,Bachelor,0,26129,70,0,Personal Auto,Four-Door Car,419
VG58889,California,F,Bachelor,0,22350,66,0,Corporate Auto,Two-Door Car,316
MI42935,California,F,Bachelor,0,0,83,0,Personal Auto,Four-Door Car,597
OS21957,California,F,High School or Below,0,26201,112,0,Personal Auto,SUV,168
JG21385,California,M,Bachelor,0,0,84,0,Personal Auto,Four-Door Car,604
CT62892,California,F,Bachelor,0,0,107,0,Personal Auto,SUV,513
IE97795,California,M,High School or Below,0,39020,87,0,Corporate Auto,Four-Door Car,485
DM59629,California,F,Bachelor,0,47606,81,0,Personal Auto,Two-Door Car,388
SH48087,California,F,College,0,27231,88,0,Personal Auto,Four-Door Car,422
WG93963,California,F,College,0,39946,218,0,Personal Auto,Luxury SUV,1046
OQ88395,California,M,College,0,84300,111,0,Corporate Auto,SUV,202
XH46220,California,F,College,0,41479,94,0,Corporate Auto,Two-Door Car,19
BK61065,California,M,Master,0,56005,68,0,Personal Auto,Four-Door Car,326
UD87700,California,M,High School or Below,0,0,108,0,Corporate Auto,SUV,1260
CO19402,California,F,Bachelor,0,99617,109,0,Personal Auto,SUV,74
KJ29915,California,F,Bachelor,0,28909,66,0,Personal Auto,Two-Door Car,456
JX52708,California,M,Bachelor,0,25617,63,0,Personal Auto,Two-Door Car,302
OT42923,California,M,High School or Below,0,86788,70,0,Personal Auto,Four-Door Car,336
DL34364,California,M,High School or Below,0,28523,77,0,Corporate Auto,Four-Door Car,369
WX16610,California,F,Bachelor,0,38492,72,0,Personal Auto,Four-Door Car,207
NH76558,California,F,High School or Below,0,97657,71,0,Personal Auto,Two-Door Car,107
SQ14756,California,M,Master,0,49008,61,0,Personal Auto,Four-Door Car,292
EP64069,California,F,Bachelor,0,72264,64,0,Corporate Auto,Four-Door Car,272
IS63817,California,M,College,0,20396,76,0,Corporate Auto,Four-Door Car,364
UC83161,California,F,High School or Below,0,60234,152,0,Personal Auto,SUV,136
DL45122,California,M,Bachelor,0,75556,84,0,Corporate Auto,Four-Door Car,498
KB90953,California,F,Bachelor,0,98710,123,0,Personal Auto,Sports Car,587
EX72956,California,F,Bachelor,0,69461,64,0,Personal Auto,Two-Door Car,101
YN15016,California,M,High School or Below,0,0,68,0,Personal Auto,Four-Door Car,489
GW56797,California,M,High School or Below,0,0,87,0,Personal Auto,Four-Door Car,626
QR57842,California,F,College,0,73895,129,0,Corporate Auto,SUV,825
TB53616,California,M,High School or Below,0,20228,101,0,Personal Auto,SUV,523
JN10602,California,F,Master,0,81785,67,0,Personal Auto,Four-Door Car,321
VI94769,California,F,Bachelor,0,24910,63,0,Personal Auto,Four-Door Car,347
BQ60673,California,M,Bachelor,0,32946,66,0,Corporate Auto,Two-Door Car,316
JK68578,California,F,High School or Below,0,83868,189,0,Corporate Auto,Luxury Car,134
OI39449,California,F,College,0,0,107,0,Personal Auto,SUV,513
NJ29981,California,M,High School or Below,0,0,124,0,Corporate Auto,SUV,714
ZO16199,California,F,High School or Below,0,17099,69,0,Personal Auto,Four-Door Car,331
HB12866,California,F,High School or Below,0,0,206,0,Personal Auto,Luxury SUV,1483
DQ19344,California,M,College,0,33046,79,0,Personal Auto,Four-Door Car,181
GH35369,California,M,College,0,10621,67,0,Personal Auto,Four-Door Car,321
QR26617,California,M,Bachelor,0,21498,63,0,Corporate Auto,Four-Door Car,302
QZ34525,California,M,Bachelor,0,0,66,0,Personal Auto,Four-Door Car,439
IU62399,California,F,Bachelor,0,36889,74,0,Personal Auto,Four-Door Car,192
OH23893,California,F,Bachelor,0,69588,114,0,Personal Auto,SUV,173
ZX83542,California,M,Master,0,26585,69,0,Corporate Auto,Four-Door Car,308
CO16841,California,F,Bachelor,0,0,101,0,Corporate Auto,SUV,727
MV81355,California,M,High School or Below,0,99845,110,0,Personal Auto,SUV,528
HU22390,California,M,College,0,66429,136,0,Corporate Auto,Sports Car,57
YS74016,California,M,Bachelor,0,0,101,0,Personal Auto,SUV,960
PU33703,California,F,College,0,43721,61,0,Personal Auto,Four-Door Car,292
PJ59176,California,M,High School or Below,0,51209,109,0,Personal Auto,SUV,39
ML68781,California,F,College,0,84498,65,0,Personal Auto,Four-Door Car,255
JI93499,California,M,High School or Below,0,0,65,0,Corporate Auto,Four-Door Car,312
NY90858,California,M,College,0,59034,85,0,Personal Auto,Four-Door Car,378
IZ76711,California,F,Bachelor,0,0,135,0,Personal Auto,Sports Car,773
BT78461,California,F,College,0,96399,70,0,Personal Auto,Four-Door Car,307
PS68884,California,M,College,0,58089,118,0,Corporate Auto,SUV,566
EY71439,California,M,High School or Below,0,0,103,0,Corporate Auto,Sports Car,741
TO84268,California,M,Master,0,60964,113,0,Personal Auto,Four-Door Car,327
UH93563,California,M,College,0,42871,67,0,Corporate Auto,Four-Door Car,321
GD57363,California,M,College,0,38795,65,0,Personal Auto,Four-Door Car,98
LU36517,California,M,Bachelor,0,0,112,0,Personal Auto,Two-Door Car,806
DO93657,California,M,Master,0,57134,91,0,Personal Auto,Two-Door Car,436
EF41225,California,F,College,0,40711,121,0,Personal Auto,SUV,580
CY97519,California,M,College,0,26334,63,0,Corporate Auto,Two-Door Car,453
FO36473,California,F,Bachelor,0,31414,116,0,Personal Auto,SUV,556
OD66412,California,F,Doctor,0,74423,62,0,Personal Auto,Four-Door Car,50
IW54903,California,F,College,0,0,66,0,Personal Auto,Four-Door Car,316
RF64040,California,F,Bachelor,0,0,128,0,Corporate Auto,SUV,150
CB17191,California,F,High School or Below,0,30646,81,0,Corporate Auto,Four-Door Car,128
OI39301,California,F,High School or Below,0,0,118,0,Personal Auto,SUV,566
VY90611,California,F,Master,0,28264,63,0,Corporate Auto,Two-Door Car,364
KF96171,California,F,High School or Below,0,0,117,0,Personal Auto,Two-Door Car,842
IJ36435,California,F,College,0,0,79,0,Personal Auto,Four-Door Car,304
GX40957,California,F,College,0,70187,117,0,Personal Auto,Sports Car,632
RT36566,California,F,Bachelor,0,31006,67,0,Personal Auto,Four-Door Car,321
ML38237,California,F,High School or Below,0,0,119,0,Corporate Auto,SUV,571
RR74547,California,M,High School or Below,0,0,85,0,Personal Auto,Four-Door Car,612
PK26805,California,M,High School or Below,0,20371,71,0,Personal Auto,Four-Door Car,340
KS36311,California,F,College,0,39141,68,0,Personal Auto,Four-Door Car,402
ZZ69693,California,M,High School or Below,0,0,69,0,Corporate Auto,Four-Door Car,496
FS70572,California,M,College,0,76837,78,0,Corporate Auto,Four-Door Car,23
LN87823,California,F,High School or Below,0,0,61,0,Personal Auto,Four-Door Car,643
XL81489,California,F,Bachelor,0,0,197,0,Corporate Auto,Sports Car,1439
NQ32487,California,F,High School or Below,0,25147,101,0,Personal Auto,SUV,694
XF60649,California,F,Bachelor,0,0,106,0,Personal Auto,SUV,763
VA95584,California,M,Master,0,34665,64,0,Personal Auto,Two-Door Car,450
FN80010,California,F,Master,0,25404,112,0,Personal Auto,SUV,578
QX22025,California,F,High School or Below,0,37025,101,0,Corporate Auto,SUV,427
ZU63258,California,M,Bachelor,0,0,100,0,Personal Auto,SUV,480
IC74050,California,F,High School or Below,0,23939,160,0,Personal Auto,SUV,768
JX80723,California,M,College,0,76673,80,0,Personal Auto,Four-Door Car,56
CT50487,California,F,High School or Below,0,55274,71,0,Corporate Auto,Two-Door Car,484
VT16570,California,F,College,0,30324,86,0,Corporate Auto,Four-Door Car,143
YW94562,California,F,College,0,31702,63,0,Personal Auto,Four-Door Car,302
JG83075,California,F,College,0,0,95,0,Corporate Auto,Four-Door Car,684
SZ61563,California,M,Bachelor,0,70908,132,0,Personal Auto,SUV,521
JO60130,California,M,High School or Below,0,81082,73,0,Personal Auto,Four-Door Car,281
BG55927,California,F,College,0,17705,108,0,Personal Auto,Two-Door Car,668
BS53322,California,F,High School or Below,0,77738,118,0,Personal Auto,SUV,463
FZ13256,California,F,Bachelor,0,0,72,0,Corporate Auto,Four-Door Car,366
CM38959,California,F,College,0,70311,66,0,Personal Auto,Two-Door Car,341
FS38926,California,F,Bachelor,0,66022,239,0,Personal Auto,Luxury Car,538
EN31802,California,M,High School or Below,0,74140,101,0,Personal Auto,SUV,484
TO18404,California,F,Bachelor,0,73604,88,0,Corporate Auto,Two-Door Car,398
VQ53427,California,M,College,0,21855,74,0,Corporate Auto,Four-Door Car,355
OT50011,California,F,Master,0,23305,68,0,Personal Auto,Four-Door Car,127
OO96627,California,M,High School or Below,0,0,98,0,Corporate Auto,Two-Door Car,958
BN77676,California,M,High School or Below,0,0,71,0,Personal Auto,Four-Door Car,511
JT64945,California,F,College,0,65024,67,0,Personal Auto,Four-Door Car,189
BO58202,California,F,Bachelor,0,22590,67,0,Personal Auto,Two-Door Car,85
UR71715,California,M,College,0,0,91,0,Personal Auto,Four-Door Car,436
GM84292,California,F,Master,0,38401,92,0,Corporate Auto,Four-Door Car,441
DW20514,California,M,College,0,25539,112,0,Personal Auto,SUV,585
WZ45123,California,M,Master,0,60880,119,0,Personal Auto,Two-Door Car,109
LW11571,California,M,Bachelor,0,87313,67,0,Personal Auto,Four-Door Car,321
TI48450,California,M,College,0,23916,68,0,Corporate Auto,Two-Door Car,481
CZ62883,California,F,Bachelor,0,34854,95,0,Corporate Auto,Four-Door Car,456
BY88565,California,F,College,0,48203,66,0,Personal Auto,Four-Door Car,413
EB61889,California,M,High School or Below,0,25322,126,0,Corporate Auto,Sports Car,886
GX22027,California,F,Bachelor,0,16656,63,0,Personal Auto,Two-Door Car,302
BN91755,California,F,Master,0,44723,124,0,Personal Auto,SUV,341
OZ89964,California,M,High School or Below,0,35979,116,0,Personal Auto,Sports Car,556
PV62467,California,F,College,0,36413,61,0,Personal Auto,Four-Door Car,153
QZ71100,California,M,Bachelor,0,0,196,0,Corporate Auto,Luxury Car,2092
UA63517,California,F,Doctor,0,0,112,0,Personal Auto,Sports Car,537
BD69478,California,M,College,0,51883,66,0,Personal Auto,Two-Door Car,623
GV41938,California,F,High School or Below,0,0,151,0,Personal Auto,SUV,1087
UA73107,California,M,Bachelor,0,18608,71,0,Corporate Auto,Four-Door Car,340
XU43725,California,F,College,0,0,127,0,Corporate Auto,SUV,677
MT78037,California,M,High School or Below,0,55964,69,0,Personal Auto,Four-Door Car,496
FH81263,California,M,High School or Below,0,85510,74,0,Corporate Auto,Four-Door Car,355
SZ94413,California,M,High School or Below,0,30706,84,0,Personal Auto,Four-Door Car,225
HI48554,California,F,High School or Below,0,29587,69,0,Personal Auto,Two-Door Car,331
YR30159,California,M,College,0,20309,181,0,Personal Auto,Luxury Car,1579
EV15014,California,M,Bachelor,0,0,71,0,Personal Auto,Four-Door Car,599
BM16805,California,F,College,0,12470,103,0,Corporate Auto,SUV,618
IB60476,California,M,Master,0,0,107,0,Personal Auto,Sports Car,513
YC63458,California,F,Bachelor,0,86498,74,0,Personal Auto,Two-Door Car,8
VS42598,California,F,Bachelor,0,62902,69,0,Personal Auto,Two-Door Car,159
BB65725,California,M,College,0,57293,102,0,Corporate Auto,Sports Car,347
UZ86963,California,F,High School or Below,0,0,129,0,Corporate Auto,Sports Car,928
RR39300,California,F,High School or Below,0,51255,122,0,Personal Auto,SUV,421
IU25994,California,M,College,0,0,125,0,Corporate Auto,SUV,626
IO81315,California,F,College,0,69241,61,0,Personal Auto,Four-Door Car,47
JC93010,California,M,Bachelor,0,25632,63,0,Personal Auto,Two-Door Car,351
XO56170,California,F,High School or Below,0,87428,72,0,Personal Auto,Four-Door Car,224
QS65968,California,M,Master,0,98796,104,0,Personal Auto,SUV,499
PT42203,California,M,College,0,78617,101,0,Corporate Auto,Four-Door Car,233
SX87181,California,F,Bachelor,0,0,65,0,Personal Auto,Two-Door Car,312
RE85409,California,M,High School or Below,0,93893,67,0,Personal Auto,Four-Door Car,98
YW95322,California,M,Bachelor,0,23629,88,0,Personal Auto,Four-Door Car,633
TL39187,California,M,Bachelor,0,0,91,0,Corporate Auto,Two-Door Car,655
XP41644,California,M,High School or Below,0,30574,114,0,Corporate Auto,Sports Car,396
FZ89300,California,F,Bachelor,0,69555,92,0,Personal Auto,Four-Door Car,255
ED80746,California,M,Bachelor,0,19634,98,0,Corporate Auto,Two-Door Car,470
BD35524,California,M,Bachelor,0,15776,69,0,Personal Auto,Two-Door Car,337
EW68125,California,F,Bachelor,0,46819,62,0,Personal Auto,Four-Door Car,157
TT86956,California,F,Master,0,47950,65,0,Personal Auto,Four-Door Car,301
KA67497,California,F,High School or Below,0,0,63,0,Personal Auto,Two-Door Car,302
TM68292,California,F,Master,0,12626,69,0,Personal Auto,Four-Door Car,331
SC23927,California,M,High School or Below,0,20993,133,0,Personal Auto,SUV,638
BO92934,California,M,High School or Below,0,24392,93,0,Personal Auto,Four-Door Car,446
XR82418,California,M,Bachelor,0,86305,62,0,Personal Auto,Four-Door Car,80
XS56253,California,M,Bachelor,0,0,110,0,Personal Auto,Sports Car,1011
UC34044,California,F,College,0,56701,65,0,Personal Auto,Four-Door Car,333
MU64306,California,M,College,0,57074,105,0,Personal Auto,SUV,80
UI33675,California,M,Bachelor,0,0,72,0,Personal Auto,Two-Door Car,345
UX24010,California,F,Bachelor,0,53614,65,0,Personal Auto,Four-Door Car,725
GC69429,California,M,Master,0,0,135,0,Personal Auto,SUV,648
XA27299,California,M,Bachelor,0,0,128,0,Personal Auto,SUV,789
MT39460,California,M,Master,0,76441,62,0,Personal Auto,Four-Door Car,294
NM33351,California,F,Bachelor,0,86134,98,0,Corporate Auto,Two-Door Car,3
IR29181,California,M,High School or Below,0,45262,117,0,Corporate Auto,Four-Door Car,842
TE79454,California,F,Bachelor,0,0,222,0,Personal Auto,Luxury Car,1123
US34108,California,F,Bachelor,0,27725,63,0,Personal Auto,Four-Door Car,302
LG45849,California,M,Doctor,0,27985,117,0,Personal Auto,Two-Door Car,561
FI25204,California,F,Master,0,29673,92,0,Corporate Auto,Two-Door Car,328
YM24620,California,M,Master,0,24790,113,0,Personal Auto,SUV,767
UG49494,California,F,High School or Below,0,57846,73,0,Personal Auto,Four-Door Car,481
VM77872,California,M,High School or Below,0,0,111,0,Corporate Auto,Four-Door Car,799
EY49684,California,F,Bachelor,0,0,61,0,Personal Auto,Four-Door Car,32
XB70333,California,M,High School or Below,0,10738,109,0,Personal Auto,Four-Door Car,852
BC75105,California,M,College,0,45587,81,0,Personal Auto,Four-Door Car,380
BR22486,California,F,College,0,82940,63,0,Personal Auto,Four-Door Car,332
JT27173,California,M,College,0,42633,101,0,Corporate Auto,SUV,285
AT31367,California,F,College,0,18577,86,0,Corporate Auto,Four-Door Car,412
EW17514,California,M,Master,0,60880,119,0,Personal Auto,Two-Door Car,109
QJ31447,California,M,Master,0,22582,61,0,Personal Auto,Four-Door Car,292
BC85847,California,F,Bachelor,0,0,64,0,Corporate Auto,Four-Door Car,585
FP53421,California,M,High School or Below,0,25944,70,0,Personal Auto,Four-Door Car,336
ZF54421,California,M,High School or Below,0,34498,83,0,Personal Auto,Two-Door Car,398
EG81847,California,F,High School or Below,0,31027,124,0,Personal Auto,SUV,597
SE21603,California,M,Bachelor,0,0,71,0,Corporate Auto,Four-Door Car,484
RA47157,California,M,High School or Below,0,45609,87,0,Corporate Auto,Two-Door Car,246
ZA45956,California,F,Master,0,16181,181,0,Personal Auto,SUV,1261
PB93081,California,M,High School or Below,0,41195,160,0,Corporate Auto,SUV,323
ZE49470,California,F,Master,0,76194,119,0,Personal Auto,SUV,388
QW72605,California,F,Bachelor,0,0,138,0,Personal Auto,SUV,666
MG53211,California,F,College,0,60097,82,0,Personal Auto,Four-Door Car,278
YB49540,California,F,College,0,95017,65,0,Personal Auto,Four-Door Car,324
FY77803,California,F,High School or Below,0,0,68,0,Corporate Auto,Four-Door Car,326
KX64629,California,F,College,0,0,64,0,Personal Auto,Four-Door Car,744
IN28584,California,F,Bachelor,0,83547,137,0,Personal Auto,SUV,75
FP66891,California,M,Bachelor,0,0,65,0,Personal Auto,Four-Door Car,319
TT97465,California,M,College,0,57561,62,0,Corporate Auto,Four-Door Car,298
AM88377,California,F,Bachelor,0,10180,65,0,Corporate Auto,Two-Door Car,455
JA47688,California,M,Master,0,40658,90,0,Personal Auto,Two-Door Car,502
GP87031,California,F,College,0,23554,86,0,Corporate Auto,Four-Door Car,412
ZV43350,California,F,Bachelor,0,0,119,0,Personal Auto,Four-Door Car,571
TG37259,California,M,Master,0,28989,85,0,Personal Auto,Four-Door Car,408
KM22467,California,M,Bachelor,0,55898,69,0,Personal Auto,Two-Door Car,441
JB32090,California,F,High School or Below,0,53441,76,0,Personal Auto,Two-Door Car,364
EY78874,California,M,Doctor,0,20848,71,0,Corporate Auto,Four-Door Car,350
ZT60177,California,F,High School or Below,0,0,108,0,Personal Auto,Sports Car,932
RV92809,California,M,College,0,22520,73,0,Personal Auto,Four-Door Car,350
VI69768,California,M,Bachelor,0,69781,119,0,Personal Auto,SUV,849
NP40205,California,M,Bachelor,0,99711,98,0,Corporate Auto,Four-Door Car,11
LZ56963,California,F,College,0,25785,112,0,Corporate Auto,SUV,537
CO56168,California,M,High School or Below,0,62638,100,0,Personal Auto,SUV,441
HJ64239,California,F,College,0,0,113,0,Corporate Auto,SUV,813
WX80471,California,M,High School or Below,0,56875,84,0,Personal Auto,Two-Door Car,145
EH51056,California,M,High School or Below,0,93102,68,0,Personal Auto,Two-Door Car,578
DK19711,California,M,College,0,25564,71,0,Personal Auto,Four-Door Car,228
ZJ71004,California,F,Bachelor,0,29918,62,0,Personal Auto,Four-Door Car,108
CE68841,California,F,Bachelor,0,95891,102,0,Corporate Auto,SUV,34
HX41374,California,M,High School or Below,0,72988,127,0,Personal Auto,SUV,276
QE13586,California,M,High School or Below,0,44368,80,0,Personal Auto,Two-Door Car,384
PA20570,California,M,Bachelor,0,84146,82,0,Personal Auto,Four-Door Car,464
MB91424,California,M,College,0,36259,63,0,Corporate Auto,Four-Door Car,302
QW98193,California,M,College,0,56480,101,0,Corporate Auto,SUV,617
TS53731,California,F,College,0,79674,107,0,Personal Auto,SUV,9
WK55963,California,M,College,0,61036,68,0,Corporate Auto,Two-Door Car,413
CE71123,California,F,Bachelor,0,33235,110,0,Personal Auto,SUV,113
KK38827,California,F,Master,0,29462,107,0,Personal Auto,SUV,513
YH81239,California,M,High School or Below,0,48131,82,0,Personal Auto,Four-Door Car,393
MD32702,California,F,Bachelor,0,0,109,0,Personal Auto,SUV,523
UK79109,California,M,College,0,37937,116,0,Corporate Auto,SUV,556
TV37646,California,F,College,0,70012,119,0,Personal Auto,SUV,755
QS35019,California,M,Master,0,60880,119,0,Personal Auto,Two-Door Car,109
RJ62038,California,M,High School or Below,0,0,82,0,Personal Auto,Four-Door Car,590
VX94337,California,M,High School or Below,0,59762,113,0,Corporate Auto,SUV,542
GM54723,California,M,Bachelor,0,0,65,0,Corporate Auto,Four-Door Car,413
ET39822,California,F,Bachelor,0,62902,69,0,Personal Auto,Two-Door Car,159
WA94988,California,F,Bachelor,0,57245,124,0,Corporate Auto,Sports Car,681
WZ23060,California,F,Bachelor,0,39040,174,0,Personal Auto,SUV,835
HK84372,California,M,High School or Below,0,0,70,0,Personal Auto,Four-Door Car,504
WG28563,California,F,Doctor,0,70914,68,0,Personal Auto,Four-Door Car,77
KE70943,California,F,College,0,97238,126,0,Personal Auto,SUV,604
LD76400,California,F,Bachelor,0,42522,132,0,Corporate Auto,SUV,909
DR54244,California,F,High School or Below,0,0,67,0,Personal Auto,Four-Door Car,321
FV63234,California,F,Bachelor,0,0,67,0,Personal Auto,Four-Door Car,321
IV60781,California,F,Doctor,0,37384,99,0,Personal Auto,Four-Door Car,475
AK59340,California,M,High School or Below,0,42360,71,0,Corporate Auto,Four-Door Car,99
NF78904,California,F,Bachelor,0,67871,61,0,Corporate Auto,Four-Door Car,10
IS55638,California,F,College,0,29932,64,0,Personal Auto,Two-Door Car,319
RD40721,California,M,High School or Below,0,0,78,0,Corporate Auto,Four-Door Car,748
ZF70768,California,M,High School or Below,0,82758,101,0,Personal Auto,Two-Door Car,179
FH68849,California,F,Bachelor,0,0,117,0,Personal Auto,SUV,842
ZO42514,California,F,Bachelor,0,96331,114,0,Personal Auto,Two-Door Car,491
FR66336,California,M,High School or Below,0,0,73,0,Personal Auto,Two-Door Car,496
MQ84363,California,M,Bachelor,0,58971,94,0,Corporate Auto,Four-Door Car,318
UC75204,California,F,High School or Below,0,0,186,0,Personal Auto,Luxury SUV,1339
WN56695,California,M,College,0,0,118,0,Personal Auto,Four-Door Car,566
MF59279,California,M,Bachelor,0,0,63,0,Personal Auto,Two-Door Car,302
US30122,California,M,College,0,0,198,0,Corporate Auto,Luxury Car,2275
IM15403,California,M,College,0,44980,81,0,Corporate Auto,Two-Door Car,333
IH18704,California,M,Master,0,23566,112,0,Personal Auto,SUV,537
FP27229,California,F,College,0,54603,86,0,Corporate Auto,Four-Door Car,412
ZA60820,California,M,High School or Below,0,0,67,0,Personal Auto,Two-Door Car,482
WT65970,California,F,High School or Below,0,0,99,0,Personal Auto,Four-Door Car,715
IX10511,California,M,College,0,0,117,0,Personal Auto,Sports Car,842
XB71208,California,F,College,0,96314,69,0,Personal Auto,Four-Door Car,296
QI99143,California,F,Bachelor,0,31168,78,0,Corporate Auto,Four-Door Car,289
XQ19310,California,F,High School or Below,0,0,71,0,Personal Auto,Two-Door Car,358
HK40573,California,M,College,0,52174,121,0,Personal Auto,SUV,403
NN65590,California,F,College,0,72335,69,0,Personal Auto,Four-Door Car,331
NG15940,California,M,High School or Below,0,0,62,0,Corporate Auto,Four-Door Car,552
UE96503,California,M,Doctor,0,0,73,0,Corporate Auto,Four-Door Car,350
AE90216,California,M,Bachelor,0,75644,65,0,Personal Auto,Two-Door Car,467
LJ20215,California,F,High School or Below,0,0,95,0,Corporate Auto,Four-Door Car,679
PF78020,California,M,College,0,20075,71,0,Personal Auto,Four-Door Car,371
IU71285,California,F,Bachelor,0,33786,89,0,Personal Auto,Two-Door Car,75
RM93459,California,M,College,0,0,73,0,Personal Auto,Two-Door Car,350
XV53963,California,M,High School or Below,0,96721,138,0,Personal Auto,SUV,662
ZK71157,California,F,Bachelor,0,40833,69,0,Corporate Auto,Four-Door Car,294
FS31523,California,F,High School or Below,0,0,122,0,Personal Auto,SUV,585
NH99355,California,M,High School or Below,0,0,62,0,Personal Auto,Four-Door Car,297
EZ11341,California,M,College,0,85210,68,0,Personal Auto,Two-Door Car,32
QE52050,California,F,Bachelor,0,0,76,0,Corporate Auto,Four-Door Car,364
YT92071,California,F,Master,0,44851,66,0,Corporate Auto,Four-Door Car,439
LO14234,California,M,High School or Below,0,0,174,0,Personal Auto,SUV,1724
HH49378,California,M,Master,0,69872,111,0,Corporate Auto,Sports Car,218
JY66887,California,F,High School or Below,0,0,247,0,Personal Auto,Luxury Car,1778
HZ39601,California,F,College,0,26708,122,0,Personal Auto,SUV,585
TV35668,California,F,College,0,17576,71,0,Personal Auto,Four-Door Car,398
BK83393,California,F,Bachelor,0,55475,116,0,Personal Auto,SUV,412
ZN98560,California,M,College,0,0,111,0,Corporate Auto,SUV,190
ZR81759,California,M,Master,0,35855,70,0,Personal Auto,Two-Door Car,278
SV46904,California,F,High School or Below,0,0,98,0,Personal Auto,Four-Door Car,1032
YN69214,California,M,Bachelor,0,0,73,0,Personal Auto,Four-Door Car,617
ZI69514,California,M,College,0,63391,64,0,Corporate Auto,Four-Door Car,119
NL33789,California,F,Bachelor,0,53093,103,0,Corporate Auto,SUV,98
LU53495,California,M,College,0,65412,73,0,Personal Auto,Four-Door Car,101
HN89408,California,M,College,0,0,107,0,Corporate Auto,Four-Door Car,770
PF71940,California,F,Bachelor,0,0,136,0,Personal Auto,SUV,979
VJ49806,California,M,College,0,0,61,0,Personal Auto,Two-Door Car,380
GY40926,California,M,College,0,37073,66,0,Personal Auto,Four-Door Car,316
II32272,California,F,High School or Below,0,19359,129,0,Personal Auto,Sports Car,928
NG68910,California,M,High School or Below,0,46814,113,0,Corporate Auto,SUV,542
XK43825,California,M,College,0,0,68,0,Personal Auto,Two-Door Car,326
LA29810,California,F,College,0,68332,79,0,Personal Auto,Four-Door Car,379
BU71528,California,M,College,0,17301,105,0,Personal Auto,Four-Door Car,638
OM73267,California,F,High School or Below,0,69545,65,0,Corporate Auto,Four-Door Car,312
IW72280,California,F,Doctor,0,37405,63,0,Corporate Auto,Four-Door Car,287
PH47195,California,M,Bachelor,0,74271,136,0,Personal Auto,Sports Car,174
KU85991,California,M,High School or Below,0,72421,65,0,Corporate Auto,Four-Door Car,312
LK49091,California,F,Bachelor,0,62650,92,0,Personal Auto,Four-Door Car,148
OK96130,California,M,High School or Below,0,37331,134,0,Personal Auto,SUV,898
MN83273,California,F,High School or Below,0,46587,119,0,Personal Auto,Four-Door Car,571
NY89701,California,F,Bachelor,0,25320,76,0,Personal Auto,Four-Door Car,269
FL30667,California,F,College,0,22094,79,0,Corporate Auto,Four-Door Car,460
AW27717,California,F,High School or Below,0,12503,92,0,Personal Auto,Four-Door Car,120
OL28568,California,M,Bachelor,0,69772,112,0,Personal Auto,Four-Door Car,537
EA52579,California,F,Bachelor,0,0,109,0,Personal Auto,SUV,523
WZ96432,California,F,Master,0,32370,115,0,Corporate Auto,SUV,552
HC90344,California,F,Bachelor,0,0,73,0,Corporate Auto,Four-Door Car,525
SG59507,California,F,College,0,38222,71,0,Personal Auto,Four-Door Car,166
HE85298,California,F,High School or Below,0,32272,110,0,Corporate Auto,SUV,6
CR83581,California,M,College,0,27816,118,0,Personal Auto,SUV,566
MB15338,California,M,College,0,62134,73,0,Personal Auto,Two-Door Car,25
YR10848,California,F,Bachelor,0,69379,103,0,Personal Auto,Two-Door Car,494
KA69047,California,M,Bachelor,0,68082,88,0,Personal Auto,Four-Door Car,39
XE72624,California,F,High School or Below,0,34653,64,0,Corporate Auto,Four-Door Car,307
UN77671,California,F,College,0,26906,92,0,Personal Auto,Two-Door Car,106
RN72721,California,F,High School or Below,0,20903,117,0,Personal Auto,SUV,561
LO94085,California,F,College,0,80580,81,0,Personal Auto,Two-Door Car,41
JR89623,California,F,High School or Below,0,76025,67,0,Corporate Auto,Four-Door Car,151
VF65535,California,F,College,0,64937,122,0,Corporate Auto,SUV,328
CF95802,California,M,College,0,0,114,0,Personal Auto,SUV,820
XX88364,California,M,Bachelor,0,97361,73,0,Corporate Auto,Four-Door Car,350
CK15380,California,F,High School or Below,0,20814,72,0,Personal Auto,Four-Door Car,288
HS97983,California,F,High School or Below,0,0,105,0,Personal Auto,Four-Door Car,1212
CC92362,California,M,Bachelor,0,18141,116,0,Personal Auto,Four-Door Car,722
JW21133,California,M,Bachelor,0,18820,95,0,Personal Auto,Two-Door Car,456
YP72749,California,F,Bachelor,0,44662,63,0,Corporate Auto,Four-Door Car,165
KW99972,California,F,High School or Below,0,40332,132,0,Personal Auto,Sports Car,463
NW62233,California,M,Master,0,66467,66,0,Personal Auto,Two-Door Car,294
HJ62427,California,F,College,0,90804,87,0,Personal Auto,Four-Door Car,169
TA31436,California,F,Bachelor,0,36737,102,0,Corporate Auto,Sports Car,512
ZK67670,California,F,Master,0,44207,99,0,Corporate Auto,Four-Door Car,407
QK82654,California,M,College,0,0,286,0,Personal Auto,Luxury SUV,2059
GY43856,California,F,College,0,75648,108,0,Corporate Auto,SUV,112
BA87216,California,M,College,0,50555,88,0,Personal Auto,Four-Door Car,422
OH83983,California,M,Doctor,0,31278,92,0,Personal Auto,Two-Door Car,441
ZU83252,California,F,Master,0,61897,72,0,Personal Auto,Four-Door Car,3
DN92191,California,M,Master,0,68717,70,0,Personal Auto,Four-Door Car,810
XR74007,California,F,Bachelor,0,62863,88,0,Corporate Auto,Four-Door Car,94
GB32334,California,F,College,0,24702,68,0,Personal Auto,Four-Door Car,214
QW59726,California,F,Master,0,87274,73,0,Personal Auto,Four-Door Car,350
XO43812,California,M,Master,0,56482,199,0,Personal Auto,Luxury SUV,955
UI75273,California,F,High School or Below,0,47727,94,0,Corporate Auto,Two-Door Car,451
MR76405,California,F,College,0,46530,80,0,Corporate Auto,Four-Door Car,118
VF65251,California,M,College,0,0,189,0,Personal Auto,Luxury SUV,1737
GH31245,California,F,High School or Below,0,73274,105,0,Corporate Auto,SUV,284
UW20734,California,F,College,0,82918,89,0,Personal Auto,Two-Door Car,29
KK61203,California,M,High School or Below,0,20920,103,0,Personal Auto,Four-Door Car,494
UQ54273,California,M,College,0,25251,66,0,Personal Auto,Four-Door Car,316
PV48046,California,M,Master,0,39722,133,0,Personal Auto,SUV,638
QW21219,California,F,High School or Below,0,0,63,0,Corporate Auto,Four-Door Car,685
PR80703,California,F,Bachelor,0,51335,71,0,Personal Auto,Four-Door Car,171
OI44122,California,M,Bachelor,0,45600,113,0,Personal Auto,SUV,617
YM44855,California,F,Master,0,52951,167,0,Personal Auto,SUV,289
CS35098,California,M,College,0,93920,84,0,Corporate Auto,Four-Door Car,213
VV57998,California,M,Bachelor,0,0,71,0,Corporate Auto,Four-Door Car,340
ZC17826,California,M,Bachelor,0,0,64,0,Personal Auto,Four-Door Car,307
WD85096,California,F,Master,0,27593,63,0,Corporate Auto,Two-Door Car,241
LZ57827,California,M,Bachelor,0,37695,118,0,Personal Auto,SUV,352
CV70978,California,M,Bachelor,0,97592,65,0,Personal Auto,Four-Door Car,312
GQ42004,California,M,College,0,0,74,0,Personal Auto,Four-Door Car,355
AV93209,California,F,High School or Below,0,31283,104,0,Personal Auto,Four-Door Car,499
BV27017,California,F,College,0,0,161,0,Corporate Auto,SUV,772
VU71619,California,M,Bachelor,0,96402,110,0,Personal Auto,SUV,379
FM12425,California,M,College,0,26488,247,0,Personal Auto,Luxury SUV,1321
DY27031,California,M,High School or Below,0,0,70,0,Personal Auto,Four-Door Car,432
UE75424,California,M,Doctor,0,75728,133,0,Corporate Auto,SUV,44
MU67498,California,F,College,0,0,66,0,Corporate Auto,Four-Door Car,316
IX32007,California,M,Bachelor,0,0,109,0,Personal Auto,SUV,1145
DF86803,California,M,High School or Below,0,0,73,0,Corporate Auto,Four-Door Car,525
JS10224,California,F,College,0,76726,65,0,Personal Auto,Four-Door Car,10
HA93483,California,F,Bachelor,0,11811,110,0,Personal Auto,Sports Car,808
WW80551,California,M,High School or Below,0,0,63,0,Personal Auto,Four-Door Car,453
WI89701,California,F,College,0,0,74,0,Personal Auto,Two-Door Car,432
JQ81164,California,F,College,0,26628,85,0,Corporate Auto,Two-Door Car,408
KA25468,California,M,Master,0,46177,61,0,Personal Auto,Four-Door Car,379
IW31117,California,M,Doctor,0,21142,71,0,Personal Auto,Two-Door Car,79
MI91352,California,M,Bachelor,0,25998,71,0,Personal Auto,Four-Door Car,791
CP93345,California,F,Bachelor,0,85300,73,0,Corporate Auto,Four-Door Car,319
CZ20440,California,F,High School or Below,0,0,62,0,Corporate Auto,Four-Door Car,403
KZ35883,California,F,College,0,91541,118,0,Personal Auto,Four-Door Car,51
SJ30138,California,M,High School or Below,0,0,118,0,Corporate Auto,SUV,566
AO77635,California,F,College,0,28987,102,0,Personal Auto,SUV,245
PJ36160,California,M,Bachelor,0,83589,103,0,Personal Auto,SUV,366
XT41916,California,F,High School or Below,0,0,72,0,Personal Auto,Four-Door Car,375
EA61783,California,F,Bachelor,0,35868,110,0,Personal Auto,SUV,528
IS12075,California,F,High School or Below,0,0,71,0,Corporate Auto,Four-Door Car,653
QV14053,California,M,High School or Below,0,53807,68,0,Personal Auto,Two-Door Car,63
ZZ68210,California,M,High School or Below,0,0,110,0,Personal Auto,Four-Door Car,1004
BT57285,California,M,High School or Below,0,0,124,0,Personal Auto,SUV,595
UF88512,California,M,Bachelor,0,57517,96,0,Corporate Auto,Four-Door Car,460
RI76399,California,F,High School or Below,0,37109,63,0,Corporate Auto,Two-Door Car,302
OY95386,California,F,Bachelor,0,0,115,0,Personal Auto,SUV,552
BJ58596,California,F,High School or Below,0,0,72,0,Corporate Auto,Two-Door Car,518
HV75193,California,F,Master,0,26924,73,0,Personal Auto,Four-Door Car,262
LI81655,California,M,Master,0,21586,167,0,Personal Auto,Sports Car,801
XP61922,California,F,Bachelor,0,89451,63,0,Personal Auto,Four-Door Car,61
JA12512,California,F,Bachelor,0,97424,68,0,Personal Auto,Two-Door Car,230
FP20500,California,M,Bachelor,0,0,89,0,Corporate Auto,Two-Door Car,850
MS88882,California,M,College,0,24636,77,0,Personal Auto,Two-Door Car,480
QH52104,California,M,Master,0,0,104,0,Personal Auto,Four-Door Car,499
BM92346,California,F,High School or Below,0,66676,97,0,Personal Auto,Four-Door Car,558
NS23754,California,F,High School or Below,0,21375,65,0,Corporate Auto,Four-Door Car,312
ZG54759,California,F,College,0,41408,73,0,Corporate Auto,Four-Door Car,268
LI31082,California,F,Bachelor,0,73054,106,0,Personal Auto,SUV,419
UY51200,California,M,College,0,77104,112,0,Corporate Auto,SUV,436
UV44323,California,F,College,0,0,133,0,Personal Auto,SUV,638
TO55166,California,M,Bachelor,0,72766,65,0,Personal Auto,Two-Door Car,91
TZ28073,California,M,Bachelor,0,23352,112,0,Personal Auto,SUV,537
UF31027,California,F,College,0,76778,107,0,Personal Auto,SUV,500
UV48386,California,M,Master,0,40154,67,0,Corporate Auto,Four-Door Car,360
HO74982,California,F,Bachelor,0,74888,68,0,Personal Auto,Two-Door Car,335
BD12981,California,F,College,0,39337,74,0,Personal Auto,Four-Door Car,277
JC18314,California,M,Bachelor,0,28121,90,0,Personal Auto,Two-Door Car,432
BP90016,California,M,Master,0,78032,103,0,Corporate Auto,SUV,323
PS23376,California,F,High School or Below,0,69668,70,0,Corporate Auto,Two-Door Car,64
LX30483,California,F,College,0,0,102,0,Personal Auto,SUV,489
FQ93665,California,F,High School or Below,0,21911,67,0,Corporate Auto,Four-Door Car,705
LG73224,California,M,High School or Below,0,52572,68,0,Personal Auto,Four-Door Car,379
WJ92113,California,F,Bachelor,0,91061,116,0,Personal Auto,Four-Door Car,556
ZT26848,California,M,High School or Below,0,40447,105,0,Personal Auto,SUV,377
SO42230,California,F,Master,0,22490,90,0,Personal Auto,Two-Door Car,88
VB65967,California,M,Bachelor,0,49331,138,0,Personal Auto,SUV,386
ED82243,California,M,College,0,26806,63,0,Personal Auto,Four-Door Car,302
AU62013,California,F,Doctor,0,67572,102,0,Personal Auto,Sports Car,296
TT68630,California,F,Bachelor,0,90213,83,0,Personal Auto,Two-Door Car,398
RV82726,California,M,High School or Below,0,22768,112,0,Personal Auto,Four-Door Car,537
VC11777,California,F,High School or Below,0,80521,65,0,Personal Auto,Four-Door Car,342
HZ68892,California,M,College,0,85245,115,0,Personal Auto,Sports Car,556
RY44243,California,F,College,0,65602,73,0,Personal Auto,Four-Door Car,61
DR77989,California,M,College,0,0,68,0,Personal Auto,Four-Door Car,199
PU25344,California,M,Bachelor,0,0,106,0,Personal Auto,SUV,1247
NC80854,California,F,College,0,0,71,0,Personal Auto,Four-Door Car,511
PG90331,California,M,College,0,11656,70,0,Personal Auto,Two-Door Car,336
TI14001,California,M,College,0,60920,64,0,Corporate Auto,Two-Door Car,231
FP51143,California,M,College,0,0,62,0,Corporate Auto,Two-Door Car,446
LK19630,California,F,High School or Below,0,52216,72,0,Personal Auto,Four-Door Car,362
JK16503,California,M,High School or Below,0,0,67,0,Personal Auto,Two-Door Car,321
WG29557,California,M,Master,0,74919,63,0,Personal Auto,Four-Door Car,206
EQ96084,California,F,Bachelor,0,33963,99,0,Corporate Auto,Four-Door Car,222
WH28633,California,M,College,0,75041,74,0,Personal Auto,Four-Door Car,56
KN50049,California,M,College,0,24054,176,0,Personal Auto,SUV,1133
RN48574,California,F,College,0,18577,86,0,Corporate Auto,Four-Door Car,412
PD11073,California,F,College,0,35045,96,0,Personal Auto,Four-Door Car,420
FS86064,California,M,Bachelor,0,0,64,0,Personal Auto,Four-Door Car,426
JU47573,California,F,Bachelor,0,0,64,0,Personal Auto,Four-Door Car,482
VN59368,California,F,College,0,72608,82,0,Personal Auto,Four-Door Car,393
UI19516,California,M,College,0,65620,213,0,Corporate Auto,Luxury Car,766
ZV55368,California,M,High School or Below,0,75650,71,0,Corporate Auto,Four-Door Car,104
OS54451,California,M,Bachelor,0,31964,67,0,Personal Auto,Four-Door Car,120
IP93821,California,F,High School or Below,0,25147,101,0,Personal Auto,SUV,694
AR17553,California,M,Master,0,22944,80,0,Corporate Auto,Four-Door Car,488
SM10031,California,M,Master,0,0,78,0,Personal Auto,Four-Door Car,398
CK14803,California,M,College,0,94242,107,0,Personal Auto,SUV,52
CJ35075,California,F,High School or Below,0,0,68,0,Personal Auto,Four-Door Car,326
NA56063,California,M,College,0,0,132,0,Corporate Auto,SUV,904
CA62597,California,F,Bachelor,0,0,101,0,Corporate Auto,SUV,978
ZO23305,California,M,Bachelor,0,25632,63,0,Personal Auto,Two-Door Car,351
UD20999,California,M,Master,0,0,68,0,Corporate Auto,Four-Door Car,326
FQ66351,California,F,Bachelor,0,33681,138,0,Personal Auto,SUV,873
AB69140,California,M,Master,0,36007,70,0,Personal Auto,Four-Door Car,336
CT53265,California,F,College,0,18834,69,0,Personal Auto,Two-Door Car,453
WN91223,California,M,Master,0,82807,92,0,Personal Auto,Four-Door Car,302
MP48946,California,F,High School or Below,0,72021,62,0,Corporate Auto,Two-Door Car,50
NE79174,California,M,Bachelor,0,41228,70,0,Personal Auto,Two-Door Car,336
UI77960,California,F,High School or Below,0,39834,83,0,Personal Auto,Four-Door Car,398
VD69291,California,M,College,0,22415,69,0,Personal Auto,Four-Door Car,352
XD54132,California,F,High School or Below,0,61900,64,0,Corporate Auto,Four-Door Car,307
AT33529,California,F,Doctor,0,30893,70,0,Corporate Auto,Four-Door Car,85
AT79008,California,F,Bachelor,0,40006,114,0,Personal Auto,Two-Door Car,132
UZ14076,California,F,High School or Below,0,89546,266,0,Corporate Auto,Luxury SUV,2452
EP10645,California,M,College,0,0,86,0,Personal Auto,Four-Door Car,538
PW78930,California,M,Bachelor,0,79523,74,0,Personal Auto,Four-Door Car,132
ZC97968,California,M,College,0,17533,73,0,Personal Auto,Two-Door Car,350
SF30642,California,M,High School or Below,0,49706,113,0,Personal Auto,SUV,617
AH22694,California,M,Doctor,0,24317,73,0,Corporate Auto,Four-Door Car,350
SM87252,California,M,College,0,77498,74,0,Personal Auto,Two-Door Car,249
MA60552,California,M,Bachelor,0,28088,102,0,Personal Auto,SUV,489
PE51299,California,M,High School or Below,0,73026,67,0,Personal Auto,Four-Door Car,321
JR22900,California,F,College,0,36153,117,0,Corporate Auto,Sports Car,323
DP19210,California,F,Master,0,23823,115,0,Corporate Auto,Sports Car,567
XP76338,California,M,Bachelor,0,24843,61,0,Personal Auto,Four-Door Car,331
MW46400,California,F,High School or Below,0,0,106,0,Corporate Auto,Four-Door Car,763
FB71914,California,M,College,0,0,89,0,Personal Auto,Four-Door Car,469
OH15780,California,M,College,0,88340,102,0,Personal Auto,Two-Door Car,489
QO56615,California,F,College,0,13535,80,0,Personal Auto,Four-Door Car,384
EL67979,California,M,College,0,22346,64,0,Personal Auto,Four-Door Car,307
OW68478,California,M,High School or Below,0,17101,113,0,Corporate Auto,SUV,542
SF13677,California,M,High School or Below,0,0,81,0,Personal Auto,Four-Door Car,583
MP80287,California,F,College,0,0,90,0,Personal Auto,Two-Door Car,432
UK45178,California,F,Bachelor,0,0,67,0,Personal Auto,Two-Door Car,482
JC29850,California,M,Bachelor,0,0,67,0,Corporate Auto,Two-Door Car,321
IK44574,California,M,Bachelor,0,28483,72,0,Corporate Auto,Four-Door Car,345
KE98143,California,F,Master,0,89362,67,0,Personal Auto,Four-Door Car,116
XN28388,California,F,College,0,0,66,0,Corporate Auto,Four-Door Car,523
AX38728,California,M,College,0,0,81,0,Personal Auto,Two-Door Car,388
IX18485,California,F,High School or Below,0,27443,86,0,Personal Auto,Four-Door Car,685
KB42322,California,F,Bachelor,0,70829,85,0,Personal Auto,Four-Door Car,553
RW54189,California,M,Bachelor,0,23504,73,0,Personal Auto,Four-Door Car,350
FV70604,California,F,Bachelor,0,0,142,0,Corporate Auto,SUV,880
PC23709,California,F,Bachelor,0,74905,72,0,Personal Auto,Four-Door Car,167
RB75458,California,M,High School or Below,0,0,65,0,Personal Auto,Four-Door Car,712
RX14132,California,M,High School or Below,0,25926,61,0,Personal Auto,Two-Door Car,292
AF36894,California,M,Bachelor,0,33640,113,0,Corporate Auto,SUV,542
UY32623,California,F,College,0,18213,96,0,Corporate Auto,Four-Door Car,460
AL95338,California,F,High School or Below,0,0,91,0,Personal Auto,Four-Door Car,655
WL28610,California,F,High School or Below,0,0,116,0,Corporate Auto,SUV,556
AC73173,California,M,Bachelor,0,0,102,0,Personal Auto,SUV,610
GV76798,California,F,Master,0,30361,119,0,Personal Auto,Four-Door Car,373
SP29219,California,M,College,0,0,105,0,Personal Auto,Four-Door Car,504
CI30899,California,F,College,0,0,68,0,Personal Auto,Two-Door Car,326
MI49191,California,M,Bachelor,0,96060,117,0,Corporate Auto,Four-Door Car,561
YP16210,California,F,College,0,25398,74,0,Personal Auto,Four-Door Car,465
CO91673,California,F,Bachelor,0,29031,61,0,Personal Auto,Four-Door Car,292
CC93587,California,M,College,0,92949,74,0,Personal Auto,Two-Door Car,337
MX48796,California,F,Bachelor,0,0,68,0,Corporate Auto,Four-Door Car,356
IC80537,California,M,College,0,46900,66,0,Corporate Auto,Four-Door Car,316
AA93585,California,M,College,0,97024,177,0,Personal Auto,SUV,686
SR41132,California,F,High School or Below,0,0,94,0,Corporate Auto,Two-Door Car,848
IT11766,California,F,Bachelor,0,61896,104,0,Personal Auto,SUV,461
QO68842,California,F,Doctor,0,39317,64,0,Personal Auto,Four-Door Car,77
RY47606,California,M,Bachelor,0,43987,96,0,Personal Auto,Four-Door Car,460
CX22458,California,M,Master,0,37722,116,0,Personal Auto,Sports Car,158
TL44525,California,M,Bachelor,0,78618,66,0,Corporate Auto,Two-Door Car,225
CZ57208,California,F,Bachelor,0,30205,195,0,Personal Auto,Luxury SUV,1329
LM97847,California,M,College,0,57023,67,0,Personal Auto,Four-Door Car,250
IK96366,California,M,College,0,36918,76,0,Personal Auto,Two-Door Car,364
SJ86522,California,M,High School or Below,0,0,102,0,Corporate Auto,SUV,956
UU42868,California,M,High School or Below,0,0,153,0,Corporate Auto,SUV,1027
GX11087,California,F,High School or Below,0,0,109,0,Personal Auto,SUV,666
JR41742,California,M,College,0,0,108,0,Corporate Auto,SUV,1254
RA89822,California,F,High School or Below,0,20090,109,0,Personal Auto,Sports Car,523
IJ25462,California,M,Bachelor,0,86631,73,0,Personal Auto,Four-Door Car,400
ZP86347,California,F,College,0,44019,138,0,Personal Auto,SUV,165
HO82823,California,F,Bachelor,0,59367,84,0,Personal Auto,Four-Door Car,6
EA54906,California,F,High School or Below,0,38874,94,0,Corporate Auto,Four-Door Car,331
BC64697,California,F,College,0,0,107,0,Personal Auto,Four-Door Car,513
VV68726,California,F,High School or Below,0,28647,69,0,Personal Auto,Four-Door Car,331
QR91631,California,F,High School or Below,0,51205,72,0,Personal Auto,Two-Door Car,185
OT56964,California,M,Master,0,46897,118,0,Corporate Auto,SUV,322
YX35990,California,M,Master,0,56005,68,0,Corporate Auto,Four-Door Car,326
RN61682,California,F,Bachelor,0,0,72,0,Personal Auto,Four-Door Car,518
BB10681,California,F,College,0,0,123,0,Corporate Auto,SUV,590
FH43628,California,F,College,0,13663,97,0,Personal Auto,Four-Door Car,465
WZ45103,California,F,Bachelor,0,0,76,0,Personal Auto,Four-Door Car,364
CB59349,California,M,Master,0,60646,134,0,Personal Auto,SUV,643
RX91025,California,M,High School or Below,0,0,185,0,Personal Auto,SUV,1950
AC13887,California,M,Bachelor,0,0,67,0,Corporate Auto,Two-Door Car,482
TF56202,California,M,College,0,66367,64,0,Personal Auto,Two-Door Car,307
YM19146,California,F,College,0,47761,104,0,Personal Auto,Four-Door Car,541
LA72316,California,M,Bachelor,0,71941,73,0,Personal Auto,Four-Door Car,198
PK87824,California,F,College,0,21604,79,0,Corporate Auto,Four-Door Car,379
TD14365,California,M,Bachelor,0,0,85,0,Corporate Auto,Four-Door Car,790
UP19263,California,M,College,0,21941,96,0,Personal Auto,Four-Door Car,691
Y167826,California,M,College,0,0,77,0,Corporate Auto,Two-Door Car,369
